timestamp,market,condition_id,outcome,price_cents,size,notional_usd,type,tx_hash
2026-06-04 18:32:45,France vs. Côte d'Ivoire: Both Teams to Score,0xa818d09a818e40f197c9534b4f986c2693d8d096fe3eb94b3106dd72f55a5c74,Yes,46.00,7.38,,,0x12fb7d4cc91f8e7d2ef84b1502a774b32f6d9e0f43cf27534cb73d574039161b
2026-06-04 18:32:45,"Bitcoin Up or Down - June 4, 2:30PM-2:35PM ET",0x51dcfba27586c391de127ab5a8e9baa4680d301a39f09db459e9b05f49102973,Down,64.00,5,,,0x8ae6caba3ddc7552e38a6ab5a533ea7a07f67f69a109dbc40fb988ff9f7c0a0f
2026-06-04 18:32:45,"Bitcoin Up or Down - June 4, 2:30PM-2:35PM ET",0x51dcfba27586c391de127ab5a8e9baa4680d301a39f09db459e9b05f49102973,Down,64.00,3.125,,,0xf3429d89e0739b87cb4db02403c90e07682d2d5c9be57c1298abc1de5b9628e8
2026-06-04 18:32:45,"Bitcoin Up or Down - June 4, 2:30PM-2:35PM ET",0x51dcfba27586c391de127ab5a8e9baa4680d301a39f09db459e9b05f49102973,Down,64.00,3.125,,,0x1e53bfb9ddbe8d0aba2c6e2aefba178d9eef8dde5e487f75a04c1631b46c9dcb
2026-06-04 18:32:45,"Bitcoin Up or Down - June 4, 2:30PM-2:35PM ET",0x51dcfba27586c391de127ab5a8e9baa4680d301a39f09db459e9b05f49102973,Up,36.00,14.21,,,0xdb8cff5c30b7dd8c8119e13a7884f9d985daa384417be43ce5ff1a85fd37fbfc
2026-06-04 18:32:45,"Bitcoin Up or Down - June 4, 2:30PM-2:35PM ET",0x51dcfba27586c391de127ab5a8e9baa4680d301a39f09db459e9b05f49102973,Down,64.00,3.125,,,0x268f6123dbdb5be94f322815dca928703555f17c1e6f5fce538397338c80d563
2026-06-04 18:32:45,"Bitcoin Up or Down - June 4, 2:30PM-2:35PM ET",0x51dcfba27586c391de127ab5a8e9baa4680d301a39f09db459e9b05f49102973,Down,64.00,5,,,0x8bce8f9d11b816709b40bf5414e2c31f445a6c1d785f0be31c8604550e86685b
2026-06-04 18:32:45,"Solana Up or Down - June 4, 2:35PM-2:40PM ET",0x34eedf44aca70e0218841e1cd8079008108d63925bfb3b9dd23b8ef7f3aacce9,Up,51.31,33.250768,,,0x27bcbfd1fe53383467bb85b98c4ccc9bb91fc02d31156ca22bb84786931e9be3
2026-06-04 18:32:45,"Bitcoin Up or Down - June 4, 2:30PM-2:35PM ET",0x51dcfba27586c391de127ab5a8e9baa4680d301a39f09db459e9b05f49102973,Up,37.00,5.405404,,,0x2cb9936f1764406eecbbebb7eea8e38a863f902140d1b71f22acad80f50df006
2026-06-04 18:32:45,Will the highest temperature in San Francisco be between 64-65°F on June 4?,0x2590e4d7afdcd54b1a44ead2465f46ccd1c913918e36fe02271c41ee13a90635,Yes,0.10,0.02,,,0x8f3d14c136db7d27ad202688618e36823e7cb3f1a2ee9230f750f66877d494a5
2026-06-04 18:32:45,San Francisco Giants vs. Milwaukee Brewers,0xea40d14a5a09949432159e0c40b9f4ebaf86e2bfc5f542246516c75ef6da385d,Milwaukee Brewers,46.00,40.869564,,,0x62dd69639d5666c7b8f8fb7c02970714e52757e67cbe77099076cbd6dcc36ace
2026-06-04 18:32:45,"Bitcoin Up or Down - June 4, 2:30PM-2:35PM ET",0x51dcfba27586c391de127ab5a8e9baa4680d301a39f09db459e9b05f49102973,Up,37.00,5.405404,,,0x4dc265546baf1f25f9946e0375eef1e170a985153828c2a68f384a67f49d9086
2026-06-04 18:32:45,"Bitcoin Up or Down - June 4, 2:30PM-2:35PM ET",0x51dcfba27586c391de127ab5a8e9baa4680d301a39f09db459e9b05f49102973,Up,37.00,4.62162,,,0xb7262295c2a89b87768101bd4c2e35fad62c22686c976a86afb1b52ea68be501
2026-06-04 18:32:45,"Will the price of Bitcoin be above $58,000 on June 7?",0x3036d0910ca2924d3591bad67453b3720984642ab235bc81a5de81c2da8036e3,Yes,98.00,4989,,,0x13bebfc18594459bd8047d52e7c4daeb7d596caf749d937e3ec97a92fd54eb80
2026-06-04 18:32:45,"Bitcoin Up or Down - June 4, 2:30PM-2:35PM ET",0x51dcfba27586c391de127ab5a8e9baa4680d301a39f09db459e9b05f49102973,Down,64.00,1.5625,,,0x6f5c4409bf196d0696f1513a21157fa8611ab91228669706cf39f7c3ec006783
2026-06-04 18:32:45,Will Nithya Raman win the 2026 Los Angeles mayoral election?,0x694595d0a008f10e4701285d071e4b08407495f6f8a6bd8cbdd7de522fa9b463,No,77.20,2.590672,,,0x36ce5653da06c42c5aa61a0da7619464457328e64fd6a42d166993551844c9ce
2026-06-04 18:32:45,"Bitcoin Up or Down - June 4, 2:30PM-2:35PM ET",0x51dcfba27586c391de127ab5a8e9baa4680d301a39f09db459e9b05f49102973,Up,37.00,7.513512,,,0xc7be19c5857ad50212a0320ea9f479bd3090c10206578ba108425b5d1ca08164
2026-06-04 18:32:45,"Bitcoin Up or Down - June 4, 2:30PM-2:35PM ET",0x51dcfba27586c391de127ab5a8e9baa4680d301a39f09db459e9b05f49102973,Up,37.00,6.486485,,,0x79aaba651cc2aed43c42593397a03224f7c237346a394e941ebadf104a459527
2026-06-04 18:32:45,"Bitcoin Up or Down - June 4, 2:30PM-2:35PM ET",0x51dcfba27586c391de127ab5a8e9baa4680d301a39f09db459e9b05f49102973,Down,64.00,5,,,0x2240e38149cf9e229b7c0ce7fa8361a3f44b5948ce1da7964e8e72cb0582cdeb
2026-06-04 18:32:45,"Bitcoin Up or Down - June 4, 2:30PM-2:35PM ET",0x51dcfba27586c391de127ab5a8e9baa4680d301a39f09db459e9b05f49102973,Up,37.00,13.513512,,,0xc774b646fff07b7f3f1011042a9465fe7fa32eaf1e31aead6ad91b950891d946
2026-06-04 18:32:45,Will the highest temperature in Wuhan be 36°C on June 5?,0xfda0a41538cac28a9beb3b94cbfcafe5783cef354fa6f9fe2ef1b74c383b5ddc,Yes,1.40,3.42,,,0x8b1fd7317ac551ef87d90e88301bee2c262c2ffd0db736aeded029b6ca90ed93
2026-06-04 18:32:45,"Bitcoin Up or Down - June 4, 2:30PM-2:35PM ET",0x51dcfba27586c391de127ab5a8e9baa4680d301a39f09db459e9b05f49102973,Down,64.00,1.5625,,,0x9e4f1cf3d8c857b9cac245e15f1b9160716f05efb6233798fc3a13b7d6909953
2026-06-04 18:32:45,"Bitcoin Up or Down - June 4, 2:30PM-2:35PM ET",0x51dcfba27586c391de127ab5a8e9baa4680d301a39f09db459e9b05f49102973,Up,37.00,5.405404,,,0x540d90c55c57e6de8a01a0b23cef27051c707e95f441b75ff48cb92fd5d3b9ae
2026-06-04 18:32:45,Counter-Strike: M80 vs NRG - Map 2 Winner,0x57713f6aa15c35ce6185819f4b554fa3f3cac40a7617116f1098bef9afec829f,M80,49.00,34.693876,,,0x03db3c2f2fd877b1ab4a016d8bb6185ec9907edb783e4194f4e4adff9c0d84b4
2026-06-04 18:32:45,"Ethereum Up or Down - June 4, 2:30PM-2:35PM ET",0x86ef98a9e5ca2ea5dc2e9053559b1221ff292d54ba6752bf6e3a5c5b5f426eef,Down,90.00,0.7,,,0x1be39b0385e08a2d3699f3a525fd4135ee1204d46714a128a3f570f6d0d2a1c3
2026-06-04 18:32:45,Reyer Venezia vs. Virtus Bologna,0x293c0d35a1c186efc463b52aead86f45239ea84eaa0465dd918a0c55dfd6dea4,Reyer Venezia,37.00,2.702701,,,0x94de02c0c7422ad11af578d8fafaa3cb0ece54e55d38e5fc231ddc1b9f489e56
2026-06-04 18:32:45,Spread: Sweden (-1.5),0xe896d7b10fafe90d9ffce055c04e1e0f10e4c53b19dd645f50677ac096fec888,Sweden,24.00,633.33,,,0x22e0bf8043abc69b21e5e746d9fe91510aff7a625c088f3fd3c5af009796860f
2026-06-04 18:32:45,Will Argentina win the 2026 FIFA World Cup?,0x0c4cd2055d6ea89354ffddc55d6dbcef9355748112ea952fc925f3db6a5c457f,Yes,8.90,67.415729,,,0x65f2212c75f6ad5b0234f0771edd89999792028c7ab667ca4160e3ab6ab701e5
2026-06-04 18:32:45,"Bitcoin Up or Down - June 4, 2:30PM-2:35PM ET",0x51dcfba27586c391de127ab5a8e9baa4680d301a39f09db459e9b05f49102973,Up,36.00,25.1,,,0x52f647e92aa7d11c8e93f9b0f7009593b6beca35d8f6412f5950c088356b9726
2026-06-04 18:32:45,Will Nikki Haley win the 2028 US Presidential Election?,0xe0173375b7eaccb836f7b92d28a9a2d1cc69e54e5a65fae89a5d7e49aadd332e,No,99.30,0.96,,,0x379740d17dcf3c1bb06f157abc810ad5cc166f739a983c0b84313a270ebbaad2
2026-06-04 18:32:45,"Bitcoin Up or Down - June 4, 2:30PM-2:35PM ET",0x51dcfba27586c391de127ab5a8e9baa4680d301a39f09db459e9b05f49102973,Down,64.00,10,,,0xbbc9203603ff03c64ab8f75dd9db8b1cb2445b4f913696251cb519a203561aac
2026-06-04 18:32:45,Will the highest temperature in New York City be between 86-87°F on June 4?,0xe2787237e88e6ded1a7ad389b4340ca4bc17e4d16413be5e17e8805f30ea1329,No,51.00,0.01,,,0x046ee4b812ecf23781f18b7979f557b29e4383cd6d65ff507ca3d8cd53912bb9
2026-06-04 18:32:45,"Bitcoin Up or Down - June 4, 2:30PM-2:35PM ET",0x51dcfba27586c391de127ab5a8e9baa4680d301a39f09db459e9b05f49102973,Up,37.00,6.97,,,0x65e36d40d7c408a6d5f5e0f4b5cf3d34dcfb2f4dc21bfb47d7007d2ac5f8bbba
2026-06-04 18:32:45,Map Handicap: Lavked (-1.5) vs MANA eSports (+1.5),0x56c2fd37a0ac1f07f4d35e0503a68a4c0dc6ff0b9f0e76ac5b6c2be553e84b57,MANA eSports,60.00,166.666665,,,0xd3f3ca1cc50845c497f9d4bfc18be3d8b094d7c35b8347c7599e19eb652793dc
2026-06-04 18:32:45,Counter-Strike: Liquid vs Heroic - Map 2 Winner,0xff5ee1b61898d96c561eafefb9da580a67f07848a33ab3257a53c32ae4634223,Heroic,24.00,200,,,0x579e4804464693b9f292a2eea6d709854a16f06146cde6195ed123622fbf1d09
2026-06-04 18:32:45,"Bitcoin Up or Down - June 4, 2:30PM-2:35PM ET",0x51dcfba27586c391de127ab5a8e9baa4680d301a39f09db459e9b05f49102973,Down,63.00,34.8,,,0xf2b0cd3c39aa668723dff597c1e30c97bde47dfbe5b3fda94c177e3bdf2e8d3e
2026-06-04 18:32:45,Will Reza Pahlavi lead Iran in 2026?,0xaa5cdb6830cbfa2ca711b7cf93bd42cf4f8e062d44ea188c0b8ec1fb2924c083,No,94.90,12.634333,,,0x478bb27a04e9fb7cbce2aaa2ccb1e3a21474b71a9f4f481d7e2bdd6043364e88
2026-06-04 18:32:45,"Bitcoin Up or Down - June 4, 2:30PM-2:35PM ET",0x51dcfba27586c391de127ab5a8e9baa4680d301a39f09db459e9b05f49102973,Down,64.00,6.25,,,0xa765dac8e61c2be735932c61fce2d32d8e1589f6ce3dd42f131c4a3a05f19048
2026-06-04 18:32:45,"Bitcoin Up or Down - June 4, 2:30PM-2:35PM ET",0x51dcfba27586c391de127ab5a8e9baa4680d301a39f09db459e9b05f49102973,Down,64.00,1.5625,,,0x247e7e97b8d7f524f5405ed405623ed4052562f2557455c49d7d6c37e7f4b41c
2026-06-04 18:32:45,San Diego Padres vs. Philadelphia Phillies,0x688fc364252fa2059687177955af02b7bfd5a21778b6f8c168dd174ec422ee98,San Diego Padres,9.00,10.03,,,0x9ebf5177fe9c06f5dd479786bc5e8cd18f722c33ce50d7126f4d9cb4882b519d
2026-06-04 18:32:45,Andorra vs. Liechtenstein: O/U 1.5,0x55e2210dc226d7f1c2e6454c0a7ff423e1652a17b89d0aa4bc6c9bd4aa9c2e87,Over,37.00,2.702701,,,0x6593b04ac78d535e4fd4eff29df1ae44085327d799d4e4ea92ed62c65f84ed14
2026-06-04 18:32:45,"Bitcoin Up or Down - June 4, 2:30PM-2:35PM ET",0x51dcfba27586c391de127ab5a8e9baa4680d301a39f09db459e9b05f49102973,Down,64.00,31.25,,,0x3b43b0d6fca43a1032f4a8fdde3e3a78d7dcf4335844253478dc8f7c20e5c363
2026-06-04 18:32:45,Will the highest temperature in Atlanta be between 92-93°F on June 5?,0x13b6b3c83b4512edd0caae8b1c1c708ebb4492d7420a651508221107c9d3bbeb,No,99.60,1.37,,,0xa250f2579b613112dfb152c64b5fa16bfe1f7ffa231093949151e7bea2686e62
2026-06-04 18:32:45,"Bitcoin Up or Down - June 4, 2:30PM-2:35PM ET",0x51dcfba27586c391de127ab5a8e9baa4680d301a39f09db459e9b05f49102973,Up,37.00,6,,,0xe49f328747e4234bf31e8e347afc0c37eecb5ac09e6c9c9e51a65be987acdc57
2026-06-04 18:32:45,"Will the price of Bitcoin be above $58,000 on June 7?",0x3036d0910ca2924d3591bad67453b3720984642ab235bc81a5de81c2da8036e3,Yes,98.00,11,,,0x31dd423d0041196478917c6ef368d7f2ad47f9e4944d68f981c82fd2c4ae987b
2026-06-04 18:32:45,"Will Bitcoin dip to $62,000 on June 4?",0x15cc16d6a9cc568d3cd07606a76baf6e84d10d7e93f803ea111611ff9ec2f4b4,Yes,12.00,10,,,0xa7754bdacf0df33afb36652cb3b09cdaa9052eddbfa63bd088f05d0515b77070
2026-06-04 18:32:45,Will the highest temperature in Atlanta be between 80-81°F on June 4?,0x05bd15e1726bc1e0dde626ec6586d069c5ff8b23318b810e59ccf3658937fe67,Yes,24.00,13.06,,,0x3fa13ca3de93e8fb30be534752fa47fa926c49bfec9c5728b497c0c6dbd93449
2026-06-04 18:32:45,Will Alireza Arafi be head of state in Iran end of 2026?,0xa1b6ebba4e86fe9bfb2c206dba71be111d2e1047d7b74125eb223c1b3da7ebd6,No,98.70,119,,,0x637035c0080f54545bca2f9e577bb1c83d645bd6bc8c69511d0a6d1b9d13265b
2026-06-04 18:32:45,Will Alireza Arafi be head of state in Iran end of 2026?,0xa1b6ebba4e86fe9bfb2c206dba71be111d2e1047d7b74125eb223c1b3da7ebd6,No,98.70,168,,,0x4b307ee71f6a4b0d42678a8f46a135dc0e7991ae18b65d2d8a0901163df8b272
2026-06-04 18:32:45,"Bitcoin Up or Down - June 4, 2:30PM-2:35PM ET",0x51dcfba27586c391de127ab5a8e9baa4680d301a39f09db459e9b05f49102973,Up,36.00,12.5,,,0x03ef2e3cd644ab78f440f20763d4a4cc1fda48bc7b5590ed64db19f3a8910709
2026-06-04 18:32:45,San Francisco Giants vs. Milwaukee Brewers,0xea40d14a5a09949432159e0c40b9f4ebaf86e2bfc5f542246516c75ef6da385d,Milwaukee Brewers,44.51,40.127658,,,0x497a684c741a19c4d70c924d31c6fb9ac6145a1225a8333bd1065386fa8d1e7a
2026-06-04 18:32:45,"Will the price of Bitcoin be above $68,000 on June 7?",0x9277cfbbf7d1c01728cbb844997c7f91d83c1be99bf41067726b1a3ccc9ab4a0,No,94.40,5,,,0x80aa4bc172fb1a7ff9d016fcff9673a02eaa730206192717a58246b8b07f1677
2026-06-04 18:32:45,San Francisco Giants vs. Milwaukee Brewers,0xea40d14a5a09949432159e0c40b9f4ebaf86e2bfc5f542246516c75ef6da385d,Milwaukee Brewers,46.00,40.869564,,,0x5076dea2e264d16a8b6107b3f4272f226133cfde8ab82e787a5a8e895e62f55c
2026-06-04 18:32:45,"Bitcoin Up or Down - June 4, 2:30PM-2:35PM ET",0x51dcfba27586c391de127ab5a8e9baa4680d301a39f09db459e9b05f49102973,Up,37.00,15.756755,,,0x842a91062e78b398dd886937a9ad77557cd0b611d9beee83b291f9217a7869b1
2026-06-04 18:32:45,Will the highest temperature in Wuhan be 36°C on June 5?,0xfda0a41538cac28a9beb3b94cbfcafe5783cef354fa6f9fe2ef1b74c383b5ddc,No,93.90,1.22,,,0xd7600b16820e6a7b22d426ec202427bbd846037afac7ff1cb034fba0b6f1f3eb
2026-06-04 18:32:43,Exact Score: Sweden 1 - 1 Greece?,0xda1dd3e3f8fd9586d5e540ed15417b0a380015e40b450b01c1616a71974369f0,No,99.00,24.26,,,0x69a4a540a2897468c593a05bc510d8486ea266c349279b7e3261ba7911b91d5b
2026-06-04 18:32:43,"Solana Up or Down - June 4, 2:30PM-2:35PM ET",0x4908916f4e744dc6dcdc604e790a5e2fa2a7c0174afa21cb1638dc2aaa665149,Down,76.00,2,,,0x18eded873d0f38c702f93676518ef7ebf52a946e46a391cbad7d6ba244d9d0fd
2026-06-04 18:32:43,"Bitcoin Up or Down - June 4, 2:30PM-2:35PM ET",0x51dcfba27586c391de127ab5a8e9baa4680d301a39f09db459e9b05f49102973,Up,37.00,7.513512,,,0x6b6226e839c68417052d7dad706d4b482a909d1c8af76c18a17aa23d5d930282
2026-06-04 18:32:43,"Bitcoin Up or Down - June 4, 2:30PM-2:35PM ET",0x51dcfba27586c391de127ab5a8e9baa4680d301a39f09db459e9b05f49102973,Up,37.00,5.405404,,,0xd8d689e56b51beb1fc6a98f725a73730afed86ac6da58b3e626f1fed6bb70d74
2026-06-04 18:32:43,"Bitcoin Up or Down - June 4, 2:30PM-2:45PM ET",0x061b207481cf9dc7bad7c8bd43dc5ab08279152de197ef0c762d58cebb490386,Down,58.00,2,,,0xe9a3bf94147c2ab26e6330f6a8fea1a5495f437e56efed247259d40d7ff2eac7
2026-06-04 18:32:43,"Bitcoin Up or Down - June 4, 2:30PM-2:35PM ET",0x51dcfba27586c391de127ab5a8e9baa4680d301a39f09db459e9b05f49102973,Down,64.00,3.125,,,0xd4d78db421194b4963316c50ac0467216ddf5528fc4d3fbe1b552b8449807f27
2026-06-04 18:32:43,"Bitcoin Up or Down - June 4, 2:30PM-2:35PM ET",0x51dcfba27586c391de127ab5a8e9baa4680d301a39f09db459e9b05f49102973,Down,63.00,4.08,,,0x1636e65debb5bc1b20bdd746f8db7b0cc435d699befa36b28ac113db755c0715
2026-06-04 18:32:43,"Bitcoin Up or Down - June 4, 2:30PM-2:35PM ET",0x51dcfba27586c391de127ab5a8e9baa4680d301a39f09db459e9b05f49102973,Up,37.00,7.513512,,,0x5f575b7ab6e9d35624e220d951d615cd817a82550266e4c57edc7b02c493f538
2026-06-04 18:32:43,"Bitcoin Up or Down - June 4, 2:30PM-2:35PM ET",0x51dcfba27586c391de127ab5a8e9baa4680d301a39f09db459e9b05f49102973,Up,36.00,26.31,,,0xcfaf686a4d019735296373a0a16dd6164598edff758bfed0b6efeee72e70d6a9
2026-06-04 18:32:43,"Bitcoin Up or Down - June 4, 2:30PM-2:35PM ET",0x51dcfba27586c391de127ab5a8e9baa4680d301a39f09db459e9b05f49102973,Up,37.00,6,,,0x6e985cbd59c8be995457289907d9fe09eff71f3bf5dd641c6a10dffceaf84ed4
2026-06-04 18:32:43,"Ethereum Up or Down - June 4, 2:30PM-2:45PM ET",0x0eda108c856a95c6c7500d6d9f0c485369bf3b129f46fd2834abccaa800bd387,Down,75.00,18,,,0x7de1e1b1c61294d2a5bb44a9fa56aecc24b59ae176408148669a937fc43c942b
2026-06-04 18:32:43,"Bitcoin Up or Down - June 4, 2PM ET",0x3abc093600d2793741018001059df76f55349e8d9e5737c23816bbb5a0f42225,Up,84.00,2.1,,,0xb2339a882183313d9ffb47792692833e0b413f00ca7cbbe8d0830e8eeeadff17
2026-06-04 18:32:43,"Bitcoin Up or Down - June 4, 2:30PM-2:35PM ET",0x51dcfba27586c391de127ab5a8e9baa4680d301a39f09db459e9b05f49102973,Up,38.00,7.710525,,,0x86fc245c2332587c1248d747e542630f335ad8b101adf1abc595acb933657469
2026-06-04 18:32:43,"Bitcoin Up or Down - June 4, 2:30PM-2:35PM ET",0x51dcfba27586c391de127ab5a8e9baa4680d301a39f09db459e9b05f49102973,Up,37.00,5.945944,,,0x9c9014676a129cebe632c2e119f7e4b8d3df6fbc7d8cee0b4fe8ccc70a0ce0b8
2026-06-04 18:32:43,Will Keiko Fujimori win the 2026 Peruvian presidential election?,0xc4c3dbcc37a957a817599b0bf9fb5bd6b62b19210b0f527fec57cb75c7ed150a,Yes,78.00,6.16,,,0xcbec5d5f3118f2e0575ec2294b45688814e9d2b770112672aad5b8f211f754bf
2026-06-04 18:32:43,"Bitcoin Up or Down - June 4, 2:30PM-2:45PM ET",0x061b207481cf9dc7bad7c8bd43dc5ab08279152de197ef0c762d58cebb490386,Down,57.00,14.92,,,0x531581515726fb1f3122440e5d305f72e1d2a65ca5145a7265693a73a885825c
2026-06-04 18:32:43,"Bitcoin Up or Down - June 4, 2:30PM-2:35PM ET",0x51dcfba27586c391de127ab5a8e9baa4680d301a39f09db459e9b05f49102973,Up,38.00,10.526314,,,0x67f6cfc8e241f4f3172075f4c8a447f08ce6438d5d8b5bab8cd8ed484715531e
2026-06-04 18:32:43,"Bitcoin Up or Down - June 4, 2:30PM-2:35PM ET",0x51dcfba27586c391de127ab5a8e9baa4680d301a39f09db459e9b05f49102973,Up,38.00,2.947367,,,0x5382499a80cd4155ae98d9ee2944b1cee507490044d3713c6fa9684a97db8993
2026-06-04 18:32:43,Will Israel Katz be the next Prime Minister of Israel?,0xb25a93dc8c0f28dc404f7ee41cf6788a9de054418bd068740849b4a2995486e9,No,99.60,1.5,,,0x8caf2be7ebe31cc60023420cb8ccf2e9027a97a47ddbe06884feb6c58eaca0b3
2026-06-04 18:32:43,Will the highest temperature in Wuhan be 36°C on June 5?,0xfda0a41538cac28a9beb3b94cbfcafe5783cef354fa6f9fe2ef1b74c383b5ddc,Yes,6.10,19.180326,,,0x5fcc0f0d239160253f0c8ede80d49984477406f1537591508ef3aa18501be3ab
2026-06-04 18:32:43,"Bitcoin Up or Down - June 4, 2:30PM-2:45PM ET",0x061b207481cf9dc7bad7c8bd43dc5ab08279152de197ef0c762d58cebb490386,Down,58.00,12,,,0x3ce12211c93891df11f2c9d72b3c8656881ac76bd58a6b2c66e5e28e10131883
2026-06-04 18:32:43,"Bitcoin Up or Down - June 4, 2:30PM-2:35PM ET",0x51dcfba27586c391de127ab5a8e9baa4680d301a39f09db459e9b05f49102973,Up,38.00,3.894735,,,0x7410301c9d7f09e839e69f1b3dbda0fe7990d7bad6f1aa937cedba28235a091b
2026-06-04 18:32:43,"Solana Up or Down - June 4, 2:30PM-2:35PM ET",0x4908916f4e744dc6dcdc604e790a5e2fa2a7c0174afa21cb1638dc2aaa665149,Down,76.00,0.36,,,0x74d6842afe90663862cf09043df9fae193759d72aae4502612344bbe0c3ba757
2026-06-04 18:32:43,"Bitcoin Up or Down - June 4, 2:30PM-2:35PM ET",0x51dcfba27586c391de127ab5a8e9baa4680d301a39f09db459e9b05f49102973,Up,37.00,25.08,,,0x7d8977436add7c7ce0f8fae7cd7acfac8851de6ccc16b998dc64b3b08203faba
2026-06-04 18:32:43,"Bitcoin Up or Down - June 4, 2:30PM-2:35PM ET",0x51dcfba27586c391de127ab5a8e9baa4680d301a39f09db459e9b05f49102973,Down,64.00,3.125,,,0x87c4e82315a39a488bd02a695c9dc0a9ac4c80cf8ae5e281537abcf74053ae15
2026-06-04 18:32:43,"Bitcoin Up or Down - June 4, 2:30PM-2:35PM ET",0x51dcfba27586c391de127ab5a8e9baa4680d301a39f09db459e9b05f49102973,Down,63.35,17,,,0x926caefcadad0e79807239c99229de955fa258796835776f9773d2915b1d1186
2026-06-04 18:32:43,"Bitcoin Up or Down - June 4, 2:30PM-2:35PM ET",0x51dcfba27586c391de127ab5a8e9baa4680d301a39f09db459e9b05f49102973,Up,37.00,10.270269,,,0xa506e066785a13ead0df4bc0da1cc6cc4f3fe68479b400fb0770971f5c6bfffe
2026-06-04 18:32:43,Will the highest temperature in Wuhan be 36°C on June 5?,0xfda0a41538cac28a9beb3b94cbfcafe5783cef354fa6f9fe2ef1b74c383b5ddc,Yes,5.96,40.97,,,0x7fd54f8330fc9ca0c6d54437fb1ed980e29ef168312d191580b46195f7c5b1e4
2026-06-04 18:32:43,"Bitcoin Up or Down - June 4, 2:30PM-2:35PM ET",0x51dcfba27586c391de127ab5a8e9baa4680d301a39f09db459e9b05f49102973,Up,38.00,6.5,,,0x45a2d4bdb18a9729538080d32ea55c4f0ce1360ddbfeabdc0858c5c5e9c9a461
2026-06-04 18:32:43,"Bitcoin Up or Down - June 4, 2:30PM-2:35PM ET",0x51dcfba27586c391de127ab5a8e9baa4680d301a39f09db459e9b05f49102973,Down,62.00,10,,,0xe34571d4f32c973322b190add8329be8261f932e7b117828f11d71269fc7b20f
2026-06-04 18:32:43,"Bitcoin Up or Down - June 4, 2:30PM-2:45PM ET",0x061b207481cf9dc7bad7c8bd43dc5ab08279152de197ef0c762d58cebb490386,Up,42.00,10.93,,,0x13ebd4f7e935f09737fd29d1d73904d4a4e9bd55a3442c8d81d511110f5a7ce6
2026-06-04 18:32:43,Strait of Hormuz traffic returns to normal by June 15?,0x46666ceb4c63814f38a8c83784ae10e1c2e1ef52e2db648372bd86dea521cf64,Yes,3.40,149.68,,,0x112a7cb06c575593d2bf0d7e07ef076c6e89d5ab38e1733ce0c07a8d476abfab
2026-06-04 18:32:43,"Solana Up or Down - June 4, 2:30PM-2:35PM ET",0x4908916f4e744dc6dcdc604e790a5e2fa2a7c0174afa21cb1638dc2aaa665149,Down,76.00,2.631575,,,0xb2e05504a29027a78bf02db4dbe770d7de6131d6bf49dd67c82f1ecf1060ee00
2026-06-04 18:32:42,"Bitcoin Up or Down - June 4, 2:30PM-2:35PM ET",0x51dcfba27586c391de127ab5a8e9baa4680d301a39f09db459e9b05f49102973,Down,58.00,4,,,0x4c877ef507ecc25e1f0f2b96341b703715f5e3d9cf5eec12d787c0d76cfdab94
2026-06-04 18:32:42,"Bitcoin Up or Down - June 4, 2:30PM-2:35PM ET",0x51dcfba27586c391de127ab5a8e9baa4680d301a39f09db459e9b05f49102973,Down,60.00,3.333332,,,0x40adb3df5d66b95b772ff36d0e8cd8c9f487c8ebc328fd152269e1c8e2408563
2026-06-04 18:32:42,"Bitcoin Up or Down - June 4, 2:30PM-2:35PM ET",0x51dcfba27586c391de127ab5a8e9baa4680d301a39f09db459e9b05f49102973,Down,61.00,24.59,,,0xb961b66c18cfbbabc0ee2c54eb98cc2fb0acca4b5cb828b8173702e85dbb7c10
2026-06-04 18:32:42,"Bitcoin Up or Down - June 4, 2:30PM-2:35PM ET",0x51dcfba27586c391de127ab5a8e9baa4680d301a39f09db459e9b05f49102973,Up,42.00,33,,,0xefea9b520329ce6cd17cde05b8e7e9bb36776856ea2adf393b890141b1253193
2026-06-04 18:32:42,"Bitcoin Up or Down - June 4, 2:30PM-2:35PM ET",0x51dcfba27586c391de127ab5a8e9baa4680d301a39f09db459e9b05f49102973,Down,58.00,82.8,,,0xcd8d49cd7b6ee06dd911aafdcde9e052c79f5c1d5a5558a0e6032b263551f9a8
2026-06-04 18:32:42,"Bitcoin Up or Down - June 4, 2:30PM-2:35PM ET",0x51dcfba27586c391de127ab5a8e9baa4680d301a39f09db459e9b05f49102973,Down,59.00,34.067795,,,0x5dfd989115e9b38840b2242a3d69891d9d8233f710cd2c202d6de646f6503d6a
2026-06-04 18:32:42,"Bitcoin Up or Down - June 4, 2:30PM-2:35PM ET",0x51dcfba27586c391de127ab5a8e9baa4680d301a39f09db459e9b05f49102973,Down,59.00,8.33,,,0x9e9fae0e2dd3d3b5ddb588b4cf19b88c23cf92027ae7687ae01e94a2d1c5315c
2026-06-04 18:32:42,"Bitcoin Up or Down - June 4, 2:30PM-2:35PM ET",0x51dcfba27586c391de127ab5a8e9baa4680d301a39f09db459e9b05f49102973,Down,59.00,6.67,,,0x908d622a3761dd85d3f58e121243a5995fc789196ea6d7a72291ecf8ed1447a3
2026-06-04 18:32:42,"Ethereum Up or Down - June 4, 2PM ET",0x7fb12fa6f2ca8492badcdcc6214670dd3dfa8a7aba94a141b561dea6d933ea8e,Down,25.00,20,,,0x3af0ed68785feea2f6c1c71d2154d86e82622f0bbe3a40d214269e9149b9bc9a
2026-06-04 18:32:42,"Bitcoin Up or Down - June 4, 2:30PM-2:35PM ET",0x51dcfba27586c391de127ab5a8e9baa4680d301a39f09db459e9b05f49102973,Up,43.00,34.883719,,,0x04fc35df84af05ed31de76d1d7f120feca7d3bcb71b6693c63c6f1d2e210d556
2026-06-04 18:32:42,"Bitcoin Up or Down - June 4, 2:30PM-2:35PM ET",0x51dcfba27586c391de127ab5a8e9baa4680d301a39f09db459e9b05f49102973,Down,57.00,5.8,,,0x88547d1d0af22c2bf5e1eb0327760c98063c7eb28f43545d9f346237e14513e3
2026-06-04 18:32:42,"Bitcoin Up or Down - June 4, 2:30PM-2:35PM ET",0x51dcfba27586c391de127ab5a8e9baa4680d301a39f09db459e9b05f49102973,Down,58.00,21,,,0x68ef84867c4e19dbaafd8e941411ac5f4348deaedaf5076f97c9e510f8c2f39c
2026-06-04 18:32:42,"Bitcoin Up or Down - June 4, 2:30PM-2:35PM ET",0x51dcfba27586c391de127ab5a8e9baa4680d301a39f09db459e9b05f49102973,Down,59.00,10,,,0xb229fda87f1eed45e05d9e660280256a822283c2bd67f8614cc4683f68189ed3
2026-06-04 18:32:42,"Bitcoin Up or Down - June 4, 2:30PM-2:35PM ET",0x51dcfba27586c391de127ab5a8e9baa4680d301a39f09db459e9b05f49102973,Down,58.00,1.99,,,0x97b2b732bb9d09767d75d05b0bde3bae124e15ab157770cebb89ee0553d875d0
2026-06-04 18:32:42,"Bitcoin Up or Down - June 4, 2:30PM-2:35PM ET",0x51dcfba27586c391de127ab5a8e9baa4680d301a39f09db459e9b05f49102973,Up,43.00,17.04,,,0xb1ab54dba618434a45bbdf49768a918dd1327a95d70b96a6f06f2f325e212caf
2026-06-04 18:32:42,"Bitcoin Up or Down - June 4, 2:30PM-2:35PM ET",0x51dcfba27586c391de127ab5a8e9baa4680d301a39f09db459e9b05f49102973,Down,57.00,0.15,,,0x971b2f7b855385ff4cfd3adb6a07e7f6e93f93785bec919e9789fa7c4744ff13
2026-06-04 18:32:42,"Bitcoin Up or Down - June 4, 2:30PM-2:35PM ET",0x51dcfba27586c391de127ab5a8e9baa4680d301a39f09db459e9b05f49102973,Down,57.00,5,,,0xd66a8da6f3387d54c43e3667701115f456ab8f1ef983cd804532cc7b476922dd
2026-06-04 18:32:42,"Bitcoin Up or Down - June 4, 2:30PM-2:35PM ET",0x51dcfba27586c391de127ab5a8e9baa4680d301a39f09db459e9b05f49102973,Down,58.00,18.75,,,0xc848651987d0fc87b90f0099eaea1966ce06956c07cd6f5dd88a7e671e619e0b
2026-06-04 18:32:42,Dota 2: LGD Gaming vs Team Yandex (BO3) - BLAST Slam Playoffs,0x7032482ab3b53548109cdadcf50c09a1c5ce387dd1e1743d7778963530c7f8f3,Team Yandex,97.00,1950.64,,,0xd5a6075ce5a16439e76e035f5b6f00643c1762c56703e5d9f8b07c8d7b1b7a4c
2026-06-04 18:32:42,Counter-Strike: Liquid vs Heroic (BO3) - IEM Cologne Major Stage 1,0x351383a1548b4900556493b770b0a95b6879cd94f1bf3995b66e96381b687ea2,Liquid,88.00,71,,,0x56740d1c99e0f0ec8fccfa2baa963d3dc79dee68cb125ce264ec4595388fb04c
2026-06-04 18:32:42,"Bitcoin Up or Down - June 4, 2:30PM-2:35PM ET",0x51dcfba27586c391de127ab5a8e9baa4680d301a39f09db459e9b05f49102973,Up,42.00,16.12,,,0x5bb16f4e24dc3cc4d1511b220878e43ff343d93a80d6db4898d87b868b0dba1c
2026-06-04 18:32:42,"Bitcoin Up or Down - June 4, 2PM ET",0x3abc093600d2793741018001059df76f55349e8d9e5737c23816bbb5a0f42225,Down,15.00,6.89,,,0x05287de65f7509b422aad56f27bed9af233ea9a48efe114a6a7275f137e7165e
2026-06-04 18:32:42,"Bitcoin Up or Down - June 4, 2:30PM-2:35PM ET",0x51dcfba27586c391de127ab5a8e9baa4680d301a39f09db459e9b05f49102973,Up,42.00,15.38,,,0xb3ea28b20008cbfbbb3b817a42014fefcd5518e27038b2894c95e054555b5cc4
2026-06-04 18:32:42,"Bitcoin Up or Down - June 4, 2:30PM-2:35PM ET",0x51dcfba27586c391de127ab5a8e9baa4680d301a39f09db459e9b05f49102973,Up,43.00,103,,,0x507c07e8af89a2b6fda4e95e3f2a191003d7c3b16ddb6fc2b0607a7b32b9f98e
2026-06-04 18:32:42,"Bitcoin Up or Down - June 4, 2:30PM-2:35PM ET",0x51dcfba27586c391de127ab5a8e9baa4680d301a39f09db459e9b05f49102973,Down,59.00,10,,,0x88f181c38d379f31c85e483af91ae96e218282d535ef9a434198f3f84bd7c22c
2026-06-04 18:32:42,"Bitcoin Up or Down - June 4, 2:30PM-2:35PM ET",0x51dcfba27586c391de127ab5a8e9baa4680d301a39f09db459e9b05f49102973,Down,58.00,5,,,0xba8ed59231e4bc3dadc5e86a565a1656a814d8f0d698ec1f1f926d87e4f19a51
2026-06-04 18:32:42,"Bitcoin Up or Down - June 4, 2:30PM-2:35PM ET",0x51dcfba27586c391de127ab5a8e9baa4680d301a39f09db459e9b05f49102973,Down,57.00,10,,,0x06d2bbf855a2eac7f7d3693396ac4f868cd5d4047ec2cb8a4c8a38c91065d3a1
2026-06-04 18:32:42,Cleveland Guardians vs. New York Yankees: O/U 5.5,0xb7ce80cd42f5cf0ba851002e984ad82bcdffc4f25793b5e3d59c99855d12a69c,Under,48.00,9.61,,,0x532770dfc9eb3746f6a57dad0b0a32938e0d86fcbe58611fb1724c03b61600ba
2026-06-04 18:32:42,"Bitcoin Up or Down - June 4, 2:30PM-2:45PM ET",0x061b207481cf9dc7bad7c8bd43dc5ab08279152de197ef0c762d58cebb490386,Up,43.00,14.32558,,,0xed3de9e0d7b229e66f0d6d71ea71b153925ccc2de5483eb6fc8a116fc0ea739c
2026-06-04 18:32:42,"Bitcoin Up or Down - June 4, 2:30PM-2:35PM ET",0x51dcfba27586c391de127ab5a8e9baa4680d301a39f09db459e9b05f49102973,Up,42.00,25.08,,,0x3e9d731308245082e2a5d902b7860fd6d8e34402cdcc962147d1e6ff174b4638
2026-06-04 18:32:42,"Bitcoin Up or Down - June 4, 2:30PM-2:35PM ET",0x51dcfba27586c391de127ab5a8e9baa4680d301a39f09db459e9b05f49102973,Down,58.00,3.448273,,,0xecbdd29a8ac1e4b7b13f8ed0a82e7df90f5de0b69cd9a9eb8e0ed0a4d0784c70
2026-06-04 18:32:42,Will Sweden win on 2026-06-04?,0xdb2128a475e15e341d4ea0a5e5b86daea6d4141be9c6771564b320221c41c54b,No,20.47,46.92,,,0xe1d50b775a9851fcde96cb07379896bbeaa09afbfa0772e5f934d968b176b593
2026-06-04 18:32:42,Will Yaël Braun-Pivet win the 2027 French presidential election?,0xfd431e070263b5f24e43a8fc44532bf41aa008d99cab2330d979913b1c580bd2,No,99.30,1.71,,,0xbd182ed7c1d76a818a9228d637be62c1b5ff95b85652948a08d05fc36a4005cf
2026-06-04 18:32:42,"Bitcoin Up or Down - June 4, 2:30PM-2:35PM ET",0x51dcfba27586c391de127ab5a8e9baa4680d301a39f09db459e9b05f49102973,Down,58.00,1.879309,,,0x5a41a3090436b2471f9dec269fc80c90dbe03637f7c44d90ae30fa621e5f946f
2026-06-04 18:32:42,Cleveland Guardians vs. New York Yankees: O/U 5.5,0xb7ce80cd42f5cf0ba851002e984ad82bcdffc4f25793b5e3d59c99855d12a69c,Under,51.00,2.666665,,,0xfe69224a8c945cefd320c3ee34e78a541c014553a77bab554a1a8253431dd688
2026-06-04 18:32:42,"Bitcoin Up or Down - June 4, 2:30PM-2:35PM ET",0x51dcfba27586c391de127ab5a8e9baa4680d301a39f09db459e9b05f49102973,Down,58.00,18.75,,,0xa70b89875d600fc448259b256e5df13cdc426c9d2aab2607db93c8a8ed874c2f
2026-06-04 18:32:42,"Bitcoin Up or Down - June 4, 2:30PM-2:35PM ET",0x51dcfba27586c391de127ab5a8e9baa4680d301a39f09db459e9b05f49102973,Down,58.00,10,,,0x476d5d6d1ad280e2d9a6b8033d1d3b8946fbc40284d74e232769419973c19bfe
2026-06-04 18:32:42,"Bitcoin Up or Down - June 4, 2:30PM-2:45PM ET",0x061b207481cf9dc7bad7c8bd43dc5ab08279152de197ef0c762d58cebb490386,Up,43.00,20,,,0x567bf20e8ea04ac7f0524d0d86e25bb033d3d597c4b7980d6977392bf5a50920
2026-06-04 18:32:42,"Bitcoin Up or Down - June 4, 2:30PM-2:35PM ET",0x51dcfba27586c391de127ab5a8e9baa4680d301a39f09db459e9b05f49102973,Down,58.00,18.75,,,0x5c75b17be0a0fcc28492401ebb035dd6593e2fa18e24c3671f951207b873d62f
2026-06-04 18:32:42,"Bitcoin Up or Down - June 4, 2:30PM-2:45PM ET",0x061b207481cf9dc7bad7c8bd43dc5ab08279152de197ef0c762d58cebb490386,Down,58.00,2,,,0xee0fd352a5ed0f0ced82ca79b2d11aa8f6e754c9dbaad6b97d3ebbe350ca2557
2026-06-04 18:32:42,Foggia: Mayar Sherif vs Giorgia Pedone,0x73228e7ba976545fdc2f33c8aeae46ccc8fc7b7c24f8e20ad91b38da5503ac50,Giorgia Pedone,99.90,33.33,,,0x844806ab014cee15d3eed676625fc2e4c52e4ee190abf4bd27d237f7bace57b5
2026-06-04 18:32:42,Will the Fed decrease interest rates by 50+ bps after the June 2026 meeting?,0x4e4a7df876b0c04f0b8b29b9073eddfbaf5c787192da825ae7ca1031bc8cfd15,No,99.50,72.61,,,0xecba9c4e693d4c563f7aea9b6924f10c04fbd8a3c67a220756a23e100e72d86e
2026-06-04 18:32:42,"XRP Up or Down - June 4, 2:30PM-2:35PM ET",0xc5313621721be12687f36dc6855de28a6e4ff03d38c5e6a4b8d7dd0904b5ff2e,Down,77.00,4,,,0x966e5057592f7b1af546c8c48af0a397b50a3518d8c816544f17f415fed5c976
2026-06-04 18:32:42,"Bitcoin Up or Down - June 4, 2:30PM-2:35PM ET",0x51dcfba27586c391de127ab5a8e9baa4680d301a39f09db459e9b05f49102973,Up,38.00,7.894735,,,0xb964c6bef0a69d424be607ee14650127654f8785832b875e87f1d89eb0cb7564
2026-06-04 18:32:42,"Bitcoin Up or Down - June 4, 2:30PM-2:35PM ET",0x51dcfba27586c391de127ab5a8e9baa4680d301a39f09db459e9b05f49102973,Down,63.00,30.603172,,,0x545fb60e5fcb3eb59bcbbca6a1e64ab5bea0a777720abaf49c152258c203bad6
2026-06-04 18:32:42,"Bitcoin Up or Down - June 4, 2:30PM-2:35PM ET",0x51dcfba27586c391de127ab5a8e9baa4680d301a39f09db459e9b05f49102973,Down,59.00,18.75,,,0x598dd5bc55ce22d0fe27917da971a29d37cc18376b44ae265938a2fb3df72931
2026-06-04 18:32:42,"Bitcoin Up or Down - June 4, 2:30PM-2:35PM ET",0x51dcfba27586c391de127ab5a8e9baa4680d301a39f09db459e9b05f49102973,Down,61.00,10,,,0xe5e311fc454ceee054bb79134c95ebb31f99dad8ddcd7550f7d5312faf1f3902
2026-06-04 18:32:42,"Bitcoin Up or Down - June 4, 2:30PM-2:35PM ET",0x51dcfba27586c391de127ab5a8e9baa4680d301a39f09db459e9b05f49102973,Down,61.75,100.790321,,,0x03793e4dadaf7c3e6b88b1f8466435855cd0f34012d9984bf2078354bbb22e39
2026-06-04 18:32:42,"Bitcoin Up or Down - June 4, 2:30PM-2:45PM ET",0x061b207481cf9dc7bad7c8bd43dc5ab08279152de197ef0c762d58cebb490386,Down,58.00,8.275861,,,0x925db0d9e4a37c12d96498b59e511eb528d552457e0382dab99efcc0c24f440c
2026-06-04 18:32:42,"Bitcoin Up or Down - June 4, 2:30PM-2:35PM ET",0x51dcfba27586c391de127ab5a8e9baa4680d301a39f09db459e9b05f49102973,Up,40.00,2.5,,,0x0d539d4bb08d84ecba55ad0aab0ac815c3978c897791926d764e21d5801e8a69
2026-06-04 18:32:42,"Bitcoin Up or Down - June 4, 2:30PM-2:35PM ET",0x51dcfba27586c391de127ab5a8e9baa4680d301a39f09db459e9b05f49102973,Down,60.00,25,,,0xdefe933e4e443cc1cd308fe19ee4b464d924ecc91e3edd27665bd40ec9e5a36e
2026-06-04 18:32:42,"BNB Up or Down - June 4, 2:30PM-2:35PM ET",0x86c49779d2f66cdc934da39c28c281f2911ec8e718f5512a510e9c0e71e5f8a7,Up,64.00,5.13,,,0x2b8d1caea7ed6ddabb243d5d9d519900b3dca78ed87231b42abddfb1b04000cc
2026-06-04 18:32:42,"Bitcoin Up or Down - June 4, 2:30PM-2:35PM ET",0x51dcfba27586c391de127ab5a8e9baa4680d301a39f09db459e9b05f49102973,Down,61.00,10,,,0xc7024341893a5002660ea227a52ec7e0154cbcdd9d67e0de6796561491ad19ab
2026-06-04 18:32:42,"Bitcoin Up or Down - June 4, 2:30PM-2:35PM ET",0x51dcfba27586c391de127ab5a8e9baa4680d301a39f09db459e9b05f49102973,Down,60.00,30,,,0x346520e7bcfbf4e8a205f5117089333949d3cb5ce6b6dacac9e6224c81cd57dd
2026-06-04 18:32:42,"Ethereum Up or Down - June 4, 2:30PM-2:35PM ET",0x86ef98a9e5ca2ea5dc2e9053559b1221ff292d54ba6752bf6e3a5c5b5f426eef,Down,89.00,5,,,0xde05ba5dd50ba273b2ce9ae9e998d1000989d1e78b4a59ff2ffdfc56bf9490a7
2026-06-04 18:32:42,"Bitcoin Up or Down - June 4, 2:30PM-2:35PM ET",0x51dcfba27586c391de127ab5a8e9baa4680d301a39f09db459e9b05f49102973,Up,42.00,15.3,,,0x57dd57839c5c551ab818121a52fb312739488bbe73f8d87b99be071c1d85601b
2026-06-04 18:32:42,"XRP Up or Down - June 4, 2:30PM-2:35PM ET",0xc5313621721be12687f36dc6855de28a6e4ff03d38c5e6a4b8d7dd0904b5ff2e,Up,23.00,3,,,0xa52d0c7579b3ab07a5c1b49589c382fd06023b309314648b6da8e53ab7a458d2
2026-06-04 18:32:42,Will Andorra win on 2026-06-04?,0xab776168534d01a100f266e885dee0cd5ac1a9166edcda9aa89773da0a761b38,Yes,90.02,54.94,,,0x269b5548713fdd3b9aa50c941d605b8e18853e6728b76c92f54042bf0c2d0f87
2026-06-04 18:32:42,"Bitcoin Up or Down - June 4, 2:30PM-2:35PM ET",0x51dcfba27586c391de127ab5a8e9baa4680d301a39f09db459e9b05f49102973,Up,42.00,5.119046,,,0x048406ccca989f0b4cb92ffb3ad11ad3f1e739426b34892fe738faa8fbe01a34
2026-06-04 18:32:42,"Bitcoin Up or Down - June 4, 2:30PM-2:35PM ET",0x51dcfba27586c391de127ab5a8e9baa4680d301a39f09db459e9b05f49102973,Down,60.59,22.44672,,,0xe310d113939f5c9719af30a26ce1f7526c2914edbc781b2677587a626fea77a5
2026-06-04 18:32:42,"Bitcoin Up or Down - June 4, 2:30PM-2:35PM ET",0x51dcfba27586c391de127ab5a8e9baa4680d301a39f09db459e9b05f49102973,Down,61.00,18.75,,,0x0186ca670802b9b9a90a9d758a65276f453b3a56617c52e3d1dbe367d27e7463
2026-06-04 18:32:42,"Bitcoin Up or Down - June 4, 2:30PM-2:35PM ET",0x51dcfba27586c391de127ab5a8e9baa4680d301a39f09db459e9b05f49102973,Up,38.00,52.63,,,0xe2c5ffce44438fa9f84af5b37b1b109298c6dec4a7f7db7676b5b0a8b64443f9
2026-06-04 18:32:42,LoL: ⁠Movistar KOI Fénix vs UCAM Esports Club (BO5) - LES Playoffs,0x19e5fe2c444f9a696482c66e66485c5b6c373e7a9a8bf6baa368c9ff3aa0dbba,UCAM Esports Club,94.00,174,,,0xbe44a9e151f617f96a2fe64a38bcb9ac78a32b9ad23d3aeebf32c5d98932b003
2026-06-04 18:32:42,"Bitcoin Up or Down - June 4, 2:30PM-2:35PM ET",0x51dcfba27586c391de127ab5a8e9baa4680d301a39f09db459e9b05f49102973,Down,58.00,5,,,0x72267d48b76a9179706b270977ae3a978727753cf75953c96a889e8908045746
2026-06-04 18:32:42,Andorra vs. Liechtenstein: O/U 0.5,0x44c69ccab540f0eb29bf1a49ad46018e4cd6e91f6b80bbae12b27886e221ad2f,Over,99.00,34.61,,,0x8b01b054d32e6485377c472c61e3d419e7ed26aadf465f8b3b543ebfc0adc83a
2026-06-04 18:32:42,"Bitcoin Up or Down - June 4, 2:30PM-2:35PM ET",0x51dcfba27586c391de127ab5a8e9baa4680d301a39f09db459e9b05f49102973,Down,61.17,5.99,,,0xbbf75130ddf92fe29b02434030d8a5135a70489a962507d2d2dc05226f7e2aee
2026-06-04 18:32:42,"Bitcoin Up or Down - June 4, 2:30PM-2:35PM ET",0x51dcfba27586c391de127ab5a8e9baa4680d301a39f09db459e9b05f49102973,Down,58.00,4.13793,,,0x2df9dfc8fc727d34eceea8cc5bffa5a61a2a451ea6a264554f673885b9a88ae8
2026-06-04 18:32:42,"Bitcoin Up or Down - June 4, 2:30PM-2:45PM ET",0x061b207481cf9dc7bad7c8bd43dc5ab08279152de197ef0c762d58cebb490386,Down,58.00,10,,,0x2bababbcd519ad92fa5abc346ba579f40f2808ec89e25caedb7d82b843b5aec8
2026-06-04 18:32:42,"Bitcoin Up or Down - June 4, 2:30PM-2:35PM ET",0x51dcfba27586c391de127ab5a8e9baa4680d301a39f09db459e9b05f49102973,Down,61.19,18.75,,,0xc44c1630804ef6b48632628489bcb4746fd5fef1413dd2e33e058d1723b95177
2026-06-04 18:32:42,"Will the price of Bitcoin be above $66,000 on June 7?",0xe1775fe35f5cbd0fa0f0a2a62a46eb7c9d1c67a308f651c9c1e2b0a25bc34d86,Yes,16.00,6,,,0x6e0d04274efa448bf9c1d4cc19d926315905eaea6e1495b2bfe8a433c44cb3d9
2026-06-04 18:32:42,"Bitcoin Up or Down - June 4, 2:30PM-2:35PM ET",0x51dcfba27586c391de127ab5a8e9baa4680d301a39f09db459e9b05f49102973,Down,61.00,8.262294,,,0x84fc42e209f93263a696438c3e3bfa514e8f586a8541d85403f3f8ba435e6e67
2026-06-04 18:32:42,"Bitcoin Up or Down - June 4, 2:30PM-2:35PM ET",0x51dcfba27586c391de127ab5a8e9baa4680d301a39f09db459e9b05f49102973,Down,60.00,8.133332,,,0x3423c3791b1b79a4dfc95bf751b84fdd0fe2cb94ccb406610479098294bdc0b3
2026-06-04 18:32:42,Will Iraq win on 2026-06-04?,0x938fb17f759f17a3a562b59f655ebf3936b1d7ef057adc3d73b896f3ac050228,No,98.20,1119.551888,,,0x9d9c11bf2a1fc89b4bb4c9d4c7955eb1f14d614e57889374cf24facdc44594f1
2026-06-04 18:32:42,"Bitcoin Up or Down - June 4, 2:30PM-2:35PM ET",0x51dcfba27586c391de127ab5a8e9baa4680d301a39f09db459e9b05f49102973,Down,62.00,1.612902,,,0x66a2fd58e50ae7677503fc2798c5e1f6758f9675c4643d77ad214812874e1a97
2026-06-04 18:32:42,"Bitcoin Up or Down - June 4, 2:30PM-2:35PM ET",0x51dcfba27586c391de127ab5a8e9baa4680d301a39f09db459e9b05f49102973,Down,58.00,0.15,,,0xe7fc0c6d5a2cf55be20d563b192e8e640d76a2b934a893adcf38140c2276ec8c
2026-06-04 18:32:42,San Diego Padres vs. Philadelphia Phillies,0x688fc364252fa2059687177955af02b7bfd5a21778b6f8c168dd174ec422ee98,Philadelphia Phillies,92.00,5,,,0xe6add8f0520ec175ce558161caa0b0ec07c03e2f37a544a5be6462575147acaa
2026-06-04 18:32:42,"XRP Up or Down - June 4, 2:30PM-2:35PM ET",0xc5313621721be12687f36dc6855de28a6e4ff03d38c5e6a4b8d7dd0904b5ff2e,Down,77.00,5,,,0x92702e508642741acc0222573984955f9aab20c83ef9e89b616103e3cc80e7b2
2026-06-04 18:32:42,"Bitcoin Up or Down - June 4, 2:30PM-2:35PM ET",0x51dcfba27586c391de127ab5a8e9baa4680d301a39f09db459e9b05f49102973,Down,58.00,1.724135,,,0x653f226bfcc897f9eab626781bf3747a9a2ac31484e889d94055c45692630c14
2026-06-04 18:32:42,"Ethereum Up or Down - June 4, 2:30PM-2:45PM ET",0x0eda108c856a95c6c7500d6d9f0c485369bf3b129f46fd2834abccaa800bd387,Down,75.00,18,,,0xb6d04751f63867ff5d99762053414a24f19ca4689c2e4b4075c984ad3f3e2e89
2026-06-04 18:32:42,"Bitcoin Up or Down - June 4, 2:30PM-2:35PM ET",0x51dcfba27586c391de127ab5a8e9baa4680d301a39f09db459e9b05f49102973,Down,60.86,25,,,0x6c7d232596a6a705b90559967cdb8106c609f47b6e953068b5ea0f27ac99c6c9
2026-06-04 18:32:42,"Bitcoin Up or Down - June 4, 2:30PM-2:35PM ET",0x51dcfba27586c391de127ab5a8e9baa4680d301a39f09db459e9b05f49102973,Down,59.00,10,,,0x6710cea36922cf891236b4ea2d6375f24d2660a21db7cbe7a75c5af71ac5111d
2026-06-04 18:32:42,"Bitcoin Up or Down - June 4, 2:30PM-2:35PM ET",0x51dcfba27586c391de127ab5a8e9baa4680d301a39f09db459e9b05f49102973,Up,41.00,36.585364,,,0x8f172a878761e55bfe64f21c4fd6aa80178ed4ad9947c017b28158e295b35f83
2026-06-04 18:32:42,"XRP Up or Down - June 4, 2:30PM-2:35PM ET",0xc5313621721be12687f36dc6855de28a6e4ff03d38c5e6a4b8d7dd0904b5ff2e,Up,23.00,3,,,0x59a0eb4ed82e4e7587afd28d862160d771bf3223fc69f4edf61361c9ea35330a
2026-06-04 18:32:42,"Bitcoin Up or Down - June 4, 2:30PM-2:35PM ET",0x51dcfba27586c391de127ab5a8e9baa4680d301a39f09db459e9b05f49102973,Down,59.58,25,,,0x92be85a5a334bcd8d2a68e5baf51b27e153c5ebeb35338f89d3af0874dc5a865
2026-06-04 18:32:42,"Bitcoin Up or Down - June 4, 2:30PM-2:35PM ET",0x51dcfba27586c391de127ab5a8e9baa4680d301a39f09db459e9b05f49102973,Down,59.00,3.389829,,,0xea5e8d1cfa9e1dda7f7b1cc4d68b99b8b1e1edd00593089c3094d929dcab36b4
2026-06-04 18:32:42,"Bitcoin Up or Down - June 4, 2:30PM-2:35PM ET",0x51dcfba27586c391de127ab5a8e9baa4680d301a39f09db459e9b05f49102973,Down,58.00,0.15,,,0xf00bd0ed9ce2b71dc4606fffb1b217efc43c018ddaec32bc4ae101465dd2e399
2026-06-04 18:32:42,"Bitcoin Up or Down - June 4, 2:30PM-2:35PM ET",0x51dcfba27586c391de127ab5a8e9baa4680d301a39f09db459e9b05f49102973,Down,60.00,20.4,,,0x0507d3c8802ac6a589f426f91161642e5227cdc90033f2206b260d38eee4adab
2026-06-04 18:32:40,Reyer Venezia vs. Virtus Bologna,0x293c0d35a1c186efc463b52aead86f45239ea84eaa0465dd918a0c55dfd6dea4,Reyer Venezia,37.00,5.810809,,,0x375a4249bde2c75bfe2640752f1060afb29fe9b50d98cb5cb347609263072486
2026-06-04 18:32:40,"Solana Up or Down - June 4, 2:30PM-2:35PM ET",0x4908916f4e744dc6dcdc604e790a5e2fa2a7c0174afa21cb1638dc2aaa665149,Up,28.00,6.25,,,0x74cd10b81a71889a3dd5f0cfdd2158e750b3cee1118aa56cf5188a2f49606809
2026-06-04 18:32:40,"Bitcoin Up or Down - June 4, 2:30PM-2:35PM ET",0x51dcfba27586c391de127ab5a8e9baa4680d301a39f09db459e9b05f49102973,Down,66.00,1.651514,,,0x6fd125647c173ffbf8842d01df9b9284e4fbfcce4c5cbefb2683aff912e2db4b
2026-06-04 18:32:40,"Bitcoin Up or Down - June 4, 2:30PM-2:35PM ET",0x51dcfba27586c391de127ab5a8e9baa4680d301a39f09db459e9b05f49102973,Up,39.00,18.75,,,0x4a6cd9beac0aa9b3834cdb5a8256e18205fd8949b3eab6027941db26f5b6497c
2026-06-04 18:32:40,"Bitcoin Up or Down - June 4, 2:30PM-2:35PM ET",0x51dcfba27586c391de127ab5a8e9baa4680d301a39f09db459e9b05f49102973,Down,61.00,5,,,0x7218ac934323e9d859fd3146240d79df5dfc95806276cc9855e7dfaf019cb7b8
2026-06-04 18:32:40,"Bitcoin Up or Down - June 4, 2:30PM-2:35PM ET",0x51dcfba27586c391de127ab5a8e9baa4680d301a39f09db459e9b05f49102973,Up,40.00,6.6,,,0xa60fcf3df327cd5b995969c792faacfed6f3f6f5ae9c11e7fbbe94f1105ddab2
2026-06-04 18:32:40,"Bitcoin Up or Down - June 4, 2:30PM-2:35PM ET",0x51dcfba27586c391de127ab5a8e9baa4680d301a39f09db459e9b05f49102973,Down,66.00,7.575755,,,0xa4e2add11d06b1fc7e28c286a27df8e15ce2426d19b3ef6e56f107d5f10d0293
2026-06-04 18:32:40,"Bitcoin Up or Down - June 4, 2:30PM-2:35PM ET",0x51dcfba27586c391de127ab5a8e9baa4680d301a39f09db459e9b05f49102973,Up,36.00,5,,,0x65be658c582369a17bc9d7de45e45ca06c0501ba61f88f8665861291531c2642
2026-06-04 18:32:40,"Bitcoin Up or Down - June 4, 2:30PM-2:35PM ET",0x51dcfba27586c391de127ab5a8e9baa4680d301a39f09db459e9b05f49102973,Up,36.00,5.694443,,,0xb98e5e930a9ae87a248cfdee4136a91565af8a745f200c443ae20b2a95a36c52
2026-06-04 18:32:40,"Solana Up or Down - June 4, 2:30PM-2:45PM ET",0x717adb22fca935fabda1bba78df51a1e840f3fba98479c7884178a42aa9cc485,Up,40.00,6.15,,,0xe3161b52b5e9a5a1dd681ef75c687de6010a978ec39a2beffe4887c03d319593
2026-06-04 18:32:40,"XRP Up or Down - June 4, 2:30PM-2:35PM ET",0xc5313621721be12687f36dc6855de28a6e4ff03d38c5e6a4b8d7dd0904b5ff2e,Up,24.11,5.6,,,0xeb10efc6977545e61ff93e2b3ed50074f801910fb6ad77b40339af33704d3ba1
2026-06-04 18:32:40,"XRP Up or Down - June 4, 2:30PM-2:45PM ET",0xe15914db46c5709be331549193e61701d2c15fc90d46f490cb3bcb1d62bcff37,Up,34.00,6.52941,,,0x6537ee42d193a311686d05be9cfc32daa5bd0264edbee5c3e4f1c0dc04086607
2026-06-04 18:32:40,"XRP Up or Down - June 4, 2:30PM-2:35PM ET",0xc5313621721be12687f36dc6855de28a6e4ff03d38c5e6a4b8d7dd0904b5ff2e,Up,25.00,5.4,,,0x4e650544e6fd16031cec0990aecace3a5c8a81b83187359d398378c2408e4400
2026-06-04 18:32:40,"Bitcoin Up or Down - June 4, 2:30PM-2:35PM ET",0x51dcfba27586c391de127ab5a8e9baa4680d301a39f09db459e9b05f49102973,Down,68.00,5.88235,,,0xa9181fefbc4ca773d4f105dcdb7fca0f651d7d31843a84b25c7d49a976bd6cc7
2026-06-04 18:32:40,"Bitcoin Up or Down - June 4, 2:30PM-2:35PM ET",0x51dcfba27586c391de127ab5a8e9baa4680d301a39f09db459e9b05f49102973,Down,66.78,91,,,0xa0a816eb97f9f40bab09f95dce87d91780e5f90b452b5d362bab967382773596
2026-06-04 18:32:40,"Bitcoin Up or Down - June 4, 2:30PM-2:35PM ET",0x51dcfba27586c391de127ab5a8e9baa4680d301a39f09db459e9b05f49102973,Down,66.00,1.51515,,,0xd285d9d78ebaaff3bc454a58aba9d3e414f385dcdf23ac9169ecfbbffe5ac7b7
2026-06-04 18:32:40,"Bitcoin Up or Down - June 4, 2:30PM-2:35PM ET",0x51dcfba27586c391de127ab5a8e9baa4680d301a39f09db459e9b05f49102973,Down,60.53,117,,,0x58f8aedecf87dbaa2211220345465a7a642e013c397860cd2804c6f51807e09c
2026-06-04 18:32:40,"Bitcoin Up or Down - June 4, 2:30PM-2:35PM ET",0x51dcfba27586c391de127ab5a8e9baa4680d301a39f09db459e9b05f49102973,Down,64.00,1,,,0xd0d93dc52f1fa916860fc52860defa0fa114bc0e8eed0241487a090c319f4810
2026-06-04 18:32:40,"XRP Up or Down - June 4, 2:30PM-2:35PM ET",0xc5313621721be12687f36dc6855de28a6e4ff03d38c5e6a4b8d7dd0904b5ff2e,Up,24.00,5,,,0x06a6dcc9620122ee9d666115721ed632b1494da44c7b2f6ecb83f0bec21e354a
2026-06-04 18:32:40,"Bitcoin Up or Down - June 4, 2:30PM-2:35PM ET",0x51dcfba27586c391de127ab5a8e9baa4680d301a39f09db459e9b05f49102973,Up,40.00,10.5,,,0x7825727fc106d9cf2532bb7cfbd7d43161ed19ecd05f17bd1b4dcb110058dedd
2026-06-04 18:32:40,"Ethereum Up or Down - June 4, 2:30PM-2:45PM ET",0x0eda108c856a95c6c7500d6d9f0c485369bf3b129f46fd2834abccaa800bd387,Up,26.00,23,,,0x7d57edb82d6ed20f8706e8b1ce624aa0ac080310bd49770df5c8009bd242cdd4
2026-06-04 18:32:40,"Ethereum Up or Down - June 4, 2:30PM-2:45PM ET",0x0eda108c856a95c6c7500d6d9f0c485369bf3b129f46fd2834abccaa800bd387,Up,26.00,9.5,,,0xa3c154fa4964eb1c238bb2bb540f676cae35fd0b9cea9e070a6d409db581fc0b
2026-06-04 18:32:40,"Bitcoin Up or Down - June 4, 2:30PM-2:35PM ET",0x51dcfba27586c391de127ab5a8e9baa4680d301a39f09db459e9b05f49102973,Up,36.00,5.694443,,,0x055e061a78c05ce02b61522d9cfa33a71d678fa24e32ceaefea3d18e1636ef17
2026-06-04 18:32:40,"Ethereum Up or Down - June 4, 2:30PM-2:35PM ET",0x86ef98a9e5ca2ea5dc2e9053559b1221ff292d54ba6752bf6e3a5c5b5f426eef,Down,89.00,1.12359,,,0xb6c60d92a4c81dfb74253843f5290e041e9919e58126b3ad40aac62d410e1e05
2026-06-04 18:32:40,"Bitcoin Up or Down - June 4, 2:30PM-2:35PM ET",0x51dcfba27586c391de127ab5a8e9baa4680d301a39f09db459e9b05f49102973,Up,36.00,5,,,0x750381e9043a56ab3b6397a3c870ae7dc4ac9741ce4b7f0feceb0dc9f20428be
2026-06-04 18:32:40,"Bitcoin Up or Down - June 4, 2:30PM-2:45PM ET",0x061b207481cf9dc7bad7c8bd43dc5ab08279152de197ef0c762d58cebb490386,Down,58.00,3.155171,,,0x408fd4ded724dbd49ca037daf652e5744916e0d708358c3a1c018b307ed0f4b2
2026-06-04 18:32:40,"Bitcoin Up or Down - June 4, 2:30PM-2:35PM ET",0x51dcfba27586c391de127ab5a8e9baa4680d301a39f09db459e9b05f49102973,Up,37.00,5,,,0x126855cfc25d2df41e77a5bc82a8299d4f603a41c228e3c1532da38a1f27c7a6
2026-06-04 18:32:40,"Bitcoin Up or Down - June 4, 2:30PM-2:35PM ET",0x51dcfba27586c391de127ab5a8e9baa4680d301a39f09db459e9b05f49102973,Down,65.00,2.56,,,0x7621a7fb3696b5839e3e415891b00555d7fbe0beac38b8f63d8a235a12021db7
2026-06-04 18:32:40,"Bitcoin Up or Down - June 4, 2:30PM-2:35PM ET",0x51dcfba27586c391de127ab5a8e9baa4680d301a39f09db459e9b05f49102973,Down,57.00,5.74,,,0x71f6fea3a1d7395675b0c162b494f046880e9fe3d25739888d74d1f9c699cb09
2026-06-04 18:32:40,"Bitcoin Up or Down - June 4, 2:30PM-2:35PM ET",0x51dcfba27586c391de127ab5a8e9baa4680d301a39f09db459e9b05f49102973,Up,36.00,0.21,,,0x1ef617a7325f3a8c8a4df2c17980cfc438cdb44ca4a84ea30495afcc551daa92
2026-06-04 18:32:40,"Bitcoin Up or Down - June 4, 2:30PM-2:35PM ET",0x51dcfba27586c391de127ab5a8e9baa4680d301a39f09db459e9b05f49102973,Up,36.00,3.083332,,,0xe65089fab3a33fb6b7cbabaed26121a01ad0555220e31f267662600e82bce226
2026-06-04 18:32:40,"Bitcoin Up or Down - June 4, 2PM ET",0x3abc093600d2793741018001059df76f55349e8d9e5737c23816bbb5a0f42225,Down,15.00,54.19,,,0x18be269e5e90193fa44499659bb0474c4b792b06a15e864bff6523a028a697f3
2026-06-04 18:32:40,"Bitcoin Up or Down - June 4, 2:30PM-2:35PM ET",0x51dcfba27586c391de127ab5a8e9baa4680d301a39f09db459e9b05f49102973,Up,40.00,20,,,0x43c8663ff4de14849d3ec9c9016cf536d695704a3bc5f315a8974a6dd8e4b18b
2026-06-04 18:32:40,"Bitcoin Up or Down - June 4, 2:30PM-2:35PM ET",0x51dcfba27586c391de127ab5a8e9baa4680d301a39f09db459e9b05f49102973,Down,68.00,2.941175,,,0x747be9ceea06911e05d8f5ca1dccca2f420fc76bbbc553954c645ac78d46bfb0
2026-06-04 18:32:40,"Israel x Hezbollah permanent peace deal by June 30, 2026?",0x86f43746cbd692719483aaeedc657eef89d9ffb91d6ffceacb1edf533e049516,Yes,12.00,333.333332,,,0x5d8120472aba91491dd4d6c64450b17c681f3f1f29d0fb17cf6326a520a5f817
2026-06-04 18:32:40,"Bitcoin Up or Down - June 4, 2:30PM-2:35PM ET",0x51dcfba27586c391de127ab5a8e9baa4680d301a39f09db459e9b05f49102973,Down,68.00,20,,,0x1616f3050ed83325be7683c40ba588288470f49eb62dd972d29f1f350abd9b85
2026-06-04 18:32:40,"Bitcoin Up or Down - June 4, 2:30PM-2:35PM ET",0x51dcfba27586c391de127ab5a8e9baa4680d301a39f09db459e9b05f49102973,Down,64.00,3.125,,,0x5177bb952c3e8b58fd261f9468b38cfcec35a3b4b1e2ae790db3dc2b4d120477
2026-06-04 18:32:40,"XRP Up or Down - June 4, 2:30PM-2:35PM ET",0xc5313621721be12687f36dc6855de28a6e4ff03d38c5e6a4b8d7dd0904b5ff2e,Down,77.00,5,,,0xcd8d41ae22a4e4a3e848d1bd99c2e94c0b0c027c2916dedd24244294581a7e94
2026-06-04 18:32:40,"Bitcoin Up or Down - June 4, 2:30PM-2:35PM ET",0x51dcfba27586c391de127ab5a8e9baa4680d301a39f09db459e9b05f49102973,Down,65.05,40,,,0xdf892e9ccc31eca8892b290c30db6e50da338559f3d6d833e3f3019b2da5e3f9
2026-06-04 18:32:40,"Bitcoin Up or Down - June 4, 2:30PM-2:35PM ET",0x51dcfba27586c391de127ab5a8e9baa4680d301a39f09db459e9b05f49102973,Down,59.00,1,,,0xe8825793226797e08fce13503a31793e6b430a7c01eaef29815d60663839ca35
2026-06-04 18:32:40,"Bitcoin Up or Down - June 4, 2:30PM-2:35PM ET",0x51dcfba27586c391de127ab5a8e9baa4680d301a39f09db459e9b05f49102973,Down,60.00,3.333332,,,0xb9d706f1fc46cddda54887f597036c9cf61de4368ef5871b810bdb50940ae498
2026-06-04 18:32:40,"Bitcoin Up or Down - June 4, 2:30PM-2:35PM ET",0x51dcfba27586c391de127ab5a8e9baa4680d301a39f09db459e9b05f49102973,Down,60.00,1.666665,,,0x86930f8bdfd2dc4e637e6dfb3c96faf368b952af2de0bfd6ba58b6daeae6d48c
2026-06-04 18:32:40,Cleveland Guardians vs. New York Yankees,0xfdbba7f905701ebf33b6c83d38d8d39a1c40c49ea0f36d86bf0571aed682f2c6,New York Yankees,62.00,5,,,0xc635aba6ddc0e9cf0309e08ac2f9e600f6299b9faa51383e2bb8f58f3e6aabf4
2026-06-04 18:32:40,"Bitcoin Up or Down - June 4, 2:30PM-2:35PM ET",0x51dcfba27586c391de127ab5a8e9baa4680d301a39f09db459e9b05f49102973,Down,64.00,24.3,,,0x6f7b1fc872e7bdde140014fec276a4ec6871fd54bef0046dc147b1f2907edd10
2026-06-04 18:32:40,"Bitcoin Up or Down - June 4, 2:30PM-2:35PM ET",0x51dcfba27586c391de127ab5a8e9baa4680d301a39f09db459e9b05f49102973,Up,42.00,62.81,,,0x2c48cfd7ee3b850685c3504d76e52baa37e93ec64ebf158051959a0d196840fe
2026-06-04 18:32:40,Cleveland Guardians vs. New York Yankees,0xfdbba7f905701ebf33b6c83d38d8d39a1c40c49ea0f36d86bf0571aed682f2c6,Cleveland Guardians,39.00,3.102563,,,0x216b58d7877d7e0ae35ebe59269da09cea7ebf37a5340829e0ed294536d160d3
2026-06-04 18:32:40,Roland Garros ATP: Matteo Arnaldi vs Flavio Cobolli,0xd14c2ee48e14082291c8a21d18613883e71ce3a5f31459553c979fb6982dbc7e,Flavio Cobolli,69.00,1.449274,,,0x88e02c98ca6991107c832b60f039cca74743445ea77ff9bfb64d8913354587ad
2026-06-04 18:32:40,"XRP Up or Down - June 4, 2:30PM-2:35PM ET",0xc5313621721be12687f36dc6855de28a6e4ff03d38c5e6a4b8d7dd0904b5ff2e,Up,24.00,5,,,0xbe6d00f281865dfb227f469300efcaf1e4850ead06a45f2909e36769f7e7fcfe
2026-06-04 18:32:40,"Bitcoin Up or Down - June 4, 2:30PM-2:35PM ET",0x51dcfba27586c391de127ab5a8e9baa4680d301a39f09db459e9b05f49102973,Down,58.00,0.15,,,0xd1c7f78b3f7e29f58c2519d51f1c84280e009d5461334e471c329b4670960f05
2026-06-04 18:32:40,"Bitcoin Up or Down - June 4, 2PM ET",0x3abc093600d2793741018001059df76f55349e8d9e5737c23816bbb5a0f42225,Down,16.00,9.5625,,,0xeff2e2daeecc087e7d069a6a1c3a6ba60e1df53dd1c552976864d80f1ddd4552
2026-06-04 18:32:40,"Bitcoin Up or Down - June 4, 2:30PM-2:35PM ET",0x51dcfba27586c391de127ab5a8e9baa4680d301a39f09db459e9b05f49102973,Down,59.00,1.847456,,,0x100e4e535e677f68dcb4f43dbf3403373fdee4d5852d84a3eaab94fa44950d9c
2026-06-04 18:32:40,"Bitcoin Up or Down - June 4, 2:30PM-2:35PM ET",0x51dcfba27586c391de127ab5a8e9baa4680d301a39f09db459e9b05f49102973,Down,59.00,5,,,0xaf2a1562430b6ce02a4337887499a4b4410a5162f8165208e515f944f4ce0d5d
2026-06-04 18:32:40,"Bitcoin Up or Down - June 4, 2:30PM-2:35PM ET",0x51dcfba27586c391de127ab5a8e9baa4680d301a39f09db459e9b05f49102973,Up,41.00,5.609755,,,0x34b91683f021e1bdb67a16c517b9df34a7e6d417d72322ad128bff28fb9b734c
2026-06-04 18:32:40,"Bitcoin Up or Down - June 4, 2PM ET",0x3abc093600d2793741018001059df76f55349e8d9e5737c23816bbb5a0f42225,Down,15.00,8.87,,,0x126f9f8c948fa845257b79a737e8a8b48a1c825bd28b926e5109e492f51f7781
2026-06-04 18:32:40,"Bitcoin Up or Down - June 4, 2:30PM-2:35PM ET",0x51dcfba27586c391de127ab5a8e9baa4680d301a39f09db459e9b05f49102973,Down,58.00,1,,,0x4d2e513500b0641bd69d57be1ff946b456b45b5af7a89f4be07dde9c766c004b
2026-06-04 18:32:40,"Bitcoin Up or Down - June 4, 2:30PM-2:35PM ET",0x51dcfba27586c391de127ab5a8e9baa4680d301a39f09db459e9b05f49102973,Down,64.00,5,,,0x2a29df13a312b32788f0741641737b0aaf3420cc5eecc98616bddc1948d45205
2026-06-04 18:32:40,"Bitcoin Up or Down - June 4, 2:30PM-2:35PM ET",0x51dcfba27586c391de127ab5a8e9baa4680d301a39f09db459e9b05f49102973,Down,59.00,11,,,0x66bceabf338f755b1f54f79bab130fc012218886590b41f2f7fb5e100b3475d4
2026-06-04 18:32:40,"Bitcoin Up or Down - June 4, 2:30PM-2:35PM ET",0x51dcfba27586c391de127ab5a8e9baa4680d301a39f09db459e9b05f49102973,Down,59.00,15,,,0x5622022625f8768ce300b9a47992f665ee0db401bfc2dd4a918a6535975c7271
2026-06-04 18:32:40,"Bitcoin Up or Down - June 4, 2:30PM-2:35PM ET",0x51dcfba27586c391de127ab5a8e9baa4680d301a39f09db459e9b05f49102973,Down,58.92,25.02,,,0xd894aade4d1f2bb88754dac73d6fcf1fca59751ec471b133cafd173c3ce57efc
2026-06-04 18:32:40,"XRP Up or Down - June 4, 2:30PM-2:45PM ET",0xe15914db46c5709be331549193e61701d2c15fc90d46f490cb3bcb1d62bcff37,Up,34.00,5.882351,,,0x81bf7ac16cff0d8a21dc4fd806ae3a0f8b03da07c168965f1659b8703109db50
2026-06-04 18:32:40,"Bitcoin Up or Down - June 4, 2:30PM-2:35PM ET",0x51dcfba27586c391de127ab5a8e9baa4680d301a39f09db459e9b05f49102973,Down,60.00,13,,,0xa2f843abdcf40042d6a203b2fa2b02f49025ccdffcd5d63e507e1e05cb0255c0
2026-06-04 18:32:40,"Bitcoin Up or Down - June 4, 2:30PM-2:35PM ET",0x51dcfba27586c391de127ab5a8e9baa4680d301a39f09db459e9b05f49102973,Down,58.00,1,,,0x8d378988afa29b921ca79dd6605a0f6a42a81c6096c642fc5d5fe99de0884900
2026-06-04 18:32:40,"Bitcoin Up or Down - June 4, 2:30PM-2:35PM ET",0x51dcfba27586c391de127ab5a8e9baa4680d301a39f09db459e9b05f49102973,Down,58.00,1,,,0x840e74921b549059de55c79d157d3de69ed6067deb1de30f2effe4bcc03cfd73
2026-06-04 18:32:40,"Bitcoin Up or Down - June 4, 2:30PM-2:35PM ET",0x51dcfba27586c391de127ab5a8e9baa4680d301a39f09db459e9b05f49102973,Down,59.00,1,,,0x1a403dcb156f515b9336b39de4e2e296169d05e1b812d8e740334799ed03c6fc
2026-06-04 18:32:40,"Bitcoin Up or Down - June 4, 2:30PM-2:35PM ET",0x51dcfba27586c391de127ab5a8e9baa4680d301a39f09db459e9b05f49102973,Down,59.00,1,,,0x8aaa250a94965380d2fcdc2478f625d5ed10103991720fa77c59ae92c27fe985
2026-06-04 18:32:40,"Bitcoin Up or Down - June 4, 2:30PM-2:35PM ET",0x51dcfba27586c391de127ab5a8e9baa4680d301a39f09db459e9b05f49102973,Up,40.00,76.4,,,0x88687dc5117a085b7eb915fb37ee2627663c1722a8540d10ef55dedddc52c6bf
2026-06-04 18:32:40,"XRP Up or Down - June 4, 2:30PM-2:35PM ET",0xc5313621721be12687f36dc6855de28a6e4ff03d38c5e6a4b8d7dd0904b5ff2e,Up,25.45,7.307691,,,0x662b8dfbce6fbc70808f6bf8ad39dbe5c07d4551857fec38927530961950a23c
2026-06-04 18:32:40,"Bitcoin Up or Down - June 4, 2:30PM-2:35PM ET",0x51dcfba27586c391de127ab5a8e9baa4680d301a39f09db459e9b05f49102973,Down,61.00,11,,,0xbd7d11cd3f2c862b8508be130e71ce5be70c1f54ae93f5d686427037246f67bb
2026-06-04 18:32:40,"Bitcoin Up or Down - June 4, 2:30PM-2:35PM ET",0x51dcfba27586c391de127ab5a8e9baa4680d301a39f09db459e9b05f49102973,Up,35.81,48.48,,,0xcd9489265737dc32cb614ed6b45acdeb40428187f0739a6aa4df8534f2ab2de3
2026-06-04 18:32:40,Cleveland Guardians vs. New York Yankees,0xfdbba7f905701ebf33b6c83d38d8d39a1c40c49ea0f36d86bf0571aed682f2c6,Cleveland Guardians,39.00,11.564101,,,0xbb16e5f18d62e307de66c6a53573d960c9432b2abb54a60f169c9b669e020db3
2026-06-04 18:32:40,"Bitcoin Up or Down - June 4, 2:30PM-2:35PM ET",0x51dcfba27586c391de127ab5a8e9baa4680d301a39f09db459e9b05f49102973,Down,61.00,8.06,,,0xeae549ffe9857f0565bccf8bf281064f9570e6a4ab34b0945b8c1d3967cbb785
2026-06-04 18:32:40,"Bitcoin Up or Down - June 4, 2:30PM-2:35PM ET",0x51dcfba27586c391de127ab5a8e9baa4680d301a39f09db459e9b05f49102973,Down,59.00,1,,,0xd9d04429ffe214d8fb30c55e22449752e0bba451c1a6d3b8ee7cdd15ad62a908
2026-06-04 18:32:40,"Bitcoin Up or Down - June 4, 2:30PM-2:45PM ET",0x061b207481cf9dc7bad7c8bd43dc5ab08279152de197ef0c762d58cebb490386,Up,43.00,5.348836,,,0xa2685a89e36a3099008b981fd2081a599b1f02154a6afe729759dd0476b876a2
2026-06-04 18:32:40,"Bitcoin Up or Down - June 4, 2:30PM-2:35PM ET",0x51dcfba27586c391de127ab5a8e9baa4680d301a39f09db459e9b05f49102973,Down,59.18,17,,,0x22974a73044a82f4c55c04290711ecfdfa76e9223aa3d124fa6c085576ebf36c
2026-06-04 18:32:40,"Ethereum Up or Down - June 4, 2:30PM-2:35PM ET",0x86ef98a9e5ca2ea5dc2e9053559b1221ff292d54ba6752bf6e3a5c5b5f426eef,Up,12.00,8.5,,,0xa8261fdbb740875969eb7f446772c95819ded0e138dbc1bfb3359407064ebdc3
2026-06-04 18:32:40,"Ethereum Up or Down - June 4, 2:30PM-2:35PM ET",0x86ef98a9e5ca2ea5dc2e9053559b1221ff292d54ba6752bf6e3a5c5b5f426eef,Up,12.00,8.666665,,,0x9ce8c8ac1cc8ef31cda7edd0523ff2e77200028f45c5b3f364aff0d5b212fb0e
2026-06-04 18:32:40,"Bitcoin Up or Down - June 4, 2PM ET",0x3abc093600d2793741018001059df76f55349e8d9e5737c23816bbb5a0f42225,Down,15.00,50,,,0x09e5ca50b9b14d0241edb804883424333015d6abf0b8b3d482f755a7ecbae7fc
2026-06-04 18:32:40,"Bitcoin Up or Down - June 4, 2:50PM-2:55PM ET",0xe67bceb93cd5c3b30edec7cdd9b8e27bd153efe9f0872531bcbd77b5956a8034,Down,50.00,5,,,0xff518ec7c51eb1aba3dacc4c8c428005d81b7af8130ecd698591108fa7c08432
2026-06-04 18:32:40,"Bitcoin Up or Down - June 4, 2:30PM-2:35PM ET",0x51dcfba27586c391de127ab5a8e9baa4680d301a39f09db459e9b05f49102973,Up,41.00,102.8,,,0x5c0792d25a144f0dd89511582101530d684780baaf9b9b08b810ba48921f92e3
2026-06-04 18:32:40,"Bitcoin Up or Down - June 4, 2:30PM-2:35PM ET",0x51dcfba27586c391de127ab5a8e9baa4680d301a39f09db459e9b05f49102973,Down,60.00,1.816665,,,0x5ddd33d115aa7e302baad21db4fbaa83d828de2cd7b228f3c781ff6865774832
2026-06-04 18:32:40,"Bitcoin Up or Down - June 4, 2:30PM-2:35PM ET",0x51dcfba27586c391de127ab5a8e9baa4680d301a39f09db459e9b05f49102973,Down,60.00,1.666665,,,0x1e79eee75061975c861e86bff739aeb6629e6983bd5a61332e22c6b0b7f54b8f
2026-06-04 18:32:40,"XRP Up or Down - June 4, 2:30PM-2:35PM ET",0xc5313621721be12687f36dc6855de28a6e4ff03d38c5e6a4b8d7dd0904b5ff2e,Up,26.00,5.961537,,,0x2ebd78ce66c45bc2ffbdfd97aa3e333b6992602171e43e317b533f74b2db49f8
2026-06-04 18:32:40,"Bitcoin Up or Down - June 4, 2:30PM-2:45PM ET",0x061b207481cf9dc7bad7c8bd43dc5ab08279152de197ef0c762d58cebb490386,Up,43.00,6.162789,,,0xf41318953492563e5446fe8938530ab36357c6f3c5e6d9065ecfa63d43bfeb5f
2026-06-04 18:32:40,"Bitcoin Up or Down - June 4, 2:35PM-2:40PM ET",0x9374a51a047c41b1d2edc14fde3cf50a058b6c76df18dc47c0010e18001027ac,Down,50.00,6,,,0xb8992aa71a410be76cf1e2b1d037aebb12798fb1f5a6bd7ad62d3b06ef754ce4
2026-06-04 18:32:40,"Bitcoin Up or Down - June 4, 2:30PM-2:35PM ET",0x51dcfba27586c391de127ab5a8e9baa4680d301a39f09db459e9b05f49102973,Up,40.00,54.5,,,0x1e5850fb62d91d9b2c3bcedde5adff3772438b2315891a0057bca8d30acc5bd1
2026-06-04 18:32:40,"Bitcoin Up or Down - June 4, 2:30PM-2:35PM ET",0x51dcfba27586c391de127ab5a8e9baa4680d301a39f09db459e9b05f49102973,Down,60.00,18.75,,,0x220cb9b0b93ea5a4a39bb734876ed3eff9bffb63dafe6188815ba40456a60bd6
2026-06-04 18:32:40,Sweden vs. Greece: O/U 2.5,0xe3f685835d7fc6afbbc5de38ef7400dee5c8d06d43d7fcf1f90044e0025298d9,Over,99.00,234.92,,,0xa5078017ef598e0e8eb8a8376171817a9a99dd3d64a822bd188710db6b0d0310
2026-06-04 18:32:40,"XRP Up or Down - June 4, 2:30PM-2:45PM ET",0xe15914db46c5709be331549193e61701d2c15fc90d46f490cb3bcb1d62bcff37,Up,34.00,5.588234,,,0x7828703faa9ca9ac45515f8b4cbe9e5d7f343eb02673de7b52a4d7972845f631
2026-06-04 18:32:40,"Bitcoin Up or Down - June 4, 2:30PM-2:35PM ET",0x51dcfba27586c391de127ab5a8e9baa4680d301a39f09db459e9b05f49102973,Down,61.00,8.06,,,0xafecbc55ec7ec0a9ef237dd0c37e2d2b9bc372435c63630593eaf8c078135af6
2026-06-04 18:32:40,"Bitcoin Up or Down - June 4, 2:30PM-2:35PM ET",0x51dcfba27586c391de127ab5a8e9baa4680d301a39f09db459e9b05f49102973,Down,59.00,1,,,0xc19ba7f0591521412512ccd3efc44672e6efbb3b01a86ed862911da6fce8a2f8
2026-06-04 18:32:40,"Ethereum Up or Down - June 4, 2:30PM-2:45PM ET",0x0eda108c856a95c6c7500d6d9f0c485369bf3b129f46fd2834abccaa800bd387,Up,26.00,23,,,0x343b794cba3c13be7b2c85698b466f3f43211727ba814aaa1fb40a40d92e3291
2026-06-04 18:32:40,"Bitcoin Up or Down - June 4, 2:30PM-2:35PM ET",0x51dcfba27586c391de127ab5a8e9baa4680d301a39f09db459e9b05f49102973,Up,36.00,5,,,0xd3e06c9e50681f43030a1269bceab640a461b5aa0b83b76c90bded8282edb0de
2026-06-04 18:32:40,"Bitcoin Up or Down - June 4, 2:30PM-2:35PM ET",0x51dcfba27586c391de127ab5a8e9baa4680d301a39f09db459e9b05f49102973,Up,41.00,5.609755,,,0xfff7baed41b0d810e804633ddb2313a84949681a4b415d7e36d260c3dfcb6afa
2026-06-04 18:32:40,"Solana Up or Down - June 4, 2:30PM-2:35PM ET",0x4908916f4e744dc6dcdc604e790a5e2fa2a7c0174afa21cb1638dc2aaa665149,Up,28.00,7.25,,,0x6ff44a0404739e4cbccb64b6ba6bb34b382a69dd79fee5f3e4f0f9a471902980
2026-06-04 18:32:40,"Bitcoin Up or Down - June 4, 2:30PM-2:35PM ET",0x51dcfba27586c391de127ab5a8e9baa4680d301a39f09db459e9b05f49102973,Down,66.48,5,,,0x3389fea82b2b74db3505c06f3a9a3780d8a8ca3bae683440105ffa85fc2db505
2026-06-04 18:32:40,Tyler: Braden Shick vs Masamichi Imamura,0xb17c9ec7f7fc3ba7393e3687295edca50c5f8b25173f3a1d48eb10b8f254729c,Braden Shick,57.00,26.6,,,0x18841c2d299754bc2ba52263b9a735583a8a7f34f91e5d1f1581306585b084de
2026-06-04 18:32:40,"Solana Up or Down - June 4, 2:30PM-2:45PM ET",0x717adb22fca935fabda1bba78df51a1e840f3fba98479c7884178a42aa9cc485,Up,40.00,6,,,0xfe77e57520f667e59dea246450fa5281cf51f680605d75c0befdc30f2dfebf6c
2026-06-04 18:32:40,Will Greece win on 2026-06-04?,0x7050a08e992792746d9198f03136ac5b9f1010547a6c77195841f9eace5c8719,Yes,3.00,33.333332,,,0xec3850c8b198c0ff177736e437ef1ea78338fa9df59951ce92e6d94315157ab3
2026-06-04 18:32:40,"Bitcoin Up or Down - June 4, 2:30PM-2:35PM ET",0x51dcfba27586c391de127ab5a8e9baa4680d301a39f09db459e9b05f49102973,Down,61.00,8.08,,,0x28c329495aa324fcc5e2cc2394b89c8340b7bc95be16857b928986e037c68c71
2026-06-04 18:32:40,"Ethereum Up or Down - June 4, 2:30PM-2:35PM ET",0x86ef98a9e5ca2ea5dc2e9053559b1221ff292d54ba6752bf6e3a5c5b5f426eef,Up,12.00,9.333332,,,0xf2cbff1b96b3e0c1610298acef33b7b158d09b421e12127aa15e999f89d22404
2026-06-04 18:32:39,"Bitcoin Up or Down - June 4, 2:30PM-2:35PM ET",0x51dcfba27586c391de127ab5a8e9baa4680d301a39f09db459e9b05f49102973,Down,60.00,11.32,,,0x1671eb4fd281a4a300621bd8ec63fc800613a0869f95e1942f1aebd40619b46b
2026-06-04 18:32:39,"Bitcoin Up or Down - June 4, 2:30PM-2:35PM ET",0x51dcfba27586c391de127ab5a8e9baa4680d301a39f09db459e9b05f49102973,Down,60.00,5,,,0xee2a0afaf1ce2f0e7aa1c5ffb33b5e88377685eb4fdd4e4a5fe3f3a9fde24e0d
2026-06-04 18:32:39,"Ethereum Up or Down - June 4, 2:30PM-2:45PM ET",0x0eda108c856a95c6c7500d6d9f0c485369bf3b129f46fd2834abccaa800bd387,Down,75.00,10,,,0xe65a5543061b0096f311de1e4ac7ac84676e3f88e0f242cea880db7ddc720df6
2026-06-04 18:32:39,"Ethereum Up or Down - June 4, 2:30PM-2:35PM ET",0x86ef98a9e5ca2ea5dc2e9053559b1221ff292d54ba6752bf6e3a5c5b5f426eef,Down,88.00,0.32,,,0xfebe6873e304067b86a4504fbc7ee326af2b6b651122350b8753efbb8776d6de
2026-06-04 18:32:39,"Bitcoin Up or Down - June 4, 2:30PM-2:35PM ET",0x51dcfba27586c391de127ab5a8e9baa4680d301a39f09db459e9b05f49102973,Up,40.00,24.975,,,0xda74ae1841ff90877f9e1b8f47efb7d395b3daa88d9a4feb41bd79e723a9a249
2026-06-04 18:32:39,"Bitcoin Up or Down - June 4, 2:30PM-2:35PM ET",0x51dcfba27586c391de127ab5a8e9baa4680d301a39f09db459e9b05f49102973,Up,24.65,40.161152,,,0x5c27e743855b4962db2378a6a33cd8689a94270ee00c8471df5bc206faf4499c
2026-06-04 18:32:39,"Bitcoin Up or Down - June 4, 2:30PM-2:35PM ET",0x51dcfba27586c391de127ab5a8e9baa4680d301a39f09db459e9b05f49102973,Down,60.00,21.26,,,0x586ee42c5be7d8b408f4f383b5e8230d87cd859c3ba0f7e0becbc1acd3e914bd
2026-06-04 18:32:39,"Solana Up or Down - June 4, 2:30PM-2:35PM ET",0x4908916f4e744dc6dcdc604e790a5e2fa2a7c0174afa21cb1638dc2aaa665149,Up,29.00,5,,,0xb81a95a8588f5c08d7fcfabcee10be0fe82a7b1cb999e60c6cbd67303202c920
2026-06-04 18:32:39,"Bitcoin Up or Down - June 4, 2:30PM-2:45PM ET",0x061b207481cf9dc7bad7c8bd43dc5ab08279152de197ef0c762d58cebb490386,Up,42.00,23.809522,,,0x05084d192bf460dbfced56f18885766b44cda2a9f9bced1a491d763cc61a15fc
2026-06-04 18:32:39,"Bitcoin Up or Down - June 4, 2:30PM-2:35PM ET",0x51dcfba27586c391de127ab5a8e9baa4680d301a39f09db459e9b05f49102973,Down,70.00,1.25,,,0xe7cfeded60202c01be0846d04ef51cf54ff3ca44ff3939d8a3e7ef4ecdebded0
2026-06-04 18:32:39,"Bitcoin Up or Down - June 4, 2:30PM-2:35PM ET",0x51dcfba27586c391de127ab5a8e9baa4680d301a39f09db459e9b05f49102973,Up,40.00,61.875,,,0x9342d8aa63281aac4670fb684586c7787dacd4d48cca2fec6a5d7f842d08ee6d
2026-06-04 18:32:39,"Bitcoin Up or Down - June 4, 2:30PM-2:35PM ET",0x51dcfba27586c391de127ab5a8e9baa4680d301a39f09db459e9b05f49102973,Up,39.86,75.264,,,0xb728901c07306bacecbb788c5536fdc179a4cd117f3ca16e1c12c9160c9fb1fc
2026-06-04 18:32:39,"Bitcoin Up or Down - June 4, 2:30PM-2:35PM ET",0x51dcfba27586c391de127ab5a8e9baa4680d301a39f09db459e9b05f49102973,Up,30.00,28.6,,,0xee50a3b516346afd204e41f0b24729bf95911a658bc43693d482884da8aefed7
2026-06-04 18:32:39,"Bitcoin Up or Down - June 4, 2:30PM-2:35PM ET",0x51dcfba27586c391de127ab5a8e9baa4680d301a39f09db459e9b05f49102973,Up,36.59,50,,,0x312ce78590fad3960f260c8a62cb75d073ddc0f6c8c3ee5287df8b8124a73759
2026-06-04 18:32:39,"Bitcoin Up or Down - June 4, 2:30PM-2:35PM ET",0x51dcfba27586c391de127ab5a8e9baa4680d301a39f09db459e9b05f49102973,Up,35.00,128,,,0xd4ae67401c9a97b901298632c9b39c47c66f182d83f63f89beb3822999195b9d
2026-06-04 18:32:39,"Bitcoin Up or Down - June 4, 2:30PM-2:35PM ET",0x51dcfba27586c391de127ab5a8e9baa4680d301a39f09db459e9b05f49102973,Down,65.00,15,,,0xbe5dba60982b9565ebde7ae3210cb6e9ee1a216ef10e0cb11b28292b7be38f46
2026-06-04 18:32:39,"Bitcoin Up or Down - June 4, 2:30PM-2:35PM ET",0x51dcfba27586c391de127ab5a8e9baa4680d301a39f09db459e9b05f49102973,Up,36.00,25,,,0x2c1446bf0e04167d0c8a9c33ce1ff9fa63ec294ec7d78391172aa91fca23b851
2026-06-04 18:32:39,"Bitcoin Up or Down - June 4, 2:30PM-2:45PM ET",0x061b207481cf9dc7bad7c8bd43dc5ab08279152de197ef0c762d58cebb490386,Up,42.00,5.119046,,,0x0d547613bc737ff2a873a6a36d9cc2d51d56cc40e41b63cb091a91397e4cf32e
2026-06-04 18:32:39,"Bitcoin Up or Down - June 4, 2:30PM-2:35PM ET",0x51dcfba27586c391de127ab5a8e9baa4680d301a39f09db459e9b05f49102973,Up,35.66,14.019721,,,0x9153c0a1cf20ac465e8eabce13b29afffe3bf990ac37dfec03ac685f32b8eb0f
2026-06-04 18:32:39,"Bitcoin Up or Down - June 4, 2:30PM-2:35PM ET",0x51dcfba27586c391de127ab5a8e9baa4680d301a39f09db459e9b05f49102973,Up,35.00,25,,,0xe66d33724f6c3f2b7082d0c806e434a778e31e5f0b4cdf502584bdd0bc79ebcc
2026-06-04 18:32:39,"Bitcoin Up or Down - June 4, 2:30PM-2:35PM ET",0x51dcfba27586c391de127ab5a8e9baa4680d301a39f09db459e9b05f49102973,Up,35.00,25,,,0x48d10731a8cea1b46ead83b03597b6b5726f6ab5121413495e883883e49aceec
2026-06-04 18:32:39,"Bitcoin Up or Down - June 4, 2:30PM-2:45PM ET",0x061b207481cf9dc7bad7c8bd43dc5ab08279152de197ef0c762d58cebb490386,Down,59.00,50.847456,,,0x126b7228db1fa1ee1c5a7068117a080f4a78175732dea78fb31eb47bc24aebf3
2026-06-04 18:32:39,"Bitcoin Up or Down - June 4, 2:30PM-2:45PM ET",0x061b207481cf9dc7bad7c8bd43dc5ab08279152de197ef0c762d58cebb490386,Up,41.00,5,,,0xaac49d7533c9acc7e7d972ec6d189d5f2010d181e0328b79b529ef3f7a40711b
2026-06-04 18:32:39,"Bitcoin Up or Down - June 4, 2:30PM-2:45PM ET",0x061b207481cf9dc7bad7c8bd43dc5ab08279152de197ef0c762d58cebb490386,Down,58.00,1,,,0x90d0f1a24630b7a2ebb613b1bf151d711f4f537d97abf61221e2a784ae4e64ce
2026-06-04 18:32:39,"Bitcoin Up or Down - June 4, 2:30PM-2:35PM ET",0x51dcfba27586c391de127ab5a8e9baa4680d301a39f09db459e9b05f49102973,Up,33.64,29.42857,,,0xe52e1df0ce3c4c7ebff029ac65ea620f6bf40fa68c31cfb2063fd805caf21ce8
2026-06-04 18:32:39,Will the highest temperature in Los Angeles be 74°F or higher on June 5?,0xd118f054b08bd619f44c79851da3e971ca8468e1612dbb44c4206a0b2c2763e0,Yes,18.49,158.48,,,0x651990618dd6ce6ee25e9ede48e68355a2d43750ea2277ca65ac593c926c1f1e
2026-06-04 18:32:39,"Bitcoin Up or Down - June 4, 2:30PM-2:35PM ET",0x51dcfba27586c391de127ab5a8e9baa4680d301a39f09db459e9b05f49102973,Up,23.00,20.83,,,0x57e650dfa07d75aef970f5dedece7dee517a72514b51858a2faac76bd5cb4158
2026-06-04 18:32:39,"Bitcoin Up or Down - June 4, 2:30PM-2:35PM ET",0x51dcfba27586c391de127ab5a8e9baa4680d301a39f09db459e9b05f49102973,Up,20.00,10,,,0xa3bde11821226bc28b0b035644e0eb86348088d5d5e0e5fc469c41515c1cb329
2026-06-04 18:32:39,"Bitcoin Up or Down - June 4, 2:30PM-2:35PM ET",0x51dcfba27586c391de127ab5a8e9baa4680d301a39f09db459e9b05f49102973,Up,35.00,2.857141,,,0x11e3125936a7d841a8b88f8c6a21cf583c803987176338f51b2b5e3771aaff57
2026-06-04 18:32:39,"Ethereum Up or Down - June 4, 2:30PM-2:35PM ET",0x86ef98a9e5ca2ea5dc2e9053559b1221ff292d54ba6752bf6e3a5c5b5f426eef,Down,89.00,0.65,,,0x3efbce7e6796bcc8bdc7b3655e75069e8b1d19db66cd28af789f916dcf601061
2026-06-04 18:32:39,"Bitcoin Up or Down - June 4, 2:30PM-2:35PM ET",0x51dcfba27586c391de127ab5a8e9baa4680d301a39f09db459e9b05f49102973,Up,31.22,45.41,,,0x4afcebc85790040713f9a855748136f5a62a6e0cd32f4e38c17355fb603b6077
2026-06-04 18:32:39,"Bitcoin Up or Down - June 4, 2:30PM-2:45PM ET",0x061b207481cf9dc7bad7c8bd43dc5ab08279152de197ef0c762d58cebb490386,Down,58.00,1,,,0xbea562c6e3d3ddd8c1c1ba4df2fa8ce347c602cf831e0aa4243013469191f1fa
2026-06-04 18:32:39,"Bitcoin Up or Down - June 4, 2:30PM-2:35PM ET",0x51dcfba27586c391de127ab5a8e9baa4680d301a39f09db459e9b05f49102973,Up,30.00,16.5,,,0x9d47564d32753504a82344e50352f5d4c0a10bf608ce5f329412f6ae6d3f81c7
2026-06-04 18:32:39,"Bitcoin Up or Down - June 4, 2:30PM-2:45PM ET",0x061b207481cf9dc7bad7c8bd43dc5ab08279152de197ef0c762d58cebb490386,Down,58.00,1,,,0x8d9f1654acc38f8cf7463f3863f1b1bca3842dcfd0fafe5fb1ea34a5b518e3d6
2026-06-04 18:32:39,"Bitcoin Up or Down - June 4, 2:30PM-2:35PM ET",0x51dcfba27586c391de127ab5a8e9baa4680d301a39f09db459e9b05f49102973,Down,78.00,6.34615,,,0x317ce10a3db254e8e5d51bbec75fa6b0ea1a82d40bd117a3abb8124946fbb210
2026-06-04 18:32:39,"Bitcoin Up or Down - June 4, 2:30PM-2:45PM ET",0x061b207481cf9dc7bad7c8bd43dc5ab08279152de197ef0c762d58cebb490386,Down,58.00,2,,,0xc536d283c7d214904ad5c3b11211fc32435a95b1e55937e216b94142c6405c69
2026-06-04 18:32:39,"Bitcoin Up or Down - June 4, 2:30PM-2:35PM ET",0x51dcfba27586c391de127ab5a8e9baa4680d301a39f09db459e9b05f49102973,Up,19.80,159,,,0x846e28f54839f73f91b2af989f375b156474e2dcd481eff2213fcb6cd8c93a35
2026-06-04 18:32:39,Will the Fed decrease interest rates by 50+ bps after the June 2026 meeting?,0x4e4a7df876b0c04f0b8b29b9073eddfbaf5c787192da825ae7ca1031bc8cfd15,No,99.60,72.61025,,,0xc7db55e6b22060514fcf70ec079fdce77ca4665ea7dac3ed7021909da6233664
2026-06-04 18:32:39,"Bitcoin Up or Down - June 4, 2:30PM-2:45PM ET",0x061b207481cf9dc7bad7c8bd43dc5ab08279152de197ef0c762d58cebb490386,Down,56.70,5.55,,,0x8e7a448a1ec0915c654c4751666c28f447156e457006a1ff81410ab9712d0ec2
2026-06-04 18:32:39,Barcelona vs. CB Murcia,0x119414c31aaca933a8dce2b0f7893351a145e01858226c16fe01a94326427a3e,Barcelona,39.00,3.33,,,0xbbcadb2523f6de4d385e76b920b605fcac904c626acb28a719778b915eb661d7
2026-06-04 18:32:39,"Bitcoin Up or Down - June 4, 2:30PM-2:45PM ET",0x061b207481cf9dc7bad7c8bd43dc5ab08279152de197ef0c762d58cebb490386,Up,43.00,10,,,0xbd89622d5c70c543afadaa87c0948610ee1f5591efed83d0e713ed85fad760de
2026-06-04 18:32:39,"Solana Up or Down - June 4, 2:30PM-2:35PM ET",0x4908916f4e744dc6dcdc604e790a5e2fa2a7c0174afa21cb1638dc2aaa665149,Up,26.00,7.730768,,,0x7967effb8328ccd2c34f8360456c664aca644ebc2d92aa7014cfb969b6b265ac
2026-06-04 18:32:39,"Bitcoin Up or Down - June 4, 2:30PM-2:35PM ET",0x51dcfba27586c391de127ab5a8e9baa4680d301a39f09db459e9b05f49102973,Down,68.00,6.41,,,0x635b17247ece686a1f2e463c8dcf12f83c300dd078aa4e0ad153fb070200d4a0
2026-06-04 18:32:39,"Bitcoin Up or Down - June 4, 2:30PM-2:35PM ET",0x51dcfba27586c391de127ab5a8e9baa4680d301a39f09db459e9b05f49102973,Up,35.00,3.257141,,,0xb48399e7a583be4bc69e9b823f6f0da769d535a2c50eea3f623ac16a4a0817c0
2026-06-04 18:32:39,Will Graham Platner be the Democratic nominee for Senate in Maine?,0x807a5bd3d52942c2d8b58bf71a583d4aa03a637f3fd9ff7a7c4a1ad818003067,No,6.60,5,,,0xd9378dd6ae96d90ec3775f3a5725b8ac1ee99e29e2fbc84b7608a600e6c31504
2026-06-04 18:32:39,"Bitcoin Up or Down - June 4, 2:30PM-2:35PM ET",0x51dcfba27586c391de127ab5a8e9baa4680d301a39f09db459e9b05f49102973,Down,66.00,5,,,0xad5850fe45d5d7167f26bf142115fe2b21edfc09ad1c65ecc8dc0eac5e003350
2026-06-04 18:32:39,"Bitcoin Up or Down - June 4, 2:30PM-2:35PM ET",0x51dcfba27586c391de127ab5a8e9baa4680d301a39f09db459e9b05f49102973,Up,36.00,5,,,0x8db8af3ec33dac02e058c965981ab6e0de3791b6fb47dc700e0db51496b49e01
2026-06-04 18:32:39,"Bitcoin Up or Down - June 4, 2:30PM-2:35PM ET",0x51dcfba27586c391de127ab5a8e9baa4680d301a39f09db459e9b05f49102973,Up,32.54,99.99,,,0xde463644c53785aecb59878b7ee703019039eab7ac509bfcdfe69091aaa77d4d
2026-06-04 18:32:39,"XRP Up or Down - June 4, 2:30PM-2:45PM ET",0xe15914db46c5709be331549193e61701d2c15fc90d46f490cb3bcb1d62bcff37,Up,34.23,6.514284,,,0xdd5bbd5606ce0a00df0d85134df74fff9e8c769beb9c1b8ff68bde797f6468ac
2026-06-04 18:32:39,"Bitcoin Up or Down - June 4, 2PM ET",0x3abc093600d2793741018001059df76f55349e8d9e5737c23816bbb5a0f42225,Up,85.57,58.430228,,,0x7147de29dd6392cc4ff534152415ee84be2b4e19d24ad4dacd73c185e9994208
2026-06-04 18:32:39,"Bitcoin Up or Down - June 4, 2:30PM-2:45PM ET",0x061b207481cf9dc7bad7c8bd43dc5ab08279152de197ef0c762d58cebb490386,Down,59.72,11.72131,,,0x12f66ef406d4aa6bc6ae5aaaaf3bddb3590db83295dde359af04594c46b4d66f
2026-06-04 18:32:39,"Bitcoin Up or Down - June 4, 2:30PM-2:35PM ET",0x51dcfba27586c391de127ab5a8e9baa4680d301a39f09db459e9b05f49102973,Down,73.00,2.739725,,,0xcd3a0316a308113cd7013f8cd481cdec3bdad6073e15019bea0d953c635f0a2b
2026-06-04 18:32:39,"Bitcoin Up or Down - June 4, 2:30PM-2:35PM ET",0x51dcfba27586c391de127ab5a8e9baa4680d301a39f09db459e9b05f49102973,Down,58.09,112,,,0xc0d28d339a53b3bff780a131f41696d3698dd38b737f16b390e5070ef0a11206
2026-06-04 18:32:39,"Solana Up or Down - June 4, 2:30PM-2:35PM ET",0x4908916f4e744dc6dcdc604e790a5e2fa2a7c0174afa21cb1638dc2aaa665149,Up,23.15,59.05,,,0x40a04976dbcb3f31244af26842e68ef08009ad299ce13aba2aad3393435129a0
2026-06-04 18:32:39,"Bitcoin Up or Down - June 4, 2:30PM-2:45PM ET",0x061b207481cf9dc7bad7c8bd43dc5ab08279152de197ef0c762d58cebb490386,Up,43.00,10.372092,,,0x6b01dca8af7e60b48518b05d8302b49f1343080215dedc35e1fa725b10a4c868
2026-06-04 18:32:39,"Bitcoin Up or Down - June 4, 2:30PM-2:35PM ET",0x51dcfba27586c391de127ab5a8e9baa4680d301a39f09db459e9b05f49102973,Up,33.00,3,,,0x9e2eaff55926dec31bdac437b0c48717c3841ffcb05f1a1b13f3b4a090f7bd81
2026-06-04 18:32:39,"Bitcoin Up or Down - June 4, 2:30PM-2:35PM ET",0x51dcfba27586c391de127ab5a8e9baa4680d301a39f09db459e9b05f49102973,Down,67.00,5,,,0xe73498b2190671e348cc6e7aade70fa9347d712030dd31bb53ba64f583495bd4
2026-06-04 18:32:39,"Bitcoin Up or Down - June 4, 2:30PM-2:35PM ET",0x51dcfba27586c391de127ab5a8e9baa4680d301a39f09db459e9b05f49102973,Down,65.00,5,,,0x45c6c05d1c38b3ef1e8b3bda882bcb3fc2d47a054c75daccc47e2f66c6ad616d
2026-06-04 18:32:39,"Bitcoin Up or Down - June 4, 2:30PM-2:35PM ET",0x51dcfba27586c391de127ab5a8e9baa4680d301a39f09db459e9b05f49102973,Down,67.00,12.179103,,,0xd7dabf39655732773066194d4cc926e51e533009fdf0f0b9db5c96e318f4b394
2026-06-04 18:32:39,"Bitcoin Up or Down - June 4, 2:30PM-2:35PM ET",0x51dcfba27586c391de127ab5a8e9baa4680d301a39f09db459e9b05f49102973,Down,66.00,12.121211,,,0x4517f83e3ca0f64e1d43e1fa46bcb57c0725e453382c54a8a7a43c6136936c47
2026-06-04 18:32:39,"Bitcoin Up or Down - June 4, 2:30PM-2:35PM ET",0x51dcfba27586c391de127ab5a8e9baa4680d301a39f09db459e9b05f49102973,Down,68.00,1.470587,,,0xde0b6ae679a6503032b7637ef37a340222555371fb81d0b9b5e6295f4676b06c
2026-06-04 18:32:39,"Bitcoin Up or Down - June 4, 2:30PM-2:35PM ET",0x51dcfba27586c391de127ab5a8e9baa4680d301a39f09db459e9b05f49102973,Down,66.00,40,,,0x54f537bf96a9bf8e222b2a284bac199a6dc1d6b230bb3cd5e073c9a0cdfe3413
2026-06-04 18:32:39,"Bitcoin Up or Down - June 4, 2:30PM-2:35PM ET",0x51dcfba27586c391de127ab5a8e9baa4680d301a39f09db459e9b05f49102973,Up,35.00,25.61,,,0x73ae07f7f6606d4fd287aac0358802f41e1e69943a972ce563ea729546748b5e
2026-06-04 18:32:39,"Bitcoin Up or Down - June 4, 2:30PM-2:35PM ET",0x51dcfba27586c391de127ab5a8e9baa4680d301a39f09db459e9b05f49102973,Up,20.00,7,,,0x3e60d71ee0136075df9d00ea63299e8857dec1d199abe86e09c5e46af79a03fd
2026-06-04 18:32:39,"Bitcoin Up or Down - June 4, 2:30PM-2:35PM ET",0x51dcfba27586c391de127ab5a8e9baa4680d301a39f09db459e9b05f49102973,Down,68.00,1.470587,,,0xa906daea84d3020e81affd0fef5e3cffab086874805c6a4c17efab90d0f01db2
2026-06-04 18:32:39,"Bitcoin Up or Down - June 4, 2:30PM-2:35PM ET",0x51dcfba27586c391de127ab5a8e9baa4680d301a39f09db459e9b05f49102973,Down,68.00,63.38235,,,0x3dc5e34e01c4ee5b37b0e56b45fd799ec2888c3487be3ebe020c000dd86649dc
2026-06-04 18:32:39,"Bitcoin Up or Down - June 4, 2:30PM-2:45PM ET",0x061b207481cf9dc7bad7c8bd43dc5ab08279152de197ef0c762d58cebb490386,Up,43.00,2.32558,,,0x6444ae4b4f1723f6e066f071ef97369319bf374654c25ffdee4f549118c6745b
2026-06-04 18:32:39,"Bitcoin Up or Down - June 4, 2:30PM-2:35PM ET",0x51dcfba27586c391de127ab5a8e9baa4680d301a39f09db459e9b05f49102973,Down,68.00,1.470587,,,0x5c2a9fbde960598bf86fbb99552825d2bd717f95d27b35e942dbd0ca55cc6737
2026-06-04 18:32:39,"Bitcoin Up or Down - June 4, 2:30PM-2:35PM ET",0x51dcfba27586c391de127ab5a8e9baa4680d301a39f09db459e9b05f49102973,Down,66.00,18.181817,,,0xa7afcec0da93fd8c1fea8308ab96b8e82ce61811f9763c3fbab84cff9fb89b64
2026-06-04 18:32:39,"Bitcoin Up or Down - June 4, 2:30PM-2:35PM ET",0x51dcfba27586c391de127ab5a8e9baa4680d301a39f09db459e9b05f49102973,Up,35.00,11,,,0xb3006f731dfb72869794cfadbabb674f8ebb8d001eae85b1881141a106329027
2026-06-04 18:32:39,"Bitcoin Up or Down - June 4, 2:30PM-2:35PM ET",0x51dcfba27586c391de127ab5a8e9baa4680d301a39f09db459e9b05f49102973,Down,66.64,6.09,,,0x762204961d9212d4701ce2e56557af4e94cd06539496fd34bb3d34ba8298e826
2026-06-04 18:32:39,Will Andorra win on 2026-06-04?,0xab776168534d01a100f266e885dee0cd5ac1a9166edcda9aa89773da0a761b38,No,9.00,34,,,0x832c05cfa987769f91012c2fcfeacbc57c742db60d121bdd6293e0656ed0e365
2026-06-04 18:32:39,"Bitcoin Up or Down - June 4, 2:30PM-2:35PM ET",0x51dcfba27586c391de127ab5a8e9baa4680d301a39f09db459e9b05f49102973,Down,65.00,0.15,,,0x9116bf5d43ac1404cdcd92cce682dc5fa73c4e5ee897a82bd6e9681a0764223e
2026-06-04 18:32:39,"Bitcoin Up or Down - June 4, 2:30PM-2:35PM ET",0x51dcfba27586c391de127ab5a8e9baa4680d301a39f09db459e9b05f49102973,Down,68.00,1.617646,,,0xdc47d4d7309baf9f9b51531c29ef31cb0ded01c29303693d52759b14f5d6a2d1
2026-06-04 18:32:39,"Bitcoin Up or Down - June 4, 2:30PM-2:35PM ET",0x51dcfba27586c391de127ab5a8e9baa4680d301a39f09db459e9b05f49102973,Up,26.00,19.230768,,,0x73808ee2f002c13a7871efa2a9216eec0eafc421ef673b3f30116a8f86b47238
2026-06-04 18:32:39,Cleveland Guardians vs. New York Yankees,0xfdbba7f905701ebf33b6c83d38d8d39a1c40c49ea0f36d86bf0571aed682f2c6,New York Yankees,61.93,46.666664,,,0x71556e2c7652c49cf855248999fc606f1036c8647dd0a9c4a09b673e55d00346
2026-06-04 18:32:39,"Bitcoin Up or Down - June 4, 2:30PM-2:35PM ET",0x51dcfba27586c391de127ab5a8e9baa4680d301a39f09db459e9b05f49102973,Up,32.00,5,,,0x361c0112ddc413e3689d0e39ac0114976cb54fc25c73cadbe1ecb1155a12ab90
2026-06-04 18:32:39,"Bitcoin Up or Down - June 4, 2:30PM-2:35PM ET",0x51dcfba27586c391de127ab5a8e9baa4680d301a39f09db459e9b05f49102973,Down,68.00,6.4,,,0xbef595df5afdf078be7a96ea5a7a6340e35f34a566c323214c89b5f53eb36405
2026-06-04 18:32:39,"Bitcoin Up or Down - June 4, 2:30PM-2:35PM ET",0x51dcfba27586c391de127ab5a8e9baa4680d301a39f09db459e9b05f49102973,Up,38.00,5,,,0x665e10b63257ff28db59ecbbeaf2824604ba3c698f3b753a8100059f5139e406
2026-06-04 18:32:39,"Bitcoin Up or Down - June 4, 2:30PM-2:35PM ET",0x51dcfba27586c391de127ab5a8e9baa4680d301a39f09db459e9b05f49102973,Down,68.00,4.411762,,,0xe7596686d6bd5a3489f56e3ee169f363a4c613274f0ad95166c93cd45db3b569
2026-06-04 18:32:39,"XRP Up or Down - June 4, 2:30PM-2:35PM ET",0xc5313621721be12687f36dc6855de28a6e4ff03d38c5e6a4b8d7dd0904b5ff2e,Up,25.22,7.692306,,,0x269e03d50ed65ff47e87c9dec0103ef253dac29c98b187bc78fc3f2bc3919d94
2026-06-04 18:32:39,"Bitcoin Up or Down - June 4, 2:30PM-2:35PM ET",0x51dcfba27586c391de127ab5a8e9baa4680d301a39f09db459e9b05f49102973,Down,68.00,5.88235,,,0xda19099657efefbcf871b737a012d6472060ecc9f7f648e5002a71912ff5e4e7
2026-06-04 18:32:39,"Bitcoin Up or Down - June 4, 2:30PM-2:35PM ET",0x51dcfba27586c391de127ab5a8e9baa4680d301a39f09db459e9b05f49102973,Up,37.00,13.513512,,,0xd8ddcd337d029d3d124af3264394f18667be5f5ffa741c2f639822af0e66594c
2026-06-04 18:32:39,"Bitcoin Up or Down - June 4, 2:30PM-2:35PM ET",0x51dcfba27586c391de127ab5a8e9baa4680d301a39f09db459e9b05f49102973,Down,65.00,2.32,,,0x0248289bc8567844230b1943f7344546b4b4b8145ce79d482796c5b5cb4e074e
2026-06-04 18:32:39,"Bitcoin Up or Down - June 4, 2:30PM-2:35PM ET",0x51dcfba27586c391de127ab5a8e9baa4680d301a39f09db459e9b05f49102973,Up,35.00,28.84,,,0x3d930d780ab8e443ca3aa3e947e2659007c11ccc6a858abfcef9fd7d58675caf
2026-06-04 18:32:39,"Bitcoin Up or Down - June 4, 2:30PM-2:35PM ET",0x51dcfba27586c391de127ab5a8e9baa4680d301a39f09db459e9b05f49102973,Up,26.00,10.384614,,,0xa8fc6473d17208bc1c5aa2bfd49dd3a98fbaac2bf0636576e8bafe61ce24c081
2026-06-04 18:32:39,Will Sweden win on 2026-06-04?,0xdb2128a475e15e341d4ea0a5e5b86daea6d4141be9c6771564b320221c41c54b,Yes,79.00,339.83,,,0xb2d8bc978a5db9b6236a25f4715a7c69fa700790078217cb90fb27672a4a26a7
2026-06-04 18:32:39,Reyer Venezia vs. Virtus Bologna,0x293c0d35a1c186efc463b52aead86f45239ea84eaa0465dd918a0c55dfd6dea4,Reyer Venezia,34.00,1264.14,,,0x208a1798e6e51adb024824f1b738d2f4898f2a712cd78f04084a352da5b0aae9
2026-06-04 18:32:39,"Bitcoin Up or Down - June 4, 2:30PM-2:45PM ET",0x061b207481cf9dc7bad7c8bd43dc5ab08279152de197ef0c762d58cebb490386,Up,43.00,6.813952,,,0x8e8ba17463c85b5340615f3ade299780cb5acc98c8bd426c11cb880488cbbbce
2026-06-04 18:32:39,"Solana Up or Down - June 4, 2:30PM-2:35PM ET",0x4908916f4e744dc6dcdc604e790a5e2fa2a7c0174afa21cb1638dc2aaa665149,Up,25.71,7.311514,,,0x230a4de3c37956200c33b7a14b954e006764ad16eb66617a857657f0264503f9
2026-06-04 18:32:39,"Bitcoin Up or Down - June 4, 2:30PM-2:35PM ET",0x51dcfba27586c391de127ab5a8e9baa4680d301a39f09db459e9b05f49102973,Down,73.00,1.493148,,,0x036b1f3e0c4632533837c3c9e208f0570b2aca41ff1ab5a5edf252b8f7ae62a1
2026-06-04 18:32:39,"Bitcoin Up or Down - June 4, 2:30PM-2:35PM ET",0x51dcfba27586c391de127ab5a8e9baa4680d301a39f09db459e9b05f49102973,Up,30.93,22.5,,,0x27f0921aba8d42b1f4752587350f31d403aa2644387ac0525588b8cea46af37f
2026-06-04 18:32:39,"XRP Up or Down - June 4, 2:30PM-2:35PM ET",0xc5313621721be12687f36dc6855de28a6e4ff03d38c5e6a4b8d7dd0904b5ff2e,Up,26.00,10,,,0xa4abd0723a59fb37cc15d0eea2e6f7ff0c60f38884c0fb18ab76ed6159e11862
2026-06-04 18:32:39,"XRP Up or Down - June 4, 2:30PM-2:45PM ET",0xe15914db46c5709be331549193e61701d2c15fc90d46f490cb3bcb1d62bcff37,Up,36.00,5.472221,,,0x0291962e57332998bc75c2fb4b8ce582938d1fe4749feab1a08c6cd40bf87e20
2026-06-04 18:32:39,"Bitcoin Up or Down - June 4, 2:30PM-2:35PM ET",0x51dcfba27586c391de127ab5a8e9baa4680d301a39f09db459e9b05f49102973,Down,73.00,11.506848,,,0xe68bf723d32bf867e38dda8d9d8fcd3766e8bbfb48a0d891f8984a6f66a37d1c
2026-06-04 18:32:39,"Bitcoin Up or Down - June 4, 2:30PM-2:35PM ET",0x51dcfba27586c391de127ab5a8e9baa4680d301a39f09db459e9b05f49102973,Up,39.00,5,,,0x11278aeda83d6ade5e8560c784a44941a1e3ae35098fcee183611d67465e3902
2026-06-04 18:32:39,"Bitcoin Up or Down - June 4, 2:30PM-2:35PM ET",0x51dcfba27586c391de127ab5a8e9baa4680d301a39f09db459e9b05f49102973,Up,26.00,25,,,0xdb98e13da36629250911e9b661e3ccd27085c37acea57eb2352911cff9040010
2026-06-04 18:32:39,"Bitcoin Up or Down - June 4, 2:30PM-2:35PM ET",0x51dcfba27586c391de127ab5a8e9baa4680d301a39f09db459e9b05f49102973,Up,43.00,31,,,0x2639fa6965c80deb50ce71c40d22329aeac090d779e9dbf72707079456a9b976
2026-06-04 18:32:39,"Bitcoin Up or Down - June 4, 2:30PM-2:35PM ET",0x51dcfba27586c391de127ab5a8e9baa4680d301a39f09db459e9b05f49102973,Up,39.00,5,,,0xefd7f0d37a24ea2ec1a1d9b1d30feb0a96c6db12b5297fd83b7f9283672952c6
2026-06-04 18:32:39,"Bitcoin Up or Down - June 4, 2:30PM-2:35PM ET",0x51dcfba27586c391de127ab5a8e9baa4680d301a39f09db459e9b05f49102973,Down,73.00,6.849314,,,0xfb6cef7044c7a788d6df3d7164df986c7ab69c8266d40dc05cc89b5fafcaec30
2026-06-04 18:32:39,"Bitcoin Up or Down - June 4, 2:30PM-2:35PM ET",0x51dcfba27586c391de127ab5a8e9baa4680d301a39f09db459e9b05f49102973,Down,60.00,59,,,0x14f2d02885300b36052cd51513d496ac169de67435cffea2695e075ae927b84e
2026-06-04 18:32:39,"Bitcoin Up or Down - June 4, 2:30PM-2:35PM ET",0x51dcfba27586c391de127ab5a8e9baa4680d301a39f09db459e9b05f49102973,Down,70.59,20,,,0xcd89f3da8e5cb745fa8e346ec354b57e47a5415444df447c386c77ded5a992cc
2026-06-04 18:32:39,"Bitcoin Up or Down - June 4, 2:30PM-2:35PM ET",0x51dcfba27586c391de127ab5a8e9baa4680d301a39f09db459e9b05f49102973,Down,62.00,59,,,0xcb2444cccaf5eb9de9ccd1e9280bd7932232b23c84e22e79b3f6d620cf65ce01
2026-06-04 18:32:39,"Bitcoin Up or Down - June 4, 2:30PM-2:35PM ET",0x51dcfba27586c391de127ab5a8e9baa4680d301a39f09db459e9b05f49102973,Up,37.30,80.433683,,,0x06ac3d0297928a77f5545040e7549e29608b778fae87cf8e9458173bafb9aa16
2026-06-04 18:32:39,"Bitcoin Up or Down - June 4, 2:30PM-2:35PM ET",0x51dcfba27586c391de127ab5a8e9baa4680d301a39f09db459e9b05f49102973,Up,32.74,52,,,0xecbdc098c200ca7f6ff34b1e3a06a79b844746032144d37819cc35d718f72728
2026-06-04 18:32:39,"Bitcoin Up or Down - June 4, 2:30PM-2:35PM ET",0x51dcfba27586c391de127ab5a8e9baa4680d301a39f09db459e9b05f49102973,Down,68.00,6,,,0x940a91db28492963f28b87c02bfd196136b7992ecf10904dfe9b5fe141b9a62c
2026-06-04 18:32:39,"Bitcoin Up or Down - June 4, 2:30PM-2:35PM ET",0x51dcfba27586c391de127ab5a8e9baa4680d301a39f09db459e9b05f49102973,Down,61.41,5,,,0x32eddca8bc8b3eae7e6cebfb7441f22d9f1919cf2b035b6f579339de8e9e6375
2026-06-04 18:32:39,"Bitcoin Up or Down - June 4, 2:30PM-2:35PM ET",0x51dcfba27586c391de127ab5a8e9baa4680d301a39f09db459e9b05f49102973,Down,61.00,5,,,0x2f6830c031d5c54b838dcd4a8284007121f89ecd14ad76f432c62381565bb755
2026-06-04 18:32:39,"Bitcoin Up or Down - June 4, 2PM ET",0x3abc093600d2793741018001059df76f55349e8d9e5737c23816bbb5a0f42225,Down,16.00,20,,,0x26c691dc9a2be28f1781af1fa6cfab068e1f0d00903611eb144ff482e6c0e636
2026-06-04 18:32:39,"Bitcoin Up or Down - June 4, 2:30PM-2:35PM ET",0x51dcfba27586c391de127ab5a8e9baa4680d301a39f09db459e9b05f49102973,Down,61.00,5,,,0x19d4687d2340484f789ee86af27c128abf7f1c366b12031cc02982b6960f7a7e
2026-06-04 18:32:39,"Bitcoin Up or Down - June 4, 2:30PM-2:35PM ET",0x51dcfba27586c391de127ab5a8e9baa4680d301a39f09db459e9b05f49102973,Up,39.00,58.384614,,,0xe3c2b5827756498e4f2c849987556cdddd1a95c224fbb23dc0dec4bf96f10e83
2026-06-04 18:32:39,"Bitcoin Up or Down - June 4, 2:30PM-2:35PM ET",0x51dcfba27586c391de127ab5a8e9baa4680d301a39f09db459e9b05f49102973,Down,61.00,5,,,0xf85c72478be84a2493690c8499f733d98888b32ad55962b54749c7986b20acd1
2026-06-04 18:32:39,"Bitcoin Up or Down - June 4, 2:30PM-2:35PM ET",0x51dcfba27586c391de127ab5a8e9baa4680d301a39f09db459e9b05f49102973,Up,40.00,50,,,0x2191508361835c5baeef4264597d03a2855763f00693bf753f04f8c62678f674
2026-06-04 18:32:39,"Bitcoin Up or Down - June 4, 2:30PM-2:35PM ET",0x51dcfba27586c391de127ab5a8e9baa4680d301a39f09db459e9b05f49102973,Down,68.00,1.470587,,,0x81e8f2b6056432293b9f13f04d4b68a3325d1d827db24817c3ce9a59e7a610d9
2026-06-04 18:32:39,"Bitcoin Up or Down - June 4, 2:30PM-2:35PM ET",0x51dcfba27586c391de127ab5a8e9baa4680d301a39f09db459e9b05f49102973,Up,36.00,19,,,0x77ccf56d41c9b361561ccabf4d1896fcf0c25bcd9019244e3f41f92b417917f2
2026-06-04 18:32:39,"Bitcoin Up or Down - June 4, 2:30PM-2:35PM ET",0x51dcfba27586c391de127ab5a8e9baa4680d301a39f09db459e9b05f49102973,Down,64.00,6.41,,,0xd3897d52873cd3f76facec416beb7d2bae8643ea372c15898b7e24b3a89df857
2026-06-04 18:32:39,"Bitcoin Up or Down - June 4, 2:30PM-2:35PM ET",0x51dcfba27586c391de127ab5a8e9baa4680d301a39f09db459e9b05f49102973,Up,40.48,2.939511,,,0x99cb6de740981f7183ecf30857deebe561b760b8c0008e1682a43516ff6bca66
2026-06-04 18:32:39,"Bitcoin Up or Down - June 4, 2:30PM-2:35PM ET",0x51dcfba27586c391de127ab5a8e9baa4680d301a39f09db459e9b05f49102973,Down,68.00,1.470587,,,0x6bf91a4110bbfc5bb58b970f688d8c4e8a06aebb71338b8185724efadf47cc5f
2026-06-04 18:32:39,"Bitcoin Up or Down - June 4, 2:30PM-2:35PM ET",0x51dcfba27586c391de127ab5a8e9baa4680d301a39f09db459e9b05f49102973,Up,37.00,20,,,0x66f0ed6a19866e095d9e7150972aeb4179cf76ed628ea2aabe7c4f9c51db57ff
2026-06-04 18:32:39,"Bitcoin Up or Down - June 4, 2:30PM-2:45PM ET",0x061b207481cf9dc7bad7c8bd43dc5ab08279152de197ef0c762d58cebb490386,Up,42.91,5.476045,,,0xd49da37f4df3ad0d14dd0a6309dd8baa94a989b572649c74325efa56016e03f0
2026-06-04 18:32:39,"Bitcoin Up or Down - June 4, 2:30PM-2:35PM ET",0x51dcfba27586c391de127ab5a8e9baa4680d301a39f09db459e9b05f49102973,Down,66.00,1.51515,,,0x23c420ab3975b3d1f519b51df1588adc9c5f350689e06e2b80f7f20181146f28
2026-06-04 18:32:39,"Bitcoin Up or Down - June 4, 2:30PM-2:35PM ET",0x51dcfba27586c391de127ab5a8e9baa4680d301a39f09db459e9b05f49102973,Down,65.04,92.248332,,,0xdf2a793653e30b169fe6f2521f676a49c3b65680db45efc67e0d0eec9bc1fb30
2026-06-04 18:32:39,"Bitcoin Up or Down - June 4, 2:30PM-2:35PM ET",0x51dcfba27586c391de127ab5a8e9baa4680d301a39f09db459e9b05f49102973,Up,34.00,2,,,0xd19eaf55d30f515a33939b81ffb73d69a4d87920b4a907b87bb94b77f259dda4
2026-06-04 18:32:39,"Bitcoin Up or Down - June 4, 2:30PM-2:35PM ET",0x51dcfba27586c391de127ab5a8e9baa4680d301a39f09db459e9b05f49102973,Down,66.00,53.33,,,0x20abdefc6f3968c2623a53bf52c1a3f0690fba137ef43252bc134b44fbcfb8ec
2026-06-04 18:32:39,"Solana Up or Down - June 4, 2:30PM-2:35PM ET",0x4908916f4e744dc6dcdc604e790a5e2fa2a7c0174afa21cb1638dc2aaa665149,Up,28.97,51.085,,,0x1b469dd660b3b23f19fcb38d0411960862c7d312cae95f74484c96d692239d51
2026-06-04 18:32:39,"Bitcoin Up or Down - June 4, 2:30PM-2:35PM ET",0x51dcfba27586c391de127ab5a8e9baa4680d301a39f09db459e9b05f49102973,Up,35.00,10.07,,,0x0ae5d1c4b5bfef959ac63b9f0569ea63a69db4c846a574363a00bd3f6f6c27d1
2026-06-04 18:32:39,"Bitcoin Up or Down - June 4, 2:30PM-2:35PM ET",0x51dcfba27586c391de127ab5a8e9baa4680d301a39f09db459e9b05f49102973,Down,60.00,1.53,,,0x8a78eaab6e42e8e4d333bebccf54defa4334f41072c665d6e46003050a036b9c
2026-06-04 18:32:39,"Bitcoin Up or Down - June 4, 2:30PM-2:35PM ET",0x51dcfba27586c391de127ab5a8e9baa4680d301a39f09db459e9b05f49102973,Up,40.00,12.5,,,0x393dcc4d93775203729737455e11af2c09dd8a373dfea979a9828ab30bc34b91
2026-06-04 18:32:39,"Bitcoin Up or Down - June 4, 2:30PM-2:45PM ET",0x061b207481cf9dc7bad7c8bd43dc5ab08279152de197ef0c762d58cebb490386,Down,59.00,90.762709,,,0xd16c42b1165d29ed41c07e6d078b4251a70fc6b086f03629b653c37a204eda76
2026-06-04 18:32:39,Barcelona vs. CB Murcia,0x119414c31aaca933a8dce2b0f7893351a145e01858226c16fe01a94326427a3e,CB Murcia,53.00,8,,,0x897f13fe6c405bb6a4d4d4a1a04d88f4c2354f9a44788524edfe907ab56fad4c
2026-06-04 18:32:39,Will Sweden win on 2026-06-04?,0xdb2128a475e15e341d4ea0a5e5b86daea6d4141be9c6771564b320221c41c54b,Yes,80.00,125,,,0x19ffa1c4e174d5a0854337f177f902e9ae703685515f32fd259f6fc0159f0d11
2026-06-04 18:32:39,"Bitcoin Up or Down - June 4, 2:30PM-2:35PM ET",0x51dcfba27586c391de127ab5a8e9baa4680d301a39f09db459e9b05f49102973,Up,30.07,25,,,0xdf8aff5c0519cf831128d81edbc176841d1509ef33413f2939ef8f80bd7b6f4f
2026-06-04 18:32:39,"Bitcoin Up or Down - June 4, 2:30PM-2:35PM ET",0x51dcfba27586c391de127ab5a8e9baa4680d301a39f09db459e9b05f49102973,Up,30.00,26.666665,,,0x0a5925b80b0f74d86e12fb84a25eac771a0c4c76d6fefde282108558ddd0eb20
2026-06-04 18:32:39,"Bitcoin Up or Down - June 4, 2:30PM-2:45PM ET",0x061b207481cf9dc7bad7c8bd43dc5ab08279152de197ef0c762d58cebb490386,Down,58.00,1,,,0xa1680b3eac26464935afcc1fb6a24ab48482b020ad129982ec9ab75b724ba926
2026-06-04 18:32:39,"Ethereum Up or Down - June 4, 2PM ET",0x7fb12fa6f2ca8492badcdcc6214670dd3dfa8a7aba94a141b561dea6d933ea8e,Down,25.00,38,,,0x8b3c22dcacd944eea98f40f39b148c94b48208fcb9bbd68b75d80790edd931f5
2026-06-04 18:32:39,"Bitcoin Up or Down - June 4, 2:30PM-2:35PM ET",0x51dcfba27586c391de127ab5a8e9baa4680d301a39f09db459e9b05f49102973,Down,65.00,1.53846,,,0xf99ff6facfe0d5f9af0cc90fde004492b3f3168cf9ee5c29b9a5265ebafaa1a7
2026-06-04 18:32:39,Will Andorra win on 2026-06-04?,0xab776168534d01a100f266e885dee0cd5ac1a9166edcda9aa89773da0a761b38,Yes,90.00,132.43,,,0x7431895d207f62ecf8601c53572f67fbd17e57b59b53629d132e963aad50e77f
2026-06-04 18:32:39,"Will Elon Musk post 200-219 tweets from May 29 to June 5, 2026?",0x55fa57ffeb147d2b74df3ae48fad43f246a48aded571e398a3f18640aa41d9d4,No,82.00,49.6,,,0x99cd24fa2a6ea95a8fbb0f7b9f581f1d26e73da1fd59dc693140c193b4d8625e
2026-06-04 18:32:39,"Bitcoin Up or Down - June 4, 2:30PM-2:35PM ET",0x51dcfba27586c391de127ab5a8e9baa4680d301a39f09db459e9b05f49102973,Up,27.68,132,,,0x14b4729c09b3a59c76e274800957fcfaa9662c5cc1c50b9b0b4aafc3d9d53731
2026-06-04 18:32:39,"Solana Up or Down - June 4, 2:30PM-2:35PM ET",0x4908916f4e744dc6dcdc604e790a5e2fa2a7c0174afa21cb1638dc2aaa665149,Up,29.00,7.448274,,,0xbefad9981c9ec974a0b585732158aee8ce73d099200d3df3a422c9dcdfd6fcb1
2026-06-04 18:32:37,Cleveland Guardians vs. New York Yankees: O/U 8.5,0xfaf6314ce8067cacccd0f0b2f563eb45f0b1f5366c3f202d83555acefd46cd91,Under,75.00,2.666664,,,0x359474e1f0f1f39d230f8300c5060287a131503da86e9107d41be1e95e295359
2026-06-04 18:32:37,Cleveland Guardians vs. New York Yankees,0xfdbba7f905701ebf33b6c83d38d8d39a1c40c49ea0f36d86bf0571aed682f2c6,New York Yankees,60.00,9,,,0xe6ad4fa6414af22c6af7132d6f9482f35e0801fef7806be4eb3440f4183d296a
2026-06-04 18:32:37,"Bitcoin Up or Down - June 4, 2PM ET",0x3abc093600d2793741018001059df76f55349e8d9e5737c23816bbb5a0f42225,Up,86.00,5,,,0xbaa1b3f62ddca1cf8ac5606e8464d02d355fdbd112dfb61a7a84c2da489fd941
2026-06-04 18:32:37,"Solana Up or Down - June 4, 2:30PM-2:35PM ET",0x4908916f4e744dc6dcdc604e790a5e2fa2a7c0174afa21cb1638dc2aaa665149,Up,27.00,0.5,,,0x55bc7cf7b080244d7d4fbe7bbfa986c48289483eabca0a95610359c55760925b
2026-06-04 18:32:37,"Will the price of Bitcoin be above $64,000 on June 5?",0x34ecf20e4baddd4062279778e96ce898d91a845dd1b60289aaaf05cdf7d64a38,Yes,44.80,10,,,0xfa4a352b324174b4b3fee714ea7b67b4eb8f7bdf529f9b6ce2d61ac42bf601ca
2026-06-04 18:32:37,Will the Iranian regime fall by June 30?,0x9352c559e9648ab4cab236087b64ca85c5b7123a4c7d9d7d4efde4a39c18056f,No,97.40,10.27,,,0xd93d4ae7266437938ace76204690e6bea083f72b983642841ecdf3292b03f66d
2026-06-04 18:32:37,"Solana Up or Down - June 4, 2:30PM-2:35PM ET",0x4908916f4e744dc6dcdc604e790a5e2fa2a7c0174afa21cb1638dc2aaa665149,Up,31.00,5,,,0xf18dbcaa2d8427553c23cbae1419fffef0cf22f3d3557ad0bee23fe8da05a3d8
2026-06-04 18:32:37,Will the highest temperature in Austin be between 72-73°F on June 5?,0x39ef918e022c6202e2647ec2e48cd437e868e2e42924081ee59fd417f15777bb,No,99.90,423.97,,,0xe8d305d0b176c6bcd6c6fca91839b20e68b795e0b0f27e85bc8020762cdd0a6e
2026-06-04 18:32:37,"XRP Up or Down - June 4, 2:30PM-2:35PM ET",0xc5313621721be12687f36dc6855de28a6e4ff03d38c5e6a4b8d7dd0904b5ff2e,Down,79.00,1.265819,,,0x4d2e3a899487d643903a7a94524c26d2a344d314b3b774935a66500860b612f6
2026-06-04 18:32:37,"Bitcoin Up or Down - June 4, 2PM ET",0x3abc093600d2793741018001059df76f55349e8d9e5737c23816bbb5a0f42225,Down,14.00,6.12,,,0x9553d1ee416946e44b712a10be2f8729da2571bf9df409d7a2d854473c8fcbae
2026-06-04 18:32:37,"Will the price of Bitcoin be less than $64,000 on June 5?",0x4d1a80d51564d3bcdebd31205285b306f41af2211d1d6a501b4f583c076ca9bb,No,43.80,11.9863,,,0xdd31478e5a21f4942e5450db062f6346c8b8c4903662d8a5449486a873d44faa
2026-06-04 18:32:37,Cleveland Guardians vs. New York Yankees,0xfdbba7f905701ebf33b6c83d38d8d39a1c40c49ea0f36d86bf0571aed682f2c6,Cleveland Guardians,42.30,395.36,,,0x63555076f6bf1d0e922e4a2f5691ad8b7658e5df113adc57b474adc81d6722c4
2026-06-04 18:32:37,"Bitcoin Up or Down - June 4, 2:30PM-2:45PM ET",0x061b207481cf9dc7bad7c8bd43dc5ab08279152de197ef0c762d58cebb490386,Up,34.00,4.764704,,,0x972a6045dac2540c733931fe5c30fddcd385564131b964748b84c3bf941771bb
2026-06-04 18:32:37,"XRP Up or Down - June 4, 2:30PM-2:35PM ET",0xc5313621721be12687f36dc6855de28a6e4ff03d38c5e6a4b8d7dd0904b5ff2e,Down,75.50,6,,,0xaa5523cf1ef875c013cb76e8972e591576ab94ea8fb1f64b90381d9c67110972
2026-06-04 18:32:37,"Bitcoin Up or Down - June 4, 2:30PM-2:45PM ET",0x061b207481cf9dc7bad7c8bd43dc5ab08279152de197ef0c762d58cebb490386,Down,64.00,2,,,0x4d9d95fab63450d82f89a42bc0be34985399cec748d976a80cb4f561227d09dd
2026-06-04 18:32:37,"Bitcoin Up or Down - June 4, 2:30PM-2:35PM ET",0x51dcfba27586c391de127ab5a8e9baa4680d301a39f09db459e9b05f49102973,Up,26.00,25,,,0xd9a0998bd05d085b8b93912726e8a16d1d669bdf645bbb7a12a6662020efd0ff
2026-06-04 18:32:37,"Bitcoin Up or Down - June 4, 2:30PM-2:35PM ET",0x51dcfba27586c391de127ab5a8e9baa4680d301a39f09db459e9b05f49102973,Up,26.00,7.615383,,,0x234dd0450d5ba647b25337f0d505bcb32306e8eab2306d3448b510deae3d89aa
2026-06-04 18:32:37,"Solana Up or Down - June 4, 2:30PM-2:35PM ET",0x4908916f4e744dc6dcdc604e790a5e2fa2a7c0174afa21cb1638dc2aaa665149,Up,23.00,8.086955,,,0x05494f6c13676fd604cdfcac84d87e70848cbbd25bc1142f6c25e69bb65c77fc
2026-06-04 18:32:37,"Bitcoin Up or Down - June 4, 2:30PM-2:35PM ET",0x51dcfba27586c391de127ab5a8e9baa4680d301a39f09db459e9b05f49102973,Up,18.08,20,,,0xe27424fac8f27a490412d0efc1558874c0692ae9475436b84de1224e1334246b
2026-06-04 18:32:37,"Bitcoin Up or Down - June 4, 2:30PM-2:35PM ET",0x51dcfba27586c391de127ab5a8e9baa4680d301a39f09db459e9b05f49102973,Up,26.00,34.269229,,,0xe1362a56820527ef4a745e5aa41ebb220906dc76ed884c0baf8a80a1b22f322c
2026-06-04 18:32:37,"Ethereum Up or Down - June 4, 2:30PM-2:35PM ET",0x86ef98a9e5ca2ea5dc2e9053559b1221ff292d54ba6752bf6e3a5c5b5f426eef,Down,89.05,22.03333,,,0xd39aa0eae0772a2817fbfd8cd0fdd0a6afc5ddf7d805182a0d1838db770a0f57
2026-06-04 18:32:37,Will Serbia win on 2026-06-04?,0x642df123b0f7d0757a494f68390c4e7e286d06584b1cd97bf52da6bdee6c7ad2,Yes,7.00,12.5,,,0x485647a1cce6026975c4bd1a450ba5a8e10eedc28eb9028deddcf810fc88fd08
2026-06-04 18:32:37,"Solana Up or Down - June 4, 2:30PM-2:45PM ET",0x717adb22fca935fabda1bba78df51a1e840f3fba98479c7884178a42aa9cc485,Up,40.00,5.375,,,0xa51f9585008dea3e8bad875194890120733ceb78d1244e953864ff112f023d2b
2026-06-04 18:32:37,"Bitcoin Up or Down - June 4, 2:30PM-2:35PM ET",0x51dcfba27586c391de127ab5a8e9baa4680d301a39f09db459e9b05f49102973,Up,26.00,32,,,0x6818f1e9d7f13005fa4ab836ba8cf634373fc895e849f092d972c5c93653abf3
2026-06-04 18:32:37,Will Cyprus win on 2026-06-04?,0x96357c12031363831610b1ee427a96b057d017f6b910f9e841a0e89906e29a9b,No,99.90,177.32,,,0xccdce8ac66ec64e219164506f7c1d27d513c098a4d19f105d73d5b0246441fbc
2026-06-04 18:32:37,"Bitcoin Up or Down - June 4, 2:30PM-2:35PM ET",0x51dcfba27586c391de127ab5a8e9baa4680d301a39f09db459e9b05f49102973,Up,23.20,25,,,0x6dd7dcae222d233adec9dfea87bf5cd17035a5ea3db13c494c59d9373c7b3139
2026-06-04 18:32:37,"Bitcoin Up or Down - June 4, 2:30PM-2:35PM ET",0x51dcfba27586c391de127ab5a8e9baa4680d301a39f09db459e9b05f49102973,Up,20.00,6.75,,,0xcf2933e3deafd7a6571e457621f58e594780b0ff0ded7be4c0095020787f8342
2026-06-04 18:32:37,"Bitcoin Up or Down - June 4, 2:30PM-2:35PM ET",0x51dcfba27586c391de127ab5a8e9baa4680d301a39f09db459e9b05f49102973,Down,78.00,10.769227,,,0xd84a9f1749e751d8bcf18fbb83f2622ab079f77ef59526a1e0681c60eaae9704
2026-06-04 18:32:37,"BNB Up or Down - June 4, 2:30PM-2:35PM ET",0x86c49779d2f66cdc934da39c28c281f2911ec8e718f5512a510e9c0e71e5f8a7,Down,44.00,4.5,,,0x4cad75ff47f6b08570498b8725422057d9219cc7b5e6bc3fdd72edfb3d3183c1
2026-06-04 18:32:37,"Ethereum Up or Down - June 4, 2:30PM-2:35PM ET",0x86ef98a9e5ca2ea5dc2e9053559b1221ff292d54ba6752bf6e3a5c5b5f426eef,Up,11.25,9.953845,,,0xae654c3ece5647087dcffe15cc34af48ebdef7a2478288838b458baee9eb8c92
2026-06-04 18:32:37,"Bitcoin Up or Down - June 4, 2:30PM-2:35PM ET",0x51dcfba27586c391de127ab5a8e9baa4680d301a39f09db459e9b05f49102973,Up,23.00,25.826085,,,0x1f5226788157d104e7404f5c71c3fe264b9419f899961dd267fc218d0042bca5
2026-06-04 18:32:37,"Bitcoin Up or Down - June 4, 2:30PM-2:35PM ET",0x51dcfba27586c391de127ab5a8e9baa4680d301a39f09db459e9b05f49102973,Up,23.00,39.130433,,,0x8b17252d4ed3225400e622a6ea068740e7a20d4ad7ed75709f05d9b5776a0f23
2026-06-04 18:32:37,"Bitcoin Up or Down - June 4, 2:30PM-2:35PM ET",0x51dcfba27586c391de127ab5a8e9baa4680d301a39f09db459e9b05f49102973,Up,22.00,138.61,,,0xb7ef10fdf13f1a2371ac6358f473350f386774449c7e294b6b3b818b6031fee8
2026-06-04 18:32:37,"Bitcoin Up or Down - June 4, 2:30PM-2:35PM ET",0x51dcfba27586c391de127ab5a8e9baa4680d301a39f09db459e9b05f49102973,Up,20.03,23.061817,,,0x692205d9fe5cffd397c596a0c72b445d2d2f087e126d66b091b8a7a5b20546c4
2026-06-04 18:32:37,"Bitcoin Up or Down - June 4, 2:30PM-2:35PM ET",0x51dcfba27586c391de127ab5a8e9baa4680d301a39f09db459e9b05f49102973,Down,84.00,5,,,0xd4c3b8354dcc7c64f39eaa41a5c436993364087cf0397fd884d3f156bf6d7af1
2026-06-04 18:32:37,"Bitcoin Up or Down - June 4, 2:30PM-2:35PM ET",0x51dcfba27586c391de127ab5a8e9baa4680d301a39f09db459e9b05f49102973,Up,20.00,22,,,0xdb708087f35da7af805e2a8828477b2ca845fbc0e38dbacbe58e0b56e5deb2d4
2026-06-04 18:32:37,"Ethereum Up or Down - June 4, 2:30PM-2:35PM ET",0x86ef98a9e5ca2ea5dc2e9053559b1221ff292d54ba6752bf6e3a5c5b5f426eef,Down,89.00,0.65,,,0x0a112f9348efc194d9ebc7a53452f6b07f5a8520ab97f78e67fb19ef22e1b911
2026-06-04 18:32:37,"Bitcoin Up or Down - June 4, 2:30PM-2:35PM ET",0x51dcfba27586c391de127ab5a8e9baa4680d301a39f09db459e9b05f49102973,Up,20.00,31,,,0x176469b54294906fc922e2e047bb122864b711f77f9b64c51f559bebaf9dbccd
2026-06-04 18:32:37,"Bitcoin Up or Down - June 4, 2:30PM-2:45PM ET",0x061b207481cf9dc7bad7c8bd43dc5ab08279152de197ef0c762d58cebb490386,Down,60.00,10,,,0x4f39b41562649d890abdf8ca4fc9795bc6e31bceb17bcab02fc71ccdbc7420ce
2026-06-04 18:32:37,"Bitcoin Up or Down - June 4, 12:00PM-4:00PM ET",0xc4796e2a8784f59a76936173a8e924a2cecc527eb851fcc5abe7d65813c5f3e9,Up,46.00,15,,,0xe8c036e3c2a056c3ae481a0700a89f49f2d2e5f7b3ab19f5ba8ab7426dfe6a7b
2026-06-04 18:32:37,"Bitcoin Up or Down - June 4, 2:30PM-2:35PM ET",0x51dcfba27586c391de127ab5a8e9baa4680d301a39f09db459e9b05f49102973,Down,82.50,6,,,0x5cc12eb822ed9dba480bffd5260a12d84f3eafa5eaadc8af928b0904981f11cd
2026-06-04 18:32:37,"Bitcoin Up or Down - June 4, 2:30PM-2:45PM ET",0x061b207481cf9dc7bad7c8bd43dc5ab08279152de197ef0c762d58cebb490386,Up,43.32,57.708694,,,0xaac86ab32ae22752a41f4515e3d03982de33b40fa909ceab2caf8f50919eda11
2026-06-04 18:32:37,Will Databricks’ market cap be between $175B and $200B at market close on IPO day?,0xe4566295f012b5ccbc0a21801d3787a6ddc44e7af1fd321a781dea1e35aa1f2d,No,99.90,210,,,0xf1d4ce7edc38208423d6a06379a8b90d95716f7ae3ced773ce1eba5478cda57f
2026-06-04 18:32:37,Will Andorra win on 2026-06-04?,0xab776168534d01a100f266e885dee0cd5ac1a9166edcda9aa89773da0a761b38,Yes,90.00,1,,,0x772f0546cb73cd0948362896a54229be3b04436e8d311736baf0eb073377dfbd
2026-06-04 18:32:37,"Ethereum Up or Down - June 4, 2:30PM-2:35PM ET",0x86ef98a9e5ca2ea5dc2e9053559b1221ff292d54ba6752bf6e3a5c5b5f426eef,Down,90.00,12,,,0x6d2b012552d890c5456280d1548e74fc234bb1eb7fde71efba0e3bca03ea4f29
2026-06-04 18:32:37,"Bitcoin Up or Down - June 4, 2:30PM-2:45PM ET",0x061b207481cf9dc7bad7c8bd43dc5ab08279152de197ef0c762d58cebb490386,Up,40.00,5,,,0x423a8f8f45b2f6e856cb50dedb0f442e37afa3ef6692220838fc22437c3a0034
2026-06-04 18:32:37,"Bitcoin Up or Down - June 4, 2:30PM-2:45PM ET",0x061b207481cf9dc7bad7c8bd43dc5ab08279152de197ef0c762d58cebb490386,Up,46.00,5,,,0x46826e86da54d6c947d7cee5df5c760ff9603bae6fcb5d6a9a94b9b8f5fed292
2026-06-04 18:32:37,"Bitcoin Up or Down - June 4, 2:30PM-2:35PM ET",0x51dcfba27586c391de127ab5a8e9baa4680d301a39f09db459e9b05f49102973,Up,18.00,7.222221,,,0x3bcc307cd5288d396a345aece5b38ba4e80fed3adb8afee0c2fc1ae70ccefa56
2026-06-04 18:32:37,"GPT-5.6 released by June 15, 2026?",0x1ff94ce9a874202523ac828138d0a2d5ffc2f3899fccbda5505909c51df76277,No,82.00,6.097555,,,0x0c6d069a4a671300be52e2da890b9a8b2210e22edcac40af3b5e758656c8631c
2026-06-04 18:32:37,"Solana Up or Down - June 4, 2:30PM-2:45PM ET",0x717adb22fca935fabda1bba78df51a1e840f3fba98479c7884178a42aa9cc485,Down,63.00,1.5873,,,0x6dfb8f29c25f36ac91d931325e45f48bafe6d950a315a0d19f1d25301244348a
2026-06-04 18:32:37,"XRP Up or Down - June 4, 2:30PM-2:45PM ET",0xe15914db46c5709be331549193e61701d2c15fc90d46f490cb3bcb1d62bcff37,Down,65.00,0.44,,,0x857b29726ae05a7f1ff0cd215658d80fc3168c953b8d5620914226f6c74abf81
2026-06-04 18:32:37,"Bitcoin Up or Down - June 4, 2:30PM-2:35PM ET",0x51dcfba27586c391de127ab5a8e9baa4680d301a39f09db459e9b05f49102973,Down,80.00,1,,,0x9892b31abab7c68b57362d9871b9d7ee830a133a3de24e4f28cb8f7e8b6e775e
2026-06-04 18:32:37,"Bitcoin Up or Down - June 4, 2PM ET",0x3abc093600d2793741018001059df76f55349e8d9e5737c23816bbb5a0f42225,Down,15.00,10.2,,,0xab003bc1aff8150059b1a17970de0b6860efd193c9e93041e15eee80b81c3b6a
2026-06-04 18:32:37,"Bitcoin Up or Down - June 4, 2:30PM-2:35PM ET",0x51dcfba27586c391de127ab5a8e9baa4680d301a39f09db459e9b05f49102973,Up,18.00,8.333332,,,0xb555db1b858de243bfe140de5607513ff7129950dbae9cb44d33038c98aa9e05
2026-06-04 18:32:37,"Bitcoin Up or Down - June 4, 2:30PM-2:45PM ET",0x061b207481cf9dc7bad7c8bd43dc5ab08279152de197ef0c762d58cebb490386,Up,39.00,5,,,0x9a596d9492b8f78e437740c78d48e2d44d73119e7233f76a1b9b8293722bc921
2026-06-04 18:32:37,"Will Ethereum reach $2,050 on June 4?",0xb3200bef0ce31b8afe029976d0e1977e793ad4e4b85fe44a0b1422459a433401,No,99.90,27.15,,,0xfcb31748673bf435fbc88bd6f2e925b4c300df7325d8e098bca8d358fd76d5e2
2026-06-04 18:32:37,"Bitcoin Up or Down - June 4, 2:30PM-2:35PM ET",0x51dcfba27586c391de127ab5a8e9baa4680d301a39f09db459e9b05f49102973,Down,80.00,3,,,0x8d2401e2645507de3e8904a33dd010f10a5fb34ab60589fa39ba94e7c36bf1bb
2026-06-04 18:32:37,"Bitcoin Up or Down - June 4, 2:30PM-2:35PM ET",0x51dcfba27586c391de127ab5a8e9baa4680d301a39f09db459e9b05f49102973,Down,82.00,4,,,0x9b1e374d596fa1e20289b4fcbb4e90f8aec93c09ee98285602e3fecda8e7db81
2026-06-04 18:32:37,"Will Databricks not IPO by June 30, 2026?",0x4a3fec7d1056cb56f28fb7b67d02caefd0e7644f5fc01ee2d1378ce407aa79e4,No,1.60,210,,,0x3feb7f156655cb40bcd0acde2c7d85873cbb53966cb04a8e88c7153d886f7f1e
2026-06-04 18:32:37,"Ethereum Up or Down - June 4, 2:30PM-2:35PM ET",0x86ef98a9e5ca2ea5dc2e9053559b1221ff292d54ba6752bf6e3a5c5b5f426eef,Down,89.00,0.32,,,0x5fc49ad3476bdec5643d6bb0c7db0b1ebfa2899163919bc3e8c05992687c0dd5
2026-06-04 18:32:37,"Ethereum Up or Down - June 4, 2:30PM-2:35PM ET",0x86ef98a9e5ca2ea5dc2e9053559b1221ff292d54ba6752bf6e3a5c5b5f426eef,Down,90.00,25.55555,,,0x58bbca2f3bfb3f8b6a716fee57e1bbce46f06ce954eef9bd4d8b4efeed8a320f
2026-06-04 18:32:37,"Bitcoin Up or Down - June 4, 2:30PM-2:35PM ET",0x51dcfba27586c391de127ab5a8e9baa4680d301a39f09db459e9b05f49102973,Down,84.00,2.38095,,,0xf1ac329f8fbc5e60ca67fe4a89879f373cf6baddb5161bcb0e2c89ff0503a0c5
2026-06-04 18:32:37,"Bitcoin Up or Down - June 4, 2:30PM-2:35PM ET",0x51dcfba27586c391de127ab5a8e9baa4680d301a39f09db459e9b05f49102973,Down,84.00,5,,,0xdc846e0ba97d1007a99cebec8bc91b60ff1f13b7b4e52fcee5bb8b3257b1b335
2026-06-04 18:32:37,"Bitcoin Up or Down - June 4, 2:30PM-2:45PM ET",0x061b207481cf9dc7bad7c8bd43dc5ab08279152de197ef0c762d58cebb490386,Down,60.00,0.32,,,0xbee4f74d963c907ee3c9435ab624b6ebea73f3efe93e58b291136f849bceb6fd
2026-06-04 18:32:37,"Bitcoin Up or Down - June 4, 2:50PM-2:55PM ET",0xe67bceb93cd5c3b30edec7cdd9b8e27bd153efe9f0872531bcbd77b5956a8034,Up,51.00,5,,,0x595b40fb0cbad864dd000fab8a56244f7beffce98de8d5cafaa7536d9be5f3d4
2026-06-04 18:32:37,"Bitcoin Up or Down - June 4, 2:30PM-2:35PM ET",0x51dcfba27586c391de127ab5a8e9baa4680d301a39f09db459e9b05f49102973,Down,84.00,25,,,0xe65540c1db2b3ccc43bc0b756eeca3c1516f63ccf97ff2389b5307cbacea169d
2026-06-04 18:32:37,"Bitcoin Up or Down - June 4, 2:30PM-2:35PM ET",0x51dcfba27586c391de127ab5a8e9baa4680d301a39f09db459e9b05f49102973,Down,83.00,32,,,0x671d70e1a694c2e9578d7c4b902353c0b1feb34946871716b9e6f045b2ca6f47
2026-06-04 18:32:37,"Ethereum Up or Down - June 4, 2:30PM-2:35PM ET",0x86ef98a9e5ca2ea5dc2e9053559b1221ff292d54ba6752bf6e3a5c5b5f426eef,Down,89.00,1,,,0xc7149182a7fa5dd94e9c4033cead6dc53f63387f1d8ba6e95ea791e4606b9e67
2026-06-04 18:32:37,Will Databricks’ market cap be $250B or greater at market close on IPO day?,0x10ad20638c990a13c5c092bac8c33b9af4f2843f799eb47e949d11fe0673c3ac,No,99.80,210,,,0xa85fd3cf664b22002e2618ef8c45d64ca414a9c173844022224df360c2461d3f
2026-06-04 18:32:37,Will Databricks’ market cap be between $100B and $125B at market close on IPO day?,0x2d2678a04ab2d0aa57dc9ec11bdbfd1d43d681b2ee9869d8351db84e342400fa,No,99.70,210,,,0xe0062e3153e8356d3c6d556dce7934c3abc23ce351075bba0264048a82741573
2026-06-04 18:32:37,Reyer Venezia vs. Virtus Bologna,0x293c0d35a1c186efc463b52aead86f45239ea84eaa0465dd918a0c55dfd6dea4,Reyer Venezia,34.00,19,,,0x1f58378015dd96551a8432e73ef27e0a2f4f708ecd3625cc5648c42650c0ecd4
2026-06-04 18:32:37,Will Databricks’ market cap be between $200B and $250B at market close on IPO day?,0x9d6feb93a424ea09ee082dd704693119dc9c202599a1e5cd9bdcf908489cc95f,No,99.80,210,,,0x8905441f701e2d7e88c02a4d6663072ae495927ccd3b80b033f01782f597f16e
2026-06-04 18:32:37,Counter-Strike: M80 vs NRG (BO3) - IEM Cologne Major Stage 1,0xca57b20c69fc5219ae2e4c2d747689ebdcea7702558b86d99d25ae958908262f,M80,77.00,519.480517,,,0x34c724e5f58af53200627fd202e256fd0c52480be5da66cb52ec8d42f817d9a1
2026-06-04 18:32:37,"Solana Up or Down - June 4, 2:30PM-2:35PM ET",0x4908916f4e744dc6dcdc604e790a5e2fa2a7c0174afa21cb1638dc2aaa665149,Down,78.00,1.923072,,,0x51d5753d4c4a4c6a4ff3474f9be5c8db85035da99cc9e15581b5343a7a20b191
2026-06-04 18:32:37,"Ethereum Up or Down - June 4, 2:30PM-2:35PM ET",0x86ef98a9e5ca2ea5dc2e9053559b1221ff292d54ba6752bf6e3a5c5b5f426eef,Down,90.00,11.1,,,0x7641178801860e5b1ff315cf3c4b6831766aaf4f28865c45eb7d96e554d7b486
2026-06-04 18:32:37,"Bitcoin Up or Down - June 4, 2:30PM-2:45PM ET",0x061b207481cf9dc7bad7c8bd43dc5ab08279152de197ef0c762d58cebb490386,Down,61.00,71,,,0x80e81ca7fe1e6cf5086a549742628f3de3bfd344603d3751bfeefe144d0206b8
2026-06-04 18:32:37,Counter-Strike: M80 vs NRG (BO3) - IEM Cologne Major Stage 1,0xca57b20c69fc5219ae2e4c2d747689ebdcea7702558b86d99d25ae958908262f,M80,77.00,129.870126,,,0x7177007f8eb1fe06011743e62010bda65e76d30733edab2938037e876981ee56
2026-06-04 18:32:37,Reyer Venezia vs. Virtus Bologna,0x293c0d35a1c186efc463b52aead86f45239ea84eaa0465dd918a0c55dfd6dea4,Reyer Venezia,34.00,50,,,0x91777ca8704e89bbaf62c139568dae5dc882a44feef5347ab9b99a290a4b62cc
2026-06-04 18:32:37,Will Andorra win on 2026-06-04?,0xab776168534d01a100f266e885dee0cd5ac1a9166edcda9aa89773da0a761b38,Yes,90.00,6,,,0xac6b1e23bc1e4cc69d3d3ee6e49a0ea02b9f97a3107618ac653bc928972d50d8
2026-06-04 18:32:37,Reyer Venezia vs. Virtus Bologna,0x293c0d35a1c186efc463b52aead86f45239ea84eaa0465dd918a0c55dfd6dea4,Reyer Venezia,33.65,31,,,0xe2f6a895fe2e58b1a2e184dd5c67c1d749cf13afc1b2f69acf062eea65127d81
2026-06-04 18:32:37,Will Sweden win on 2026-06-04?,0xdb2128a475e15e341d4ea0a5e5b86daea6d4141be9c6771564b320221c41c54b,Yes,80.00,2.5,,,0xd0fae13d5c268e5c2a40d5eff53069cb54db600b4c228404110454d13a9e0841
2026-06-04 18:32:37,Will Databricks’ market cap be between $125B and $150B at market close on IPO day?,0x635762b17e8c98765f956bc145d703960059147f17f4b82d5b31eebb6c2ddd00,No,99.80,210,,,0x568f18748026b6a47ef2a356a951e40c3506c9c29cc3abec0a8dc019afce57fe
2026-06-04 18:32:37,"Ethereum Up or Down - June 4, 2:30PM-2:35PM ET",0x86ef98a9e5ca2ea5dc2e9053559b1221ff292d54ba6752bf6e3a5c5b5f426eef,Down,89.00,2,,,0x675ddf1842ca84afc6f7dc07710b3809d57b9f2982423c53f33f063f717f6396
2026-06-04 18:32:37,San Diego Padres vs. Philadelphia Phillies,0x688fc364252fa2059687177955af02b7bfd5a21778b6f8c168dd174ec422ee98,San Diego Padres,9.00,100,,,0x7ce9dd71738aeb7ba640eb849ae0b2eb8fa6da5ab5547ca900a4a1a01fa23daa
2026-06-04 18:32:37,"Ethereum Up or Down - June 4, 2:30PM-2:35PM ET",0x86ef98a9e5ca2ea5dc2e9053559b1221ff292d54ba6752bf6e3a5c5b5f426eef,Down,89.00,1,,,0x623b0d21601b1f17102c05888c5eb9686ab16d1276764753697e79e2177a70bb
2026-06-04 18:29:30,T20 Blast: Somerset vs Glamorgan,0xf6129fe61ff15efd384be87043b61406c2be38f957e42eecd49f60d0dd38d207,Glamorgan,44.00,51,,,0x2541195b479b4d6778cc240a505a59bcec84aec6a2179faa7f9ea9bd2a4bf5f2
2026-06-04 18:29:30,"Bitcoin Up or Down - June 4, 2:25PM-2:30PM ET",0xf6e7e0c94cba17f17c011726a07b4fd334b9ff8592cbe6136bb54b3a38a20f76,Down,1.00,50,,,0xacb029230d9fc24d835e212847fdf2a131e3502c73e163c3e271af6e52f390a9
2026-06-04 18:29:30,Will MrBeast's next video get less than 60 million views on day 6?,0x7dee7e3e853208f117de2ae96bba864309423a218ffa789b881f20a4958a5bb2,Yes,1.50,20,,,0xbada7ab1164de2da7a3279db52e1c22fa4c28ac5192e43d36cb100f567e229b8
2026-06-04 18:29:30,"Will the price of Bitcoin be above $60,000 on June 10?",0x620f45d32e0d9fa463800c344596b6250d170b6c1e6e56046e97997f80e5888c,Yes,85.00,0.48,,,0x11696d7ebd9473e8d6602992c7718b40e19891d9817893251a0e05fef3e3dfcf
2026-06-04 18:29:30,"Bitcoin Up or Down - June 4, 2PM ET",0x3abc093600d2793741018001059df76f55349e8d9e5737c23816bbb5a0f42225,Down,16.00,105,,,0x21672bac2450b08489f668b2a856c9eb5cb10a18f644d462c52b5418a6cb17e6
2026-06-04 18:29:30,"Bitcoin Up or Down - June 4, 2PM ET",0x3abc093600d2793741018001059df76f55349e8d9e5737c23816bbb5a0f42225,Down,15.43,149.284375,,,0x6e687b7df49f673aa4a082f24cb99bbccb640a3f19d7c031fa922c50935f06e5
2026-06-04 18:29:30,"Bitcoin Up or Down - June 4, 2:25PM-2:30PM ET",0xf6e7e0c94cba17f17c011726a07b4fd334b9ff8592cbe6136bb54b3a38a20f76,Down,1.00,100,,,0xcdbce3cfc6044cd780df688d26436f7446c49d583b8977ff603ebf3fc92e71f7
2026-06-04 18:29:30,Cleveland Guardians vs. New York Yankees,0xfdbba7f905701ebf33b6c83d38d8d39a1c40c49ea0f36d86bf0571aed682f2c6,New York Yankees,48.00,10.41,,,0xc85be08942b11f85581a9f719ae1a19051c16606bd1a16d4584c9445a888ff18
2026-06-04 18:29:30,Will the highest temperature in Wuhan be 31°C on June 5?,0x6cb1cd5768395d4a09cf0e41f48cb0b358714fabeaa1cff2e93b35c46635268d,Yes,6.90,18.115942,,,0x98bb41b06a5309c566c792c247f1ac0059397bd0df919488cea1cd75e42b3d33
2026-06-04 18:29:30,Will Sweden vs. Greece end in a draw?,0x30e2d0da24ebb970cf6ce4245402b03745692cfd1721d57f7c9b957899634b9e,Yes,17.00,30,,,0x84814327d3bae1b9cf5a020a35e579ea7f5c9a4dd674230ac0bea22dd028afdd
2026-06-04 18:29:30,Will Sweden win on 2026-06-04?,0xdb2128a475e15e341d4ea0a5e5b86daea6d4141be9c6771564b320221c41c54b,Yes,80.00,30,,,0x88ec442e07303002079c7d001579089be83af84be454ccddc509de319596eb3f
2026-06-04 18:29:30,"Bitcoin Up or Down - June 4, 2PM ET",0x3abc093600d2793741018001059df76f55349e8d9e5737c23816bbb5a0f42225,Down,15.00,20,,,0xae7d36b71ed552081dff0d8e1a6dcf8ab01cf0550cff424be7000789be422fe5
2026-06-04 18:29:30,Counter-Strike: AM Gaming vs ex-RUBY (BO3) - CCT Europe Series 3 Playoffs,0x551ed6ffd6643d2df6123e2f1887ff093d6454fc4d5d4af9c038637010312911,AM Gaming,20.00,24,,,0x8662b05c74b84af771283513c65acbc626e29f99b76b6f30427dfcf79ea863a5
2026-06-04 18:29:30,Cleveland Guardians vs. New York Yankees,0xfdbba7f905701ebf33b6c83d38d8d39a1c40c49ea0f36d86bf0571aed682f2c6,New York Yankees,48.81,409.775509,,,0x22150473d809b4fa9d052e60b17a385af34132810dd33254867cdd7b992e593b
2026-06-04 18:29:30,Will Andorra vs. Liechtenstein end in a draw?,0x1cea1ffb7207241c8a1bffc6d67b6c86dd6a5d7e4cdcfac7636beff1d2e73a67,Yes,11.08,29.73,,,0xe0c8988c7fc182075123d95bbd4f4e61a3288b0287b5fd6912f510bb1b64dac6
2026-06-04 18:29:30,Counter-Strike: AM Gaming vs ex-RUBY (BO3) - CCT Europe Series 3 Playoffs,0x551ed6ffd6643d2df6123e2f1887ff093d6454fc4d5d4af9c038637010312911,AM Gaming,20.00,76,,,0xe38907df560fd2581d0c28797471e81b7ab9670ce6fe9f1a14c3ab21f897023c
2026-06-04 18:29:30,"Will Bitcoin dip to $55,000 in June?",0xadebd6bbf401c9509dd2e78b65a16b567f1f386dccd8cac86cd389bb53ec3a58,Yes,23.80,5,,,0xdda348b2e52984cce3d439bf54671ee0568de96c70b4db0a7cc685d3dc83b0a4
2026-06-04 18:29:30,San Diego Padres vs. Philadelphia Phillies: O/U 10.5,0x6f9f7bf5e89588aabcb1cf630d881578ab727487bb414dd647888602f4f21415,Under,92.00,54.347825,,,0x440fff3310c7237bb9f5ca8ec83b7c095d2f1442494b826bff3a84b92e8d0979
2026-06-04 18:29:30,Will Alberta join the US? ,0xf8e1b655885e0b49fc934c10672c13c68a3c19c895496326215d5f63293428a5,No,95.50,42,,,0x4dbe4b3134757dfdcc2ea2672ba3459de2047f78a62d255c9b8950853a2949c2
2026-06-04 18:29:30,"Bitcoin Up or Down - June 4, 2:25PM-2:30PM ET",0xf6e7e0c94cba17f17c011726a07b4fd334b9ff8592cbe6136bb54b3a38a20f76,Up,99.00,4.25,,,0xb62123f9e15dcf116b5197c27dc363be8f50a9cf97117f2e8c8568f25d5a5408
2026-06-04 18:29:30,Will Alberta join the US? ,0xf8e1b655885e0b49fc934c10672c13c68a3c19c895496326215d5f63293428a5,No,95.50,38,,,0xbdde5ce26362d5f3952b910a44a084dfe8cfff66fc8aaa580e7dae6cc7410f8e
2026-06-04 18:29:30,"Bitcoin Up or Down - June 4, 2PM ET",0x3abc093600d2793741018001059df76f55349e8d9e5737c23816bbb5a0f42225,Down,16.00,324.14,,,0xace0dd7c27574c69dd4277df55b3d4fd6a097a1ae0a4c49573ee6b00c6fc144c
2026-06-04 18:29:30,"Will the price of Bitcoin be above $66,000 on June 5?",0xa4874d4eb4538bac79cd6b5b7717510e09872b4ee7ab1c5082d4edb9a6f5b9fa,No,91.75,10,,,0xf4da03915a15473bdf1dff57d81e2ea087f88a2e4b003971a93361dac7c7f766
2026-06-04 18:29:30,"Bitcoin Up or Down - June 4, 2PM ET",0x3abc093600d2793741018001059df76f55349e8d9e5737c23816bbb5a0f42225,Up,84.00,6.5,,,0x81ebb9fa992d602ea20b45b1e3c60e889a660eb0458732bcf576147e101d123f
2026-06-04 18:29:30,Counter-Strike: M80 vs NRG (BO3) - IEM Cologne Major Stage 1,0xca57b20c69fc5219ae2e4c2d747689ebdcea7702558b86d99d25ae958908262f,M80,72.00,1068.652775,,,0x57b1513a74c55aaffcd5393093aa7d7ab1284a63a298fe5c0c50265a681d19d9
2026-06-04 18:29:30,Roland Garros WTA: Diana Shnaider vs Maja Chwalinska,0xdc09be650f66b005c91e585611c924c6ecaac2a313a467b145f0978e5e675f39,Maja Chwalinska,99.90,50.72,,,0x5f782fc1653bbe87393f256b6bc63795e6fcda8f97eb74524fc15a9d8610d55c
2026-06-04 18:29:28,"Will the price of Bitcoin be less than $64,000 on June 5?",0x4d1a80d51564d3bcdebd31205285b306f41af2211d1d6a501b4f583c076ca9bb,Yes,53.20,2,,,0x80bc5ee4faaece2da1719e32a325b8042882bc5a2aa3da42af90c61afe2d36b0
2026-06-04 18:29:28,"Will the price of Bitcoin be between $66,000 and $68,000 on June 5?",0x861c4b736026d2783300c9ad54e06be9de467edf554666e028cc887645f048b8,Yes,7.89,13.183125,,,0x40f02ed2938a158a676e727b1e936de8fda3c08f89cb190e9dc9e4b2093f4c0a
2026-06-04 18:29:28,"Will the price of Bitcoin be above $64,000 on June 5?",0x34ecf20e4baddd4062279778e96ce898d91a845dd1b60289aaaf05cdf7d64a38,Yes,44.30,4.89,,,0x40f47ab308d3c716d8a95af7f7bb1b30e01d124ee26a7bb84984504a6ddf7b68
2026-06-04 18:29:28,"Bitcoin Up or Down - June 4, 2:25PM-2:30PM ET",0xf6e7e0c94cba17f17c011726a07b4fd334b9ff8592cbe6136bb54b3a38a20f76,Up,99.00,4.83,,,0x6e129d2e646b7f023e2ed388837ccbe66ffb1507433c92f6cb08502d666d0ec4
2026-06-04 18:29:28,"Ethereum Up or Down - June 4, 2:25PM-2:30PM ET",0x26442be9d9b6ec037e586102fb23739181eec19ce2f790083a7bad87b0abe5cc,Down,1.00,25,,,0x35ee7bb67588fab1c6b67636ad0ba37d784477ec301ffaa88efead9975466a83
2026-06-04 18:29:28,"Bitcoin Up or Down - June 4, 2PM ET",0x3abc093600d2793741018001059df76f55349e8d9e5737c23816bbb5a0f42225,Down,14.00,12.142856,,,0x6f099ad9a458c1964c338f2bb0f92757a10269ebc3b8ec00e6a7fe04830ba27e
2026-06-04 18:29:28,Brose Bamberg vs. Alba Berlin,0x2d2d68d8e3ff058c52f2080664619740c6451b4d50bb0f2fe80dfed9c11e8d82,Brose Bamberg,55.00,200,,,0x3e87a959fea1581c9e65cd09b436aa32763b982f2195f5b21a221e84af95af8a
2026-06-04 18:29:28,"GPT-5.6 released by June 30, 2026?",0xe69b388ee2691abc5a2b4d66d9212053782c88f30e26f3b791111e562d327224,Yes,81.00,10.67,,,0xd15ec89cdf68d92d0337e7b1af93ff8b06df7167bca17282daff0f3259bb3ff6
2026-06-04 18:29:28,"Solana Up or Down - June 4, 2:30PM-2:35PM ET",0x4908916f4e744dc6dcdc604e790a5e2fa2a7c0174afa21cb1638dc2aaa665149,Up,49.00,7,,,0xd70f5e71cc66edcf3fbe3c29415af75a6a25ebf0e4af485208efb420e1f2af1a
2026-06-04 18:29:28,Bitcoin Up or Down on June 5?,0xe5841b2972dc200d23ede725279fabe137837f305d2912991cf3735a105c1001,Down,51.00,6,,,0x62606c67386518f41ac2b0c145b086aecad52da5b292ac9f62837c5c77e797b8
2026-06-04 18:29:28,LoL: ⁠Movistar KOI Fénix vs UCAM Esports Club - Game 4 Winner,0x258e411eef2cb422cfbc113866efa369b848738d23d28e9ed64a27709846b394,UCAM Esports Club,84.00,2.702375,,,0xf8af058fbf9d1973ebb1f19633fa5b632e7eca4d750f35b8ea2bf77b23819c3f
2026-06-04 18:29:28,Will Sweden vs. Greece end in a draw?,0x30e2d0da24ebb970cf6ce4245402b03745692cfd1721d57f7c9b957899634b9e,Yes,21.00,30,,,0x9619511fc449252c1460ef886c35bbafcce74a2e19898f5ec8969a72ab1ff223
2026-06-04 18:29:28,LoL: ⁠Movistar KOI Fénix vs UCAM Esports Club - Game 4 Winner,0x258e411eef2cb422cfbc113866efa369b848738d23d28e9ed64a27709846b394,UCAM Esports Club,85.00,11.7647,,,0xb3b4aafc5ad181ae4716383edd1d1220a04980cced1973336219398dc694f133
2026-06-04 18:29:28,"Bitcoin Up or Down - June 4, 2PM ET",0x3abc093600d2793741018001059df76f55349e8d9e5737c23816bbb5a0f42225,Down,17.00,50,,,0x0f77efd1d8fa3035b5ef70bf5bf9b8e4dee9e37b4e8c1325effe7a883a41b952
2026-06-04 18:29:28,LoL: ⁠Movistar KOI Fénix vs UCAM Esports Club - Game 4 Winner,0x258e411eef2cb422cfbc113866efa369b848738d23d28e9ed64a27709846b394,UCAM Esports Club,84.71,59.0227,,,0x54c9c28bcc3b1793d4f5cfe2a8042bd36ee3d0c8ef7ba2a8edce40d85370347d
2026-06-04 18:29:28,Dota 2: LGD Gaming vs Team Yandex (BO3) - BLAST Slam Playoffs,0x7032482ab3b53548109cdadcf50c09a1c5ce387dd1e1743d7778963530c7f8f3,LGD Gaming,10.01,1112.26,,,0x2b21ba327f93b13da84e4fb0bf786d6b20755a9ea683161fd857299f9c0b4974
2026-06-04 18:29:28,Will Andorra win on 2026-06-04?,0xab776168534d01a100f266e885dee0cd5ac1a9166edcda9aa89773da0a761b38,Yes,88.00,23.147725,,,0x3d600a539fe4ebf422e43edf4e0764f9de6ff0de21fcc238a80c2f1c78068d51
2026-06-04 18:29:28,"Bitcoin Up or Down - June 4, 2PM ET",0x3abc093600d2793741018001059df76f55349e8d9e5737c23816bbb5a0f42225,Down,16.00,5,,,0xc4f5cdc7c1b6909c6370846db410e6175633f7d27e6556495409d808aa5e7037
2026-06-04 18:29:28,Makarska: Elina Avanesyan vs Dominika Salkova,0xd3c6d40aff15bad564a6421cd9011c149c488b657863e373ae23f70a9fc4c1a0,Elina Avanesyan,98.00,5,,,0x057aa668e3bfae00567bf259c1d1f4e4d673b463638fc64ee49973cab5cc1f68
2026-06-04 18:29:28,"Hyperliquid Up or Down - June 4, 2:25PM-2:30PM ET",0x0c120dd6bd6d76ebd92cc795dfb77ad162ab7276e21f9ec9ddf19a23fb99c0c8,Up,72.00,1.388885,,,0x842272ba01f3a334de1fa9c4dd5cdba3e5e66cb82bf72429a391ccd31a90dc2f
2026-06-04 18:29:28,"Will the price of Ethereum be between $1,700 and $1,800 on June 11?",0xc5bcab379d0264211eba3a004fb1cc0a458526f0e32500fdee7989557f76abf9,Yes,22.00,7.61,,,0xf9e6306572a918dea5f0110124776e7c65734cc5ca1aaf13ccdf6cdece04b6eb
2026-06-04 18:29:28,Bitcoin Up or Down on June 5?,0xe5841b2972dc200d23ede725279fabe137837f305d2912991cf3735a105c1001,Down,51.00,2,,,0x3cf164bdc04390f347305b2efa86d04f90fff8fec8274dbef0875388410fdb75
2026-06-04 18:29:28,"Bitcoin Up or Down - June 4, 2:25PM-2:30PM ET",0xf6e7e0c94cba17f17c011726a07b4fd334b9ff8592cbe6136bb54b3a38a20f76,Down,1.00,10,,,0xc880dce0a4973c185bd3008abc64296ed27f0a6c058ac15c0a77e91a21337746
2026-06-04 18:29:28,"Bitcoin Up or Down - June 4, 2:25PM-2:30PM ET",0xf6e7e0c94cba17f17c011726a07b4fd334b9ff8592cbe6136bb54b3a38a20f76,Down,1.00,20,,,0xd33acb98974e510cd766d00e41c9159604618b1d7079856d37c810a317421781
2026-06-04 18:29:28,Will Andorra win on 2026-06-04?,0xab776168534d01a100f266e885dee0cd5ac1a9166edcda9aa89773da0a761b38,No,16.26,1094.882351,,,0x3ffbcf74de62c6beca0a698d3cc50bc285b828c2212c954b6abd76ed1b9a5b57
2026-06-04 18:29:28,Will the highest temperature in London be 20°C on June 4?,0xe2b4eeaaf20c3428709245e12256d8825d7bf195386f5a9ac6907d0d0f138c9c,No,99.70,5.16,,,0xa6ff13dfbfa5d913f3bea35afc225611aa2089602a52d39bad19583729a6f099
2026-06-04 18:29:28,"Will the price of Bitcoin be above $60,000 on June 10?",0x620f45d32e0d9fa463800c344596b6250d170b6c1e6e56046e97997f80e5888c,Yes,84.87,37.05882,,,0x7215da76b678513ca97c99b1b0d267bd35c343f3458a963b6a0654ebb36b3b8d
2026-06-04 18:29:28,"Bitcoin Up or Down - June 4, 2PM ET",0x3abc093600d2793741018001059df76f55349e8d9e5737c23816bbb5a0f42225,Down,15.00,10,,,0x9cd5b924ea3d660390db90a05b79d885d5ca9e78386acbb198c0c58412178636
2026-06-04 18:29:28,"Ethereum Up or Down - June 4, 2:25PM-2:30PM ET",0x26442be9d9b6ec037e586102fb23739181eec19ce2f790083a7bad87b0abe5cc,Up,99.00,78.62,,,0xb0315772ede438fae0f3e0ced7a8170950ad8bc3c9b35d495cc6dc4794e0b330
2026-06-04 18:29:28,"Bitcoin Up or Down - June 4, 2PM ET",0x3abc093600d2793741018001059df76f55349e8d9e5737c23816bbb5a0f42225,Down,15.00,10.2,,,0x54f3c4b92317e4c7157f4fd709f17666a296a54d8916fb2e4b743458fe94ad88
2026-06-04 18:29:28,"Ethereum Up or Down - June 4, 2:25PM-2:30PM ET",0x26442be9d9b6ec037e586102fb23739181eec19ce2f790083a7bad87b0abe5cc,Down,1.00,42.65,,,0x199029bc2b15926f4818b23a5246d38b45fa0fee38fe2e5995d53aa54cbc65fe
2026-06-04 18:29:28,"Bitcoin Up or Down - June 4, 2:25PM-2:30PM ET",0xf6e7e0c94cba17f17c011726a07b4fd334b9ff8592cbe6136bb54b3a38a20f76,Down,1.00,30,,,0x84393be8cbc5d36660ade31237ed957c6ab3ffd1c66195660fae2bcb46c03632
2026-06-04 18:29:28,"Solana Up or Down - June 4, 2PM ET",0xf65f1d6dc03ba796d75fb065a5da8bdf70cfe06d4b5e2fbe4499b63d6535c4c4,Up,73.00,12,,,0x2d4e3aa58ae7b4190e162745b9299b1dc3dd9003e9dfed153fd70658d1656291
2026-06-04 18:29:28,"Bitcoin Up or Down - June 4, 2PM ET",0x3abc093600d2793741018001059df76f55349e8d9e5737c23816bbb5a0f42225,Down,15.00,40,,,0x586dbdb26a36e238e247a20b2dac8a640d3dc22dd9aee1a5eb0c9802aed4a67b
2026-06-04 18:29:28,"Bitcoin Up or Down - June 4, 2PM ET",0x3abc093600d2793741018001059df76f55349e8d9e5737c23816bbb5a0f42225,Down,15.00,20,,,0xbef11dafef71b8ba6bb148ece7faab6c228e2b54d4862c39f84fd6b5d86ec933
2026-06-04 18:29:28,"Hyperliquid Up or Down - June 4, 2:15PM-2:30PM ET",0xbd859cc350e114a7a1a85b3c7e29a453dc9894cd27add2f7bfa8c1bc464e683b,Up,99.00,30,,,0x7a77aed35f9483377c22b7e7a005a936158d388e4a53b43fde93a49b0aa8728c
2026-06-04 18:29:28,"Bitcoin Up or Down - June 4, 2PM ET",0x3abc093600d2793741018001059df76f55349e8d9e5737c23816bbb5a0f42225,Down,15.00,10,,,0xac8fb341593cde3ac5fd327177f8a06e7943a1afc1e39f9d523b3d389be8c266
2026-06-04 18:29:28,"Bitcoin Up or Down - June 4, 2:30PM-2:45PM ET",0x061b207481cf9dc7bad7c8bd43dc5ab08279152de197ef0c762d58cebb490386,Down,51.75,20.346152,,,0x52a19b5cd14f13fa7481c8ac8454bf1a41f44f5aa2734eeaafcace384972bca2
2026-06-04 18:29:28,"Will the price of Bitcoin be above $66,000 on June 5?",0xa4874d4eb4538bac79cd6b5b7717510e09872b4ee7ab1c5082d4edb9a6f5b9fa,No,92.42,7.541293,,,0x73fe9fd52b1133f70d2b5847d69435eb11643ce0345a2c2f618d9874f5430994
2026-06-04 18:29:28,Will the Fed decrease interest rates by 50+ bps after the June 2026 meeting?,0x4e4a7df876b0c04f0b8b29b9073eddfbaf5c787192da825ae7ca1031bc8cfd15,No,99.50,75.34,,,0x0da4ce7b0529e50f6435c5df8d2d1b360d30d5dce16965f38b7b9a4ea1e2e732
2026-06-04 18:29:28,Will Greece win on 2026-06-04?,0x7050a08e992792746d9198f03136ac5b9f1010547a6c77195841f9eace5c8719,No,96.00,5,,,0x256775e947c98b1c8e4920a04f2fa158d68b96d5039576b48a6e05b108846b27
2026-06-04 18:29:28,Sweden vs. Greece: O/U 2.5,0xe3f685835d7fc6afbbc5de38ef7400dee5c8d06d43d7fcf1f90044e0025298d9,Over,86.00,50.279064,,,0x699c00e7b0343f117d3533547ecab7aa106b6cf0610553464d3c73b3729906c1
2026-06-04 18:29:28,Will Sweden win on 2026-06-04?,0xdb2128a475e15e341d4ea0a5e5b86daea6d4141be9c6771564b320221c41c54b,No,21.51,761.349564,,,0x82011bb84515694a9a53ad70a576a8e84cda7fb47840f41a6668ba40b2d41dc9
2026-06-04 18:29:28,"Bitcoin Up or Down - June 4, 2PM ET",0x3abc093600d2793741018001059df76f55349e8d9e5737c23816bbb5a0f42225,Down,15.00,100,,,0x157fbb87d8fddd637133c96259920613768b1a682b21470331bd24f499d18b6f
2026-06-04 18:29:28,"Will the price of Bitcoin be between $64,000 and $66,000 on June 5?",0x1c6c6b22c9b50bd41d4ad92e6e43a18dea7cf3e97d95df611646191e2d6b83c6,Yes,35.00,2.69,,,0x39793353a6bc8ff5b52bd85578af351e55744b2874dc70967d7477da8cf7907c
2026-06-04 18:29:28,San Francisco Giants vs. Milwaukee Brewers,0xea40d14a5a09949432159e0c40b9f4ebaf86e2bfc5f542246516c75ef6da385d,Milwaukee Brewers,37.00,15.87,,,0xfe6c468d55325febfb2bb17e25866fc74e185b3cabea8bc2a86ecc2aa0f99964
2026-06-04 18:29:28,"Bitcoin Up or Down - June 4, 2:25PM-2:30PM ET",0xf6e7e0c94cba17f17c011726a07b4fd334b9ff8592cbe6136bb54b3a38a20f76,Up,99.00,10.41,,,0x11ce031dc18c441a6b83c6f48049fa82d00fcf6f307d1bc9216dad6ab4c92352
2026-06-04 18:29:28,"Bitcoin Up or Down - June 4, 2:25PM-2:30PM ET",0xf6e7e0c94cba17f17c011726a07b4fd334b9ff8592cbe6136bb54b3a38a20f76,Down,1.00,25,,,0x3294fc3a59ec34679276b52ff99eab6b0609a10502e7069e5026d9efb482e1ce
2026-06-04 18:29:28,"Bitcoin Up or Down - June 4, 2:25PM-2:30PM ET",0xf6e7e0c94cba17f17c011726a07b4fd334b9ff8592cbe6136bb54b3a38a20f76,Down,1.00,25,,,0xceaf55aded5192635f0d80f75f394806e5a70a99d8895ccca69b575559ff33af
2026-06-04 18:29:28,Sweden vs. Greece: O/U 2.5,0xe3f685835d7fc6afbbc5de38ef7400dee5c8d06d43d7fcf1f90044e0025298d9,Over,86.00,1.162785,,,0x1ecbcea30bb2b53abb25b3e1ed675c0c67c00f158c66e389b989dad495cb6fbc
2026-06-04 18:29:28,"Bitcoin Up or Down - June 4, 2PM ET",0x3abc093600d2793741018001059df76f55349e8d9e5737c23816bbb5a0f42225,Down,14.78,32.486,,,0xd7945c9d5c850e7403c92f75e2a217dc2f2fe325f12b899a7d2ba301a770af03
2026-06-04 18:29:28,"Bitcoin Up or Down - June 4, 2:25PM-2:30PM ET",0xf6e7e0c94cba17f17c011726a07b4fd334b9ff8592cbe6136bb54b3a38a20f76,Down,1.00,720,,,0xbdde8cc8e03d48ef7ccc85a3f165645df67887bc901566ed1a9c7ab67eb2d67a
2026-06-04 18:29:28,Will Sweden vs. Greece end in a draw?,0x30e2d0da24ebb970cf6ce4245402b03745692cfd1721d57f7c9b957899634b9e,No,79.00,24.93,,,0x4a3a148e10974380e565fe4087a16dcc38e35b043b86abd49fab96f6d742df8c
2026-06-04 18:29:28,Will Andorra win on 2026-06-04?,0xab776168534d01a100f266e885dee0cd5ac1a9166edcda9aa89773da0a761b38,Yes,88.00,13.943175,,,0x8b07c75928ed1b3d0e3e30d413693e94e7a0dcf1d57dbc86a930d9d7a90dca5a
2026-06-04 18:29:28,"Ethereum Up or Down - June 4, 2:25PM-2:30PM ET",0x26442be9d9b6ec037e586102fb23739181eec19ce2f790083a7bad87b0abe5cc,Up,99.00,6.74,,,0x203814477550ddd2fa24ce37fb90c40cfbd4509113d3deb12531ad503709eaee
2026-06-04 18:29:28,Counter-Strike: M80 vs NRG - Map 2 Winner,0x57713f6aa15c35ce6185819f4b554fa3f3cac40a7617116f1098bef9afec829f,M80,38.00,17,,,0x8b70ade057b7f3d8ccdc8df2836003ef3d7cc9a0df7895eb189eb87293792eef
2026-06-04 18:29:28,Will Greece win on 2026-06-04?,0x7050a08e992792746d9198f03136ac5b9f1010547a6c77195841f9eace5c8719,Yes,4.00,8.33,,,0x9390aa50c52a341eb37434e5559c317b55db2cad4da50d4e20e9ec9b509b912e
2026-06-04 18:29:28,Will Sweden vs. Greece end in a draw?,0x30e2d0da24ebb970cf6ce4245402b03745692cfd1721d57f7c9b957899634b9e,No,79.00,5.06329,,,0xd0f7ade7780db277f49e78985509e862d2067e056dc03fcb7d094514d3305583
2026-06-04 18:29:28,Counter-Strike: M80 vs NRG - Map 2 Winner,0x57713f6aa15c35ce6185819f4b554fa3f3cac40a7617116f1098bef9afec829f,M80,38.00,955.263156,,,0xd4f5467982c19abc368b4b55a4ad907bb11fb3e23b4e961e6ec4af2fbc851580
2026-06-04 18:29:28,Counter-Strike: Liquid vs Heroic - Map 2 Winner,0xff5ee1b61898d96c561eafefb9da580a67f07848a33ab3257a53c32ae4634223,Liquid,86.00,2.325578,,,0x9d9ab96486c0f114bada2c399c04f435c17c78c87c29f6bbac02c1b0ba65af85
2026-06-04 18:29:28,Sweden vs. Greece: O/U 2.5,0xe3f685835d7fc6afbbc5de38ef7400dee5c8d06d43d7fcf1f90044e0025298d9,Over,86.00,36.75,,,0x3a97a31500e47c339c97a0b92e1c9513fa64587800c20ffc6405eb87291a6e2a
2026-06-04 18:29:28,"Ethereum Up or Down - June 4, 2:25PM-2:30PM ET",0x26442be9d9b6ec037e586102fb23739181eec19ce2f790083a7bad87b0abe5cc,Up,99.00,5.18,,,0xad378b8aa14f046eb242f1d7b6457f59f80bcc10ed5093d0ce7c94c001f3cd8d
2026-06-04 18:29:28,Will Norway win the 2026 FIFA World Cup?,0x7b52405ad0e0d31bfe970940b67d77f24ecedeab8a2361c11148c02a006e325c,Yes,2.60,485.43,,,0x1b4ff856c31912e68f205545b1ceef1b97072f13d8d767d89d4870cbb6d76f52
2026-06-04 18:29:28,"Bitcoin Up or Down - June 4, 2PM ET",0x3abc093600d2793741018001059df76f55349e8d9e5737c23816bbb5a0f42225,Down,14.90,104.35,,,0x27526fa691f834fd51f558f6e6b20f05bab891d424b4d4ed9fdb740f008b7fb6
2026-06-04 18:29:28,"Bitcoin Up or Down - June 4, 2PM ET",0x3abc093600d2793741018001059df76f55349e8d9e5737c23816bbb5a0f42225,Down,17.00,30,,,0x2e5e9779340bc749ca44bd1b6c7661fa34824cca4155a590d6d5f58c14539163
2026-06-04 18:29:28,"Bitcoin Up or Down - June 4, 2PM ET",0x3abc093600d2793741018001059df76f55349e8d9e5737c23816bbb5a0f42225,Down,15.00,19.25,,,0x42c4d0045dd2e7719b99c4d51d8c7994edddc976866d2bdb1568b73d6b9d85c4
2026-06-04 18:29:28,"Bitcoin Up or Down - June 4, 2PM ET",0x3abc093600d2793741018001059df76f55349e8d9e5737c23816bbb5a0f42225,Down,14.00,22.857141,,,0xdc7ed92b264a84ee33429183433275274221b70cc5f59feb09d61cc833f846be
2026-06-04 18:29:27,"Bitcoin Up or Down - June 4, 2:25PM-2:30PM ET",0xf6e7e0c94cba17f17c011726a07b4fd334b9ff8592cbe6136bb54b3a38a20f76,Down,1.00,20,,,0xc9016076c0c6aa71a7409a8553d41113247ec8c24a9318d7664c46e1f068597e
2026-06-04 18:29:27,"Bitcoin Up or Down - June 4, 2:25PM-2:30PM ET",0xf6e7e0c94cba17f17c011726a07b4fd334b9ff8592cbe6136bb54b3a38a20f76,Up,98.00,5,,,0xb4128714d858f41ea6ddffe15b0eab1242ca3090f0e4e14529e1d1ecda1b6965
2026-06-04 18:29:27,"Bitcoin Up or Down - June 4, 2:25PM-2:30PM ET",0xf6e7e0c94cba17f17c011726a07b4fd334b9ff8592cbe6136bb54b3a38a20f76,Down,1.00,5,,,0xe7f7c14c94965a1e745c37f75192b4c5f089a8642e36db1931d3092b610c1235
2026-06-04 18:29:27,"Bitcoin Up or Down - June 4, 2:25PM-2:30PM ET",0xf6e7e0c94cba17f17c011726a07b4fd334b9ff8592cbe6136bb54b3a38a20f76,Down,6.01,214,,,0x08fa64c5ba8f95c85a1226e74e3e0a532df712049ff44852064aa758eb9cdce2
2026-06-04 18:29:27,"Hyperliquid Up or Down - June 4, 2:25PM-2:30PM ET",0x0c120dd6bd6d76ebd92cc795dfb77ad162ab7276e21f9ec9ddf19a23fb99c0c8,Down,45.00,9.03,,,0x424fa5373b46c6ebe64e6df678fd7ace53dc9f110b992cf0e3a913ed41adf5a0
2026-06-04 18:29:27,"Will the price of Bitcoin be between $64,000 and $66,000 on June 5?",0x1c6c6b22c9b50bd41d4ad92e6e43a18dea7cf3e97d95df611646191e2d6b83c6,Yes,35.00,5,,,0xa95b0976cfef90f59c1717e04b1ab473b22d2296c939ae2c33d38d589ca107bc
2026-06-04 18:29:27,"Bitcoin Up or Down - June 4, 2:25PM-2:30PM ET",0xf6e7e0c94cba17f17c011726a07b4fd334b9ff8592cbe6136bb54b3a38a20f76,Up,98.00,5,,,0x766fff15a874c09d50490df7dbd447b174fcade9688ea50636679e738574e4ce
2026-06-04 18:29:27,Will the highest temperature in Wuhan be 31°C on June 5?,0x6cb1cd5768395d4a09cf0e41f48cb0b358714fabeaa1cff2e93b35c46635268d,Yes,7.10,5,,,0xe8b843a7c66989403667eab85d0786b60403543fb605061133475998df7b2977
2026-06-04 18:29:27,"Bitcoin Up or Down - June 4, 2PM ET",0x3abc093600d2793741018001059df76f55349e8d9e5737c23816bbb5a0f42225,Up,85.00,24,,,0xc714e3f0484d9d1a17b6cfa69dddd83a195040a64ddfcdd3b13835768e8336c7
2026-06-04 18:29:27,"Bitcoin Up or Down - June 4, 2:25PM-2:30PM ET",0xf6e7e0c94cba17f17c011726a07b4fd334b9ff8592cbe6136bb54b3a38a20f76,Up,98.00,5.051,,,0xd403353445cfb121c6028ec4a3d0cb7a78f373f55b033d6d3dca19b35ce9acda
2026-06-04 18:29:27,"Will Ethereum reach $2,000 in June?",0xde3e7102cefdf2706cb2a926e8c40ecd9dc6cec0a99d5b9add79ab4f24c9e547,Yes,36.00,5,,,0x80b3b9a06f52cd453b61e88ce9259c717e981e4dca79b51fab2ae102be06f70b
2026-06-04 18:29:27,"Bitcoin Up or Down - June 4, 2:25PM-2:30PM ET",0xf6e7e0c94cba17f17c011726a07b4fd334b9ff8592cbe6136bb54b3a38a20f76,Up,98.00,5,,,0x70a5a078b678421dcf594e8c5f28352ac760bdb096e0efdc1470ee3151edb251
2026-06-04 18:29:27,"Bitcoin Up or Down - June 4, 2PM ET",0x3abc093600d2793741018001059df76f55349e8d9e5737c23816bbb5a0f42225,Up,81.00,5.123452,,,0xc7769032b8d897a42b4a67d6d315ed330c8fef08b54ca40a86bc705873dc0791
2026-06-04 18:29:27,Makarska: Elina Avanesyan vs Dominika Salkova,0xd3c6d40aff15bad564a6421cd9011c149c488b657863e373ae23f70a9fc4c1a0,Elina Avanesyan,97.00,0.16,,,0xfa308b9dc3f481b3dbc0bff63c6b2b8d33b09661627072de226302abbb2de0fb
2026-06-04 18:29:27,"BNB Up or Down - June 4, 2:25PM-2:30PM ET",0x3274fa070b149511c7b90a97b516716a345762b3506693800120af19fc1b1008,Up,98.00,50.5,,,0x35e501e13e197cdec910a2a35d5ea42f4dc11129b9c49a959895ea7033869d37
2026-06-04 18:29:27,"Ethereum Up or Down - June 4, 2:25PM-2:30PM ET",0x26442be9d9b6ec037e586102fb23739181eec19ce2f790083a7bad87b0abe5cc,Up,99.00,70.7,,,0x5cf96ae3358b20ffb8adf43bbce68b6f54aaa8e17d0b720d884eb0b348aecae5
2026-06-04 18:29:27,"Bitcoin Up or Down - June 4, 2PM ET",0x3abc093600d2793741018001059df76f55349e8d9e5737c23816bbb5a0f42225,Up,81.00,5,,,0x2be836b691ee3c1617906c9a5b0bd7aa8f0e267f1d62273de18ac090328924e7
2026-06-04 18:29:27,Will Andorra win on 2026-06-04?,0xab776168534d01a100f266e885dee0cd5ac1a9166edcda9aa89773da0a761b38,No,18.00,5.666665,,,0xa6c648872ddf5bc0f9da0e9d95e21ffa27f0e0cea3b8ac50bc9f7578a038e944
2026-06-04 18:29:27,"Solana Up or Down - June 4, 2:25PM-2:30PM ET",0xaa3b1523de28d0a85a75bb16666b6690cd278f91014c089e37d8c2a240d9e0f2,Up,99.00,3,,,0xfceb3bfa372188a8770c6f990a76298ea69c00f82dd08926ac4636c930c97433
2026-06-04 18:29:27,Will Andorra vs. Liechtenstein end in a draw?,0x1cea1ffb7207241c8a1bffc6d67b6c86dd6a5d7e4cdcfac7636beff1d2e73a67,Yes,12.78,27,,,0xfc73c0488928b99bb2e8c9cd3f427f6f69dc615cfadd57706cf9b02af4367ffc
2026-06-04 18:29:27,"Bitcoin Up or Down - June 4, 2:25PM-2:30PM ET",0xf6e7e0c94cba17f17c011726a07b4fd334b9ff8592cbe6136bb54b3a38a20f76,Up,99.00,5,,,0xbc22fc819a83ecd79261e155eca9f67bce109b7779397b12e80bf7bc41340065
2026-06-04 18:29:27,San Francisco Giants vs. Milwaukee Brewers,0xea40d14a5a09949432159e0c40b9f4ebaf86e2bfc5f542246516c75ef6da385d,San Francisco Giants,64.00,52.65625,,,0x75c6875fa5c7d04690c2a1444944f3dabf94c05c7b290d68d4bf9d4b3024074f
2026-06-04 18:29:27,"Ethereum Up or Down - June 4, 2:25PM-2:30PM ET",0x26442be9d9b6ec037e586102fb23739181eec19ce2f790083a7bad87b0abe5cc,Up,99.00,1.0101,,,0x3432c3b4276e98b041086075034f8f346527c2b98fb25a89faeccefd7defa84f
2026-06-04 18:29:27,"Bitcoin Up or Down - June 4, 2:25PM-2:30PM ET",0xf6e7e0c94cba17f17c011726a07b4fd334b9ff8592cbe6136bb54b3a38a20f76,Down,1.00,20,,,0xaac2b9a122df3c243abb9c8d864bf6eca06cb0ddb91b20aca4b36683a82dbeec
2026-06-04 18:29:27,"Bitcoin Up or Down - June 4, 2PM ET",0x3abc093600d2793741018001059df76f55349e8d9e5737c23816bbb5a0f42225,Down,16.00,14,,,0xab85e321a762a83089d6276eca8c757e0409d8ae22043f7cee3319249db18437
2026-06-04 18:29:27,"Bitcoin Up or Down - June 4, 2:25PM-2:30PM ET",0xf6e7e0c94cba17f17c011726a07b4fd334b9ff8592cbe6136bb54b3a38a20f76,Up,99.00,1.11,,,0x0881c19cac6eb7039f237b4321d6778655870852cbf21609dead96d8aae42314
2026-06-04 18:29:27,"Will the price of Bitcoin be above $64,000 on June 5?",0x34ecf20e4baddd4062279778e96ce898d91a845dd1b60289aaaf05cdf7d64a38,Yes,44.15,10.101579,,,0x83d3f990d691c10da8c955d898e222f7f9f00dfa4c3b21e9ac8a1815522a5cb5
2026-06-04 18:29:27,Sweden vs. Greece: O/U 2.5,0xe3f685835d7fc6afbbc5de38ef7400dee5c8d06d43d7fcf1f90044e0025298d9,Over,86.00,201.337207,,,0x791152cc5d94e5b582ae28c8c90a904c3b1e276c935230138367bc29ce4897c6
2026-06-04 18:29:27,"Will Bitcoin reach $70,000 in June?",0xce6f2c7437b15b808a6be3ea61fc125077e35ce7cc55b66fdbf15f7ce22493ea,Yes,34.00,300,,,0xf2e704d7349eb36ccdfd5bfa0309c7d7f11479e487794a2e228b8c8661a002e1
2026-06-04 18:29:27,"Bitcoin Up or Down - June 4, 2PM ET",0x3abc093600d2793741018001059df76f55349e8d9e5737c23816bbb5a0f42225,Down,17.15,104.939443,,,0x2f3404fced6087697d26fbd10546f97c57629bfc100a95f89ffc6f0b6b429414
2026-06-04 18:29:27,Will Andorra vs. Liechtenstein end in a draw?,0x1cea1ffb7207241c8a1bffc6d67b6c86dd6a5d7e4cdcfac7636beff1d2e73a67,No,91.00,4.2967,,,0x99981e3eed551afb9d1cd42dd8eb22f6bc802da9df302a2ec6e1e4d79e15bd19
2026-06-04 18:29:27,Games Total: O/U 4.5,0xed9ae76f08ad18ba83c575c938b1e5b7ff6a0282691d2e59baa76f267ad3d6dd,Under,79.00,7,,,0x967f65b1565337b0c23217b0cd8aa6cd1c705a3e51eb96f3a5eb841417f7f5d7
2026-06-04 18:29:27,"Bitcoin Up or Down - June 4, 2PM ET",0x3abc093600d2793741018001059df76f55349e8d9e5737c23816bbb5a0f42225,Up,82.84,146.22,,,0x40be018605b24973d7cb2920046514693173b803ca2d2d682bc5784337d3b3cb
2026-06-04 18:29:27,"Will the price of Ethereum be above $1,900 on June 5?",0x4ed6c9e759c86c765d06a09c87d08f6e7d6b498e05d9d120e37b55eb08fa13ce,Yes,2.63,71.18,,,0xf0432d00153c2ede7638d599bd6c060d37012f63e3be64424370c8af72f4523b
2026-06-04 18:29:27,LoL: ⁠Movistar KOI Fénix vs UCAM Esports Club - Game 4 Winner,0x258e411eef2cb422cfbc113866efa369b848738d23d28e9ed64a27709846b394,UCAM Esports Club,84.00,15.738093,,,0x7ed41e58be8514cb90ef2e071d8e7a1f6966beac21d816ec80ccf18b818f6642
2026-06-04 18:29:27,"Bitcoin Up or Down - June 4, 2:25PM-2:30PM ET",0xf6e7e0c94cba17f17c011726a07b4fd334b9ff8592cbe6136bb54b3a38a20f76,Up,99.00,15.52,,,0xbed011cd02e112e1f623be1aa3580727ba8742303dd54114b4268a31c6070aa8
2026-06-04 18:29:27,LoL: ⁠Movistar KOI Fénix vs UCAM Esports Club - Game 4 Winner,0x258e411eef2cb422cfbc113866efa369b848738d23d28e9ed64a27709846b394,UCAM Esports Club,84.00,6,,,0x2e2dfc731dfd3b6d9ee574080e10c2fcaefa13fd832abce36e8c2da1a1b3138c
2026-06-04 18:29:27,"Bitcoin Up or Down - June 4, 2PM ET",0x3abc093600d2793741018001059df76f55349e8d9e5737c23816bbb5a0f42225,Down,17.00,9,,,0xac8774d50d5549e451b0bf9b9f9d6c3d25995cc2958691dd6924d3aa8d20d735
2026-06-04 18:29:27,Will the Iranian regime fall by June 30?,0x9352c559e9648ab4cab236087b64ca85c5b7123a4c7d9d7d4efde4a39c18056f,No,97.30,5.12,,,0xd461e73239b03688a9ce88b462506f30e9d9e65ed49c2b042856a28349c8cc80
2026-06-04 18:29:27,"Bitcoin Up or Down - June 4, 2:25PM-2:30PM ET",0xf6e7e0c94cba17f17c011726a07b4fd334b9ff8592cbe6136bb54b3a38a20f76,Down,1.00,20,,,0x6246e2c972d6e6bf660e192045c8d9ecef28cd437fa692c42b5005f43e6e48af
2026-06-04 18:29:27,"Bitcoin Up or Down - June 4, 2:25PM-2:30PM ET",0xf6e7e0c94cba17f17c011726a07b4fd334b9ff8592cbe6136bb54b3a38a20f76,Down,1.00,125,,,0x77e956c8306830ddeb59e931f38ac559cff9f27afcd36d371ef984c1dbcf2490
2026-06-04 18:29:27,"Bitcoin Up or Down - June 4, 2:25PM-2:30PM ET",0xf6e7e0c94cba17f17c011726a07b4fd334b9ff8592cbe6136bb54b3a38a20f76,Down,1.00,20,,,0x6412ceda1220979b3ba15ec39f19878d5ec47a4da1b05450ad868a59e9d56c17
2026-06-04 18:29:27,"Bitcoin Up or Down - June 4, 2:25PM-2:30PM ET",0xf6e7e0c94cba17f17c011726a07b4fd334b9ff8592cbe6136bb54b3a38a20f76,Down,1.00,20,,,0x9abc55171c5dba95a49529d807554386baae63632dbf9400ea281a59efec855e
2026-06-04 18:29:27,"Bitcoin Up or Down - June 4, 2:25PM-2:30PM ET",0xf6e7e0c94cba17f17c011726a07b4fd334b9ff8592cbe6136bb54b3a38a20f76,Down,1.00,20,,,0x16f45b43853c6c8f894f085c4e6d9d19bb5eae70b2db2c4417ed74e54158f791
2026-06-04 18:29:27,"Bitcoin Up or Down - June 4, 2:25PM-2:30PM ET",0xf6e7e0c94cba17f17c011726a07b4fd334b9ff8592cbe6136bb54b3a38a20f76,Down,1.00,20,,,0x75896355f3a91a6b9480874a709e039134682c298a784a6baf148d06459d181b
2026-06-04 18:29:27,"Bitcoin Up or Down - June 4, 2:25PM-2:30PM ET",0xf6e7e0c94cba17f17c011726a07b4fd334b9ff8592cbe6136bb54b3a38a20f76,Down,1.00,20,,,0x21712dded6287c0bbb692f7c842e277a8c7dd76fbb8595b416f8c60d860a8d2c
2026-06-04 18:29:27,"Bitcoin Up or Down - June 4, 2:25PM-2:30PM ET",0xf6e7e0c94cba17f17c011726a07b4fd334b9ff8592cbe6136bb54b3a38a20f76,Down,1.00,500,,,0x45757b814fdc2355fe4705d44aeba204a54568c403aae279fbaaec43bd920e3d
2026-06-04 18:29:27,"Bitcoin Up or Down - June 4, 2:25PM-2:30PM ET",0xf6e7e0c94cba17f17c011726a07b4fd334b9ff8592cbe6136bb54b3a38a20f76,Up,99.00,10,,,0x8782268ae90af775569f7fcd9a9cc4141aad838ea27e58b6fce2c32041b40493
2026-06-04 18:29:27,"Will Bitcoin dip to $58,000 June 1-7?",0x582b6ceb3a06fea02c6ddcb17c1350c2cde1473bf923eb5520e42548b26e033c,No,91.20,8.71,,,0x677e24ea0ad91b7feab4cdd9ff5d98f9c383400ad13c50f20d2e3ddad32f70b4
2026-06-04 18:29:27,"Will Putin meet with Zelenskyy by June 30, 2026?",0xc5ab3fb332af0bebf7ed6df1b1d5e1cc32a91e960c57d7602a5224830cf0084b,Yes,4.27,7070.74,,,0xa56b252e01b003e9ca2733281506f1fa42cc73af81c3ab75ec4f4517f878a09a
2026-06-04 18:29:27,"Bitcoin Up or Down - June 4, 2PM ET",0x3abc093600d2793741018001059df76f55349e8d9e5737c23816bbb5a0f42225,Down,15.72,195.37,,,0x1ca91fe84ab3b20259ede45cbdd58f793558fe837a47a9c5ec0768f27e71baa6
2026-06-04 18:29:27,"Hyperliquid Up or Down - June 4, 2:25PM-2:30PM ET",0x0c120dd6bd6d76ebd92cc795dfb77ad162ab7276e21f9ec9ddf19a23fb99c0c8,Down,59.00,7.2,,,0x83b0edc5c8a25ff957dd246de0ae17e7a731dc9bf2efbf260a1474d51b6140bf
2026-06-04 18:29:27,"Bitcoin Up or Down - June 4, 2:25PM-2:30PM ET",0xf6e7e0c94cba17f17c011726a07b4fd334b9ff8592cbe6136bb54b3a38a20f76,Down,1.00,20,,,0xd45801eddc10517be7f5f0b7c56f89b7dc2958fa69a1b95bddcb52021e055fdb
2026-06-04 18:29:27,"Bitcoin Up or Down - June 4, 2:25PM-2:30PM ET",0xf6e7e0c94cba17f17c011726a07b4fd334b9ff8592cbe6136bb54b3a38a20f76,Up,99.00,56.01,,,0x9692a3d57777aaac19a07a406c54a42a05567c6c2c8798691054efbb38685c53
2026-06-04 18:29:27,"Bitcoin Up or Down - June 4, 2PM ET",0x3abc093600d2793741018001059df76f55349e8d9e5737c23816bbb5a0f42225,Down,15.52,21,,,0xff05f5540562d284577f776afbcdcb7c6a708533192a5bb5ce65f4b2e1dc34c8
2026-06-04 18:29:27,San Francisco Giants vs. Milwaukee Brewers: O/U 8.5,0x7d6a164765d17eb7cc77d9eff077fcbec33b8efc08a044522ef2118a920dfc8c,Under,22.00,5,,,0xc604609378d8285cf41cb02e3415210971d4c1224871b8c584867e473055e09a
2026-06-04 18:29:27,"Solana Up or Down - June 4, 2PM ET",0xf65f1d6dc03ba796d75fb065a5da8bdf70cfe06d4b5e2fbe4499b63d6535c4c4,Down,29.00,17,,,0x7d283de46754cdd8c5d2591b1b4c679a95aa33b84157182536e495192f395636
2026-06-04 18:29:27,"Bitcoin Up or Down - June 4, 2:25PM-2:30PM ET",0xf6e7e0c94cba17f17c011726a07b4fd334b9ff8592cbe6136bb54b3a38a20f76,Down,1.00,20,,,0x4beda51689d726ef39a6c8061206e6a6654cb8cdc2403f08846bb350c1b1dfe1
2026-06-04 18:29:27,"Bitcoin Up or Down - June 4, 2:25PM-2:30PM ET",0xf6e7e0c94cba17f17c011726a07b4fd334b9ff8592cbe6136bb54b3a38a20f76,Down,1.00,20,,,0xc7b78571b1c598457dada4d9e0f41d1077e016682bc2481c63182e21adf57e32
2026-06-04 18:29:27,"Dogecoin Up or Down - June 4, 2PM ET",0x9df3b0ffe7b9b310b2cb888f2bdf523536f2f389da46e08fef79696ce604e635,Up,60.00,51.5,,,0x29004ebaf8c1ebbc9e2259437033b1c96228a2b703307c7cd3db9dc4639a9a2f
2026-06-04 18:29:27,"Bitcoin Up or Down - June 4, 2:25PM-2:30PM ET",0xf6e7e0c94cba17f17c011726a07b4fd334b9ff8592cbe6136bb54b3a38a20f76,Up,99.00,5.56,,,0x2c88d5182077d1b5a6d60b34e2eadabfe7e09df16d807eafd3512913ac51ced8
2026-06-04 18:29:27,"Will Bitcoin dip to $57,500 in June?",0x6992fdf39435fb8aa0b765e24f98cb621fd1f7b6458865387c0ea303da2f0003,No,62.55,91.446107,,,0x32cef656567236ffc4f0b9ee557bdd3319c3ffc2f01e768dfbf2154c439ee8e7
2026-06-04 18:29:27,"Bitcoin Up or Down - June 4, 2:25PM-2:30PM ET",0xf6e7e0c94cba17f17c011726a07b4fd334b9ff8592cbe6136bb54b3a38a20f76,Down,1.00,43.2,,,0xb2cc7956b6880fa3617efcaa40272958c56a1ede61c828dd3f287da56a7a2593
2026-06-04 18:29:27,"Bitcoin Up or Down - June 4, 2:25PM-2:30PM ET",0xf6e7e0c94cba17f17c011726a07b4fd334b9ff8592cbe6136bb54b3a38a20f76,Down,1.00,5,,,0xe7b0cc615985137bc59c85e0802dc3ff70dd1f7f02e7725ee26a15a147f0f2ee
2026-06-04 18:29:27,Will Marjorie Taylor Greene win the 2028 Republican presidential nomination?,0x17902b9490c6a73152772316b4705935c5c6801ba269f2afc81686532e34fb9a,No,99.10,9.081666,,,0x45015f65823bca9b38ca9350330c2bedf0828330c9fde696cb0f072acf31bd2d
2026-06-04 18:29:27,"Solana Up or Down - June 4, 2:25PM-2:30PM ET",0xaa3b1523de28d0a85a75bb16666b6690cd278f91014c089e37d8c2a240d9e0f2,Up,99.00,7,,,0x7ae197df5196625088ddbc3de4f95264a31af9ee0a13fd78807402211a3f7e7e
2026-06-04 18:29:27,"Solana Up or Down - June 4, 2:25PM-2:30PM ET",0xaa3b1523de28d0a85a75bb16666b6690cd278f91014c089e37d8c2a240d9e0f2,Up,99.00,2.2,,,0x9aa7e1bad83ba559f4c510f25bf31236a5bf9f41a44fcc8f6beeba0e872c8903
2026-06-04 18:29:27,"Dogecoin Up or Down - June 4, 2:25PM-2:30PM ET",0x0c18961e2f92094e2eac97ec01e8c0ef1998bbddb5e923bb12e8d725d5f2022d,Down,1.00,100,,,0x7852e53c5708293e07c7a126ba7140d9873a79ee43af3f6e28e2dad4794ddba2
2026-06-04 18:29:27,Will Andorra vs. Liechtenstein end in a draw?,0x1cea1ffb7207241c8a1bffc6d67b6c86dd6a5d7e4cdcfac7636beff1d2e73a67,No,91.00,8.153844,,,0xf0b6f83f0637e307b8fdfff3756bf129d7202435afb87cca4fe78ca92e7a8494
2026-06-04 18:29:27,Will Andorra win on 2026-06-04?,0xab776168534d01a100f266e885dee0cd5ac1a9166edcda9aa89773da0a761b38,Yes,88.00,38.431816,,,0x91a92599642f0c16c68fccf9d9aa5867f7a1f0fb6eced93bce6493bf6dfc0efe
2026-06-04 18:29:27,"Ethereum Up or Down - June 4, 2PM ET",0x7fb12fa6f2ca8492badcdcc6214670dd3dfa8a7aba94a141b561dea6d933ea8e,Up,85.00,65,,,0xa3f4c64b37ea2d42ccac9ed2ef38284911f72cef5079cbbe292adecb0feac1e3
2026-06-04 18:29:27,Will Sweden win on 2026-06-04?,0xdb2128a475e15e341d4ea0a5e5b86daea6d4141be9c6771564b320221c41c54b,Yes,80.00,5.12,,,0xa249b302a148878805bb7d9571224f0c1b23caeb0c60d3120f769424c15a3304
2026-06-04 18:29:27,Besiktas vs. Bahcesehir Koleji,0xbe83e65bdaaca70956767c3b83d32ce062f595c759bf4374694cf2e3bc68e571,Besiktas,22.00,6.25,,,0xacd3c1615f9e268aa4aff8b833097d19317fc4151e1a428a6cd7163018934af6
2026-06-04 18:29:27,Counter-Strike: AM Gaming vs ex-RUBY - Map 2 Winner,0xa52d29eeea17288a74e7130544ab81ed81122c60894dfb2b7893ae74c8f1a889,AM Gaming,40.00,1.5,,,0xc602af0bcc3b0f8346a692a158c17f829b4aafbe0156971d6547d604845f9ee0
2026-06-04 18:29:27,"Bitcoin Up or Down - June 4, 2:25PM-2:30PM ET",0xf6e7e0c94cba17f17c011726a07b4fd334b9ff8592cbe6136bb54b3a38a20f76,Down,1.00,32,,,0xc788983a4b1e9157fa2a49167c9494eba27376082c5e24de52c4372862c006f0
2026-06-04 18:29:27,Will MGM Resorts be acquired before 2027?,0xbb957a0c805d53d96f666fd5c0ea0f70535ca092bfd55fc07ba9b782e3d3d249,No,45.00,20,,,0xb01bfab0361d8c57fd73654558eb62e5ed394f0b149cdd39706cc6ef974a89f2
2026-06-04 18:29:27,"Will Bitcoin dip to $62,000 on June 4?",0x15cc16d6a9cc568d3cd07606a76baf6e84d10d7e93f803ea111611ff9ec2f4b4,No,87.50,20,,,0x7bba61e4a3ca00591056f5e122713f3671917bba1bfcd81dea8fbc1170c3a0a1
2026-06-04 18:29:27,"Bitcoin Up or Down - June 4, 2PM ET",0x3abc093600d2793741018001059df76f55349e8d9e5737c23816bbb5a0f42225,Up,81.00,65,,,0x699a397590344a19321abd6387449f72cd07aacc2feeaf1746588c1e8139de15
2026-06-04 18:29:27,"Will the price of Bitcoin be above $64,000 on June 6?",0x894b9718837301936c6db7286f29aadfad1f2ee27f41b5dc666ee823f60303f1,Yes,45.50,7.91,,,0x62e27adf073e239f99bb1d2476e305b5d53c619d0c54c2edeb130e3da0ccf78a
2026-06-04 18:29:27,"Will the price of Bitcoin be between $66,000 and $68,000 on June 5?",0x861c4b736026d2783300c9ad54e06be9de467edf554666e028cc887645f048b8,Yes,7.50,7,,,0x356d7b570e75b59948d1f5928d0171f39c2eb2da01fd642cbdc9480016c7ff97
2026-06-04 18:29:27,"Bitcoin Up or Down - June 4, 2PM ET",0x3abc093600d2793741018001059df76f55349e8d9e5737c23816bbb5a0f42225,Down,18.00,26.25,,,0x22259e1e1a5760fa7c8ad3623d69f1f3ad51d481471c529213315f4711139d4a
2026-06-04 18:29:27,"Bitcoin Up or Down - June 4, 2PM ET",0x3abc093600d2793741018001059df76f55349e8d9e5737c23816bbb5a0f42225,Down,15.00,24,,,0x30df6890de17d39f3f428c60b27359594774cf51cc761dfca03f1d51c7cf9771
2026-06-04 18:29:27,"Bitcoin Up or Down - June 4, 2PM ET",0x3abc093600d2793741018001059df76f55349e8d9e5737c23816bbb5a0f42225,Down,15.00,96,,,0x312f60fe48a6c265a603a95986eade7cf88d31dddd71e0a8dec2db2a7bd9de54
2026-06-04 18:29:27,"Bitcoin Up or Down - June 4, 2:25PM-2:30PM ET",0xf6e7e0c94cba17f17c011726a07b4fd334b9ff8592cbe6136bb54b3a38a20f76,Down,1.00,100,,,0x0d6f3599fe929ab055d279a69d4b63917cbe07ce02b73464fef5166f51187d50
2026-06-04 18:29:27,Counter-Strike: Liquid vs Heroic - Map 2 Winner,0xff5ee1b61898d96c561eafefb9da580a67f07848a33ab3257a53c32ae4634223,Liquid,86.00,232.558135,,,0xe39c7f51058e4b4ccc1e6455f78223fe24b25997582288ab6d7fbff04e2bb717
2026-06-04 18:29:27,"Will the price of Ethereum be above $1,900 on June 7?",0x3e90c49183a83adb196d56c05815e14db0a99b9d7113579c463f314dd7d1bf4d,Yes,6.00,75,,,0x2e8fc0ec85d609379f5b89edcc3192d93ce602914322a5b318576d54f6a6a383
2026-06-04 18:29:27,"Bitcoin Up or Down - June 4, 2:25PM-2:30PM ET",0xf6e7e0c94cba17f17c011726a07b4fd334b9ff8592cbe6136bb54b3a38a20f76,Down,1.00,100,,,0x4f2ea39fa118bb2162e760b045866d6d25b88e1673b4c90e8fa4a2f2f0d224e4
2026-06-04 18:29:27,"Bitcoin Up or Down - June 4, 2:25PM-2:30PM ET",0xf6e7e0c94cba17f17c011726a07b4fd334b9ff8592cbe6136bb54b3a38a20f76,Down,1.00,49.6,,,0x136c32b9247e49a68cd876496c301cace45f637f0347e089cd4d820f4b33e073
2026-06-04 18:29:27,"Hyperliquid Up or Down - June 4, 2:25PM-2:30PM ET",0x0c120dd6bd6d76ebd92cc795dfb77ad162ab7276e21f9ec9ddf19a23fb99c0c8,Up,69.00,10,,,0x90d96426462db937016693908a37fa857636e7136ec436311924986f87a1bacd
2026-06-04 18:29:27,"Will the price of Ethereum be above $1,900 on June 5?",0x4ed6c9e759c86c765d06a09c87d08f6e7d6b498e05d9d120e37b55eb08fa13ce,Yes,2.67,205.526665,,,0x346fa5a37d9e3e315b156c7b83e1cc1eff846dfe94f2908bec4143aa876e261e
2026-06-04 18:29:27,Exact Score: Sweden 1 - 1 Greece?,0xda1dd3e3f8fd9586d5e540ed15417b0a380015e40b450b01c1616a71974369f0,No,77.00,6.25,,,0xcee1313629990b9cc3bdf36ef407ece048f9593dfa6900b5405a10ef0a98c138
2026-06-04 18:29:27,"Bitcoin Up or Down - June 4, 2:25PM-2:30PM ET",0xf6e7e0c94cba17f17c011726a07b4fd334b9ff8592cbe6136bb54b3a38a20f76,Down,1.00,1100,,,0xca5f605cd01581d81e4132a412ddb58dba66f6fffa728641ee128bd8f2c45f19
2026-06-04 18:29:27,"Ethereum Up or Down - June 4, 2:25PM-2:30PM ET",0x26442be9d9b6ec037e586102fb23739181eec19ce2f790083a7bad87b0abe5cc,Down,1.00,25.2,,,0x4d5705f66ae111186dda73c829483e3ae4c6cb44a1e16cc9df1391856e515e45
2026-06-04 18:29:27,"Solana Up or Down - June 4, 2:25PM-2:30PM ET",0xaa3b1523de28d0a85a75bb16666b6690cd278f91014c089e37d8c2a240d9e0f2,Up,99.00,57.5757,,,0xb0aa0c1dccae4c2424235a49e6cd5b0052842da1cdf68aa551c6b31c29619d8c
2026-06-04 18:29:27,"Bitcoin Up or Down - June 4, 2PM ET",0x3abc093600d2793741018001059df76f55349e8d9e5737c23816bbb5a0f42225,Up,83.00,24,,,0x8d62cde98a6501c820b3b394a22936b471e65e824b0bc947fccad1d643e78e79
2026-06-04 18:29:27,"Will Bitcoin dip to $58,000 June 1-7?",0x582b6ceb3a06fea02c6ddcb17c1350c2cde1473bf923eb5520e42548b26e033c,No,91.14,420.282886,,,0x4ef8dde4f9d1d94e6c423d5ee6b722efe72451d93a75ce2a4a0f01a058c63276
2026-06-04 18:29:27,"Bitcoin Up or Down - June 4, 2PM ET",0x3abc093600d2793741018001059df76f55349e8d9e5737c23816bbb5a0f42225,Down,16.00,67,,,0xfafef7a103348daa5fb7119c7451e44dc7433945b9ea397b2b196a1962ef281b
2026-06-04 18:29:27,"Bitcoin Up or Down - June 4, 2:25PM-2:30PM ET",0xf6e7e0c94cba17f17c011726a07b4fd334b9ff8592cbe6136bb54b3a38a20f76,Down,1.00,23.22,,,0xca10544bc1d920ebe9fbf41d57dcc36ee3db09139d0b6e137a77b673a28edfed
2026-06-04 18:29:27,"Bitcoin Up or Down - June 4, 2:25PM-2:30PM ET",0xf6e7e0c94cba17f17c011726a07b4fd334b9ff8592cbe6136bb54b3a38a20f76,Down,1.00,850,,,0x95ae2603f2339899f5e0534ee524c93c79377dd6bc32eabd057883bf18614f81
2026-06-04 18:29:27,"Bitcoin Up or Down - June 4, 2PM ET",0x3abc093600d2793741018001059df76f55349e8d9e5737c23816bbb5a0f42225,Up,83.00,8,,,0xf05527d1ecaf14af205b121be00a6c59c17fc13972c7ff6328c3465d3945e6f0
2026-06-04 18:29:27,LoL: ⁠Movistar KOI Fénix vs UCAM Esports Club - Game 4 Winner,0x258e411eef2cb422cfbc113866efa369b848738d23d28e9ed64a27709846b394,UCAM Esports Club,83.00,609,,,0x4c59e873ba0e5e2431446c7933cb83bd36d4f68eaf84d8ab6ced093a0b3e2626
2026-06-04 18:29:27,"Bitcoin Up or Down - June 4, 2:25PM-2:30PM ET",0xf6e7e0c94cba17f17c011726a07b4fd334b9ff8592cbe6136bb54b3a38a20f76,Up,99.00,5,,,0xd5b0c68e31404c15f03ce3688b8dbb8650f3a5c56c67b13097232458f96e756b
2026-06-04 18:29:27,"Solana Up or Down - June 4, 2PM ET",0xf65f1d6dc03ba796d75fb065a5da8bdf70cfe06d4b5e2fbe4499b63d6535c4c4,Up,71.00,20,,,0xcf0c5f32f0cf683f949571ce136126813f648d4e600ad9d79147f43245bb1eb9
2026-06-04 18:29:27,"Bitcoin Up or Down - June 4, 2:25PM-2:30PM ET",0xf6e7e0c94cba17f17c011726a07b4fd334b9ff8592cbe6136bb54b3a38a20f76,Down,1.00,48.6,,,0x7f4c630856b25fcdb43b086c88f639e5b46c1fe2fe5d90b5e80ce4eca6ddf226
2026-06-04 18:29:27,San Francisco Giants vs. Milwaukee Brewers: O/U 12.5,0x3dddb1bc95b8c1d5a35255048687566dc88fc66450f70044659029e148580d2b,Over,42.00,9.523808,,,0xcddaa477a982ad99a005d3c2feab89dd7528fad8670af35021f8331038acd076
2026-06-04 18:29:27,T20 Blast: Somerset vs Glamorgan,0xf6129fe61ff15efd384be87043b61406c2be38f957e42eecd49f60d0dd38d207,Somerset,56.00,785.78,,,0x058593c2fe0b4798245bbe6b6858dd42995d76409487a44eae264b2621e3a7b0
2026-06-04 18:29:27,"Ethereum Up or Down - June 4, 2:25PM-2:30PM ET",0x26442be9d9b6ec037e586102fb23739181eec19ce2f790083a7bad87b0abe5cc,Up,99.00,10,,,0x1e9cb68cffd6997569f446aa1e8d9e9e502ef1d31f3e14daf130785c6dd719c2
2026-06-04 18:29:27,"Bitcoin Up or Down - June 4, 2:25PM-2:30PM ET",0xf6e7e0c94cba17f17c011726a07b4fd334b9ff8592cbe6136bb54b3a38a20f76,Down,1.00,16,,,0x39c70be36ab7e15c057077e4854a6e8654b8905a8a89d5fe4f71da935ed8cd33
2026-06-04 18:29:27,"XRP Up or Down - June 4, 12:00PM-4:00PM ET",0x79986c11903b0690f20cbd6bd0d8595b510b6fd9cb2c7a00af3970434422a273,Up,73.71,19.333332,,,0x7d31eb42342444a6003930cad73c2dfe86011a1ac5ff92101fba7680a9f33f85
2026-06-04 18:29:27,"Ethereum Up or Down - June 4, 2:25PM-2:30PM ET",0x26442be9d9b6ec037e586102fb23739181eec19ce2f790083a7bad87b0abe5cc,Down,1.00,27.6,,,0x1ec3d25a3ed6025b6b1771167f7953a70a5c62310c5bd6ce41ce4aa93b8fda12
2026-06-04 18:29:27,"Dogecoin Up or Down - June 4, 2:25PM-2:30PM ET",0x0c18961e2f92094e2eac97ec01e8c0ef1998bbddb5e923bb12e8d725d5f2022d,Up,98.15,282.02,,,0xed161982ccebe19fb69b3ecc5b7bb86f18d6f6ec70037aa0f79c44c12a9938cc
2026-06-04 18:29:27,"Ethereum Up or Down - June 4, 2:25PM-2:30PM ET",0x26442be9d9b6ec037e586102fb23739181eec19ce2f790083a7bad87b0abe5cc,Up,99.00,313.48,,,0xf7c3f618d5e794d82d97ebb3bd2f019b1602e60f72acc3d5de45045d9840d2f3
2026-06-04 18:29:27,"Solana Up or Down - June 4, 2:25PM-2:30PM ET",0xaa3b1523de28d0a85a75bb16666b6690cd278f91014c089e37d8c2a240d9e0f2,Up,99.00,201.95,,,0xe3c174d44b8e161185a41c571fa6303fc67b54651d333c80580daf4e2cf33061
2026-06-04 18:29:27,"Bitcoin Up or Down - June 4, 2:30PM-2:35PM ET",0x51dcfba27586c391de127ab5a8e9baa4680d301a39f09db459e9b05f49102973,Down,50.00,3.62,,,0x864c1c5934a23765a605eaf19d8e53de432f9c9ae08c6d6173e1b4d1db4cdda1
2026-06-04 18:29:27,"Bitcoin Up or Down - June 4, 2:25PM-2:30PM ET",0xf6e7e0c94cba17f17c011726a07b4fd334b9ff8592cbe6136bb54b3a38a20f76,Down,1.00,100,,,0xed9d873cb649854c4e5847e8855168e720744663265d45f679af413d6ec8c738
2026-06-04 18:29:27,"Ethereum Up or Down - June 4, 2:25PM-2:30PM ET",0x26442be9d9b6ec037e586102fb23739181eec19ce2f790083a7bad87b0abe5cc,Up,99.00,1.14,,,0xe7961c178074c90c38dd9636488247b0c48ae15a9558cfae1a0b7382e905eb72
2026-06-04 18:29:27,LoL: ⁠Movistar KOI Fénix vs UCAM Esports Club - Game 4 Winner,0x258e411eef2cb422cfbc113866efa369b848738d23d28e9ed64a27709846b394,UCAM Esports Club,84.00,47.619043,,,0x665dc1233ff750ae4b5c9e2af80266053b2087cbd951b37ee7d336ca43ca2613
2026-06-04 18:29:27,Will Sweden vs. Greece end in a draw?,0x30e2d0da24ebb970cf6ce4245402b03745692cfd1721d57f7c9b957899634b9e,Yes,21.00,30,,,0x4ed8535ff92c6ac45a153ed47828771d2a54383faeb6d4b0f1fe68ee40e9b55b
2026-06-04 18:29:27,"Bitcoin Up or Down - June 4, 2:25PM-2:30PM ET",0xf6e7e0c94cba17f17c011726a07b4fd334b9ff8592cbe6136bb54b3a38a20f76,Down,1.00,17,,,0xd8e16ab1c8ba3f8c42e0dbe98c957b6d0194283413a3a18d547bb408f7adbbb4
2026-06-04 18:29:27,Will Sweden win on 2026-06-04?,0xdb2128a475e15e341d4ea0a5e5b86daea6d4141be9c6771564b320221c41c54b,Yes,78.00,30,,,0x0135035e8821c3723f47a0e30be7fd706e5ad2256416825cd674674e68923f59
2026-06-04 18:29:27,"Will the price of Bitcoin be above $64,000 on June 6?",0x894b9718837301936c6db7286f29aadfad1f2ee27f41b5dc666ee823f60303f1,Yes,45.50,10.087911,,,0x6522fdad1e87b437f4b2c70f9e8f40c819fba0e030a5f063866a1e2cea814ed5
2026-06-04 18:29:27,"Bitcoin Up or Down - June 4, 2:25PM-2:30PM ET",0xf6e7e0c94cba17f17c011726a07b4fd334b9ff8592cbe6136bb54b3a38a20f76,Down,1.00,5,,,0x00ab82b3a4a84987741b8ceaa322d8076aaa719f22eb5075f469541755c71980
2026-06-04 18:29:27,Will the price of XRP be above $1.20 on June 5?,0xdf2ec0b200a6168587685b975936720bdd05c682ceb425964575732f5b3f1e8a,Yes,20.50,5,,,0xdff658a8b145f589eb12efcec6c4c5cf29be3ec523e60623dacc1fd92d94c6db
2026-06-04 18:29:27,"Bitcoin Up or Down - June 4, 2:25PM-2:30PM ET",0xf6e7e0c94cba17f17c011726a07b4fd334b9ff8592cbe6136bb54b3a38a20f76,Down,1.00,50,,,0xa0074122a6d166f72bd3da17f2986f9859301c1c9c31a58f81c81ae3e47a9aa4
2026-06-04 18:29:27,"Ethereum Up or Down - June 4, 2:25PM-2:30PM ET",0x26442be9d9b6ec037e586102fb23739181eec19ce2f790083a7bad87b0abe5cc,Up,99.00,3,,,0xee0ab9c5084f4bde3452b50f84961ab1008a88906df0adf9ae3dd8ca783cbe37
2026-06-04 18:29:27,"Bitcoin Up or Down - June 4, 2:25PM-2:30PM ET",0xf6e7e0c94cba17f17c011726a07b4fd334b9ff8592cbe6136bb54b3a38a20f76,Down,1.00,5,,,0xc5c24daf111baa0ce4ff2ee0e73802daaaa899166b76433038dc70937c7d14d1
2026-06-04 18:29:27,"Bitcoin Up or Down - June 4, 2:25PM-2:30PM ET",0xf6e7e0c94cba17f17c011726a07b4fd334b9ff8592cbe6136bb54b3a38a20f76,Up,99.00,3.06,,,0x902ce5d4776e00d14b4ec773346d73b2c4147c7b057ff592cdc308173a28b776
2026-06-04 18:29:27,"Bitcoin Up or Down - June 4, 2:25PM-2:30PM ET",0xf6e7e0c94cba17f17c011726a07b4fd334b9ff8592cbe6136bb54b3a38a20f76,Up,99.00,5,,,0x4aa2a4859d45b9f8fa8c049fb6a0de4572073e530de4667b1a31a08d56bd28af
2026-06-04 18:29:27,"Will Ethereum dip to $1,600 June 1-7?",0x60d9b7ac68c5addce6f8558890b8a3ea0db73c703bc7b15650e33c753d59125b,No,93.40,4.23,,,0x53c61aec960eb186c1d1dc241111044286b1ba76a4854e32f04031ac410f01d5
2026-06-04 18:29:27,"Bitcoin Up or Down - June 4, 2:25PM-2:30PM ET",0xf6e7e0c94cba17f17c011726a07b4fd334b9ff8592cbe6136bb54b3a38a20f76,Up,99.00,5,,,0xfaad9797609b75261c9e1d600d845a22547bc3938cc6c74c698eedac3a5c3ced
2026-06-04 18:29:27,"Bitcoin Up or Down - June 4, 2:30PM-2:35PM ET",0x51dcfba27586c391de127ab5a8e9baa4680d301a39f09db459e9b05f49102973,Down,50.00,10,,,0x44b582726f5e7aaadf062c9fa52e0801e65f647aaf7b0d85ebb023eb3c074111
2026-06-04 18:29:27,"Bitcoin Up or Down - June 4, 2:25PM-2:30PM ET",0xf6e7e0c94cba17f17c011726a07b4fd334b9ff8592cbe6136bb54b3a38a20f76,Up,99.00,5.61,,,0x6c28b02aab1607254ea52cb4d32d813aeafd6e6846ddadbad1a831a58dec5dad
2026-06-04 18:29:27,"Bitcoin Up or Down - June 4, 2:30PM-2:35PM ET",0x51dcfba27586c391de127ab5a8e9baa4680d301a39f09db459e9b05f49102973,Down,50.00,5,,,0x5e60baebd008bbe51e48e7015a90ea4e05a5bfb0f4b4010a24ce3545242010e1
2026-06-04 18:29:27,"Bitcoin Up or Down - June 4, 2:25PM-2:30PM ET",0xf6e7e0c94cba17f17c011726a07b4fd334b9ff8592cbe6136bb54b3a38a20f76,Down,1.00,54,,,0x6d630d41ab522d2c28c810287836bb09e2c0a5d9f7a59db0ca3c8e4940a39d09
2026-06-04 18:29:27,"Will the price of Bitcoin be between $64,000 and $66,000 on June 5?",0x1c6c6b22c9b50bd41d4ad92e6e43a18dea7cf3e97d95df611646191e2d6b83c6,Yes,32.60,11.993864,,,0x644f8162a9dca3664d9b5b594e02afc9b9289f1186279629b6ef628157c19efa
2026-06-04 18:29:27,"Bitcoin Up or Down - June 4, 2:25PM-2:30PM ET",0xf6e7e0c94cba17f17c011726a07b4fd334b9ff8592cbe6136bb54b3a38a20f76,Down,1.00,25,,,0x6decb9fb86a913b9f7abcaafc26000c4e849db5f556ef6c7ed319c5abac0d9e7
2026-06-04 18:29:27,"Bitcoin Up or Down - June 4, 2:25PM-2:30PM ET",0xf6e7e0c94cba17f17c011726a07b4fd334b9ff8592cbe6136bb54b3a38a20f76,Up,99.00,1.08,,,0x856cfb5cd645460c1b39986433f62c0cf4a12825c8d4108cc1dcdc49a1829503
2026-06-04 18:29:27,"Bitcoin Up or Down - June 4, 2:25PM-2:30PM ET",0xf6e7e0c94cba17f17c011726a07b4fd334b9ff8592cbe6136bb54b3a38a20f76,Up,99.00,1.69,,,0x3dcd57f98679087a1e027986542d6d50fcdb244a7d96d30f87c32046bfc7776a
2026-06-04 18:29:27,"Will the price of Bitcoin be between $64,000 and $66,000 on June 5?",0x1c6c6b22c9b50bd41d4ad92e6e43a18dea7cf3e97d95df611646191e2d6b83c6,No,67.40,8,,,0x195858d28db44cf84e3df18bb3b2c52a67633930618dd6026667e5d340f489f6
2026-06-04 18:29:27,Will the highest temperature in Wuhan be 31°C on June 5?,0x6cb1cd5768395d4a09cf0e41f48cb0b358714fabeaa1cff2e93b35c46635268d,Yes,6.90,15.362317,,,0x0fa3190d821c5f4e627d291e7bbb6c0eddd134b66baeae6413317ad7c797dafa
2026-06-04 18:29:27,"Will Ethereum dip to $1,600 June 1-7?",0x60d9b7ac68c5addce6f8558890b8a3ea0db73c703bc7b15650e33c753d59125b,No,93.40,40,,,0x6d09c9867372619f9d29bccfcf6facf9c8ac367661131d83ee91428925c39ab7
2026-06-04 18:29:27,"Will the price of Ethereum be between $1,600 and $1,700 on June 5?",0xc5840bac87513a3bb7d58e2e8730c5ef05001577a54db34fe22b19b7905734e6,No,89.20,10,,,0x4137958105d89a168a2213e6531f9181fa8b04800e178c310a2f14ba7807df75
2026-06-04 18:29:27,"Bitcoin Up or Down - June 4, 2PM ET",0x3abc093600d2793741018001059df76f55349e8d9e5737c23816bbb5a0f42225,Down,17.00,19.47,,,0x954fe5cc8b305de1f7810211fd21a1aceacc17ced842bf19ce59faf5210bf04f
2026-06-04 18:29:27,Will the price of Solana be above $70 on June 5?,0x6fafbdc9282ca890ee77247600854887fe04b11b5aacdfd86b159cdb29e54d2b,Yes,40.95,10.012925,,,0xfc9893c17383636a9f94bf52207329883995fbeab3e218568f321b4ed32cecdb
2026-06-04 18:29:27,"Bitcoin Up or Down - June 4, 2:25PM-2:30PM ET",0xf6e7e0c94cba17f17c011726a07b4fd334b9ff8592cbe6136bb54b3a38a20f76,Down,1.00,800,,,0x713d6fae9a47c3108608a4a3ee942e4f7f1f5c3b754b2d8983afa05f9c4289bf
2026-06-04 18:29:27,Will the price of XRP be between $1.20 and $1.30 on June 5?,0x1a7a21b511a0e5269b957dfcb69d2bafb6c572d7ab1b7e52a79e8fb08c094167,Yes,25.00,100,,,0x36299a7c692d7d5693fdde45116ec5693e678c9c306030cdb7e9c5f9d968f59f
2026-06-04 18:29:27,"Solana Up or Down - June 4, 2PM ET",0xf65f1d6dc03ba796d75fb065a5da8bdf70cfe06d4b5e2fbe4499b63d6535c4c4,Up,69.00,20,,,0x67114fd0b38e75b6d7d34de338d50cbea66a8199430490bd9fe733c2e5d5828d
2026-06-04 18:29:27,"Will the price of Ethereum be above $1,900 on June 5?",0x4ed6c9e759c86c765d06a09c87d08f6e7d6b498e05d9d120e37b55eb08fa13ce,Yes,2.46,223.4448,,,0x49db15913b2da62d191ea27c325a3cd8525c71caf87f3093e262461f4a029121
2026-06-04 18:29:27,"Will the price of Bitcoin be above $60,000 on June 5?",0x007c4167457c4191e8f5b73be321ae1fddc1fe11c9b1b554f8e4bbccc8f169e8,Yes,96.81,22.65,,,0x5e6ef413b064a4f138fec87cac4461b2676c1c949ef61202f002c76b46f20d3d
2026-06-04 18:29:27,"Ethereum Up or Down - June 4, 2:25PM-2:30PM ET",0x26442be9d9b6ec037e586102fb23739181eec19ce2f790083a7bad87b0abe5cc,Up,99.00,3.03,,,0xf2afc2901050ff06f749c1c75a48377a95009db96a83311df81c314c6d178ed6
2026-06-04 18:29:27,"Bitcoin Up or Down - June 4, 2:25PM-2:30PM ET",0xf6e7e0c94cba17f17c011726a07b4fd334b9ff8592cbe6136bb54b3a38a20f76,Down,1.00,200,,,0x0bc85cbe54dea57580cfdbd65f303d93936563801479d90e93e90c307f92913f
2026-06-04 18:29:27,"Bitcoin Up or Down - June 4, 2:25PM-2:30PM ET",0xf6e7e0c94cba17f17c011726a07b4fd334b9ff8592cbe6136bb54b3a38a20f76,Up,99.00,1195.93,,,0x1cf24756190520d3690d07f79379728be8d315d743a42b9132b04b7cdd9f4ed0
2026-06-04 18:29:27,"Bitcoin Up or Down - June 4, 2:25PM-2:30PM ET",0xf6e7e0c94cba17f17c011726a07b4fd334b9ff8592cbe6136bb54b3a38a20f76,Down,1.00,10,,,0x811edaa10ca21cf3f8a7142e653255c9ddd8a3063573fbdd7e4f838370fabd1c
2026-06-04 18:29:27,"Bitcoin Up or Down - June 4, 2:25PM-2:30PM ET",0xf6e7e0c94cba17f17c011726a07b4fd334b9ff8592cbe6136bb54b3a38a20f76,Down,1.00,107,,,0xe309fe36d9ff9838722ce0b9317193f4b7fe45aa01a6f649ed54df90f9738314
2026-06-04 18:29:27,Will the highest temperature in Wuhan be 31°C on June 5?,0x6cb1cd5768395d4a09cf0e41f48cb0b358714fabeaa1cff2e93b35c46635268d,Yes,6.90,15.362317,,,0xa23b88653354c20762776ecc0bd4536a8b2ab14d4cc2b0f90f6e522337709a35
2026-06-04 18:29:27,"Bitcoin Up or Down - June 4, 2:25PM-2:30PM ET",0xf6e7e0c94cba17f17c011726a07b4fd334b9ff8592cbe6136bb54b3a38a20f76,Up,99.00,1.08,,,0x0ba93dcf719276ec9cdabb7e9005231e6594bba73f9ca58e9ee2a301ec5b7da8
2026-06-04 18:29:27,"Bitcoin Up or Down - June 4, 2PM ET",0x3abc093600d2793741018001059df76f55349e8d9e5737c23816bbb5a0f42225,Down,17.00,15.53,,,0x52e45399bad40240b8a49a220f9a4ec06d4b4ccf57584a2bd7d45d21fc0c7c6b
2026-06-04 18:29:27,"Bitcoin Up or Down - June 4, 2:25PM-2:30PM ET",0xf6e7e0c94cba17f17c011726a07b4fd334b9ff8592cbe6136bb54b3a38a20f76,Down,1.00,100,,,0xb655e4b0cb2e0e551d3e0ad845c649dacb75c2f4171b7c607fa97c1f694e3abf
2026-06-04 18:29:27,"Solana Up or Down - June 4, 2:25PM-2:30PM ET",0xaa3b1523de28d0a85a75bb16666b6690cd278f91014c089e37d8c2a240d9e0f2,Up,99.00,10,,,0xee482f2162f930d3d426167a47a2b2c25a49956df33a4973decb20c342b4d3a1
2026-06-04 18:29:27,"Bitcoin Up or Down - June 4, 2:25PM-2:30PM ET",0xf6e7e0c94cba17f17c011726a07b4fd334b9ff8592cbe6136bb54b3a38a20f76,Up,99.00,7.27,,,0xac061f86ada4d85084adb99fd9fbee6a3a383afbeaa63db85f46cab3ce9989ac
2026-06-04 18:29:27,"Ethereum Up or Down - June 4, 2:25PM-2:30PM ET",0x26442be9d9b6ec037e586102fb23739181eec19ce2f790083a7bad87b0abe5cc,Up,99.00,75,,,0x23bf151dfc88c83044cf3013e61af2f3c5a7cb452f8ac3337949fa22a9a5d0cf
2026-06-04 18:29:27,"Hyperliquid Up or Down - June 4, 2:25PM-2:30PM ET",0x0c120dd6bd6d76ebd92cc795dfb77ad162ab7276e21f9ec9ddf19a23fb99c0c8,Up,49.87,46,,,0x272e6d7ea81cbdfbca8191a091f5c78f450eb021b56d3c4c661adcf9ee3a9b25
2026-06-04 18:29:27,"Solana Up or Down - June 4, 2:25PM-2:30PM ET",0xaa3b1523de28d0a85a75bb16666b6690cd278f91014c089e37d8c2a240d9e0f2,Up,99.00,10,,,0xb0ca0d832ec576e7db17ad9d16a4b55c65c84051cfa16a2f22545dd3463ce41a
2026-06-04 18:29:27,"Bitcoin Up or Down - June 4, 2:25PM-2:30PM ET",0xf6e7e0c94cba17f17c011726a07b4fd334b9ff8592cbe6136bb54b3a38a20f76,Up,98.98,5359.28,,,0x6f430b6882d2ae53be04171a2501cbc1cfe831f6d867d222bea54ae226eed07c
2026-06-04 18:29:27,"BNB Up or Down - June 4, 2:25PM-2:30PM ET",0x3274fa070b149511c7b90a97b516716a345762b3506693800120af19fc1b1008,Up,99.00,185,,,0xd4e8318909d540ededb737efbe573c8b47fd59e89fd108e522fbceaa4a7e79b9
2026-06-04 18:29:27,"Bitcoin above 63,600 on June 4, 3PM ET?",0xd4a145fb8f7ef33e1ce23dee245c2f46ba5ca20404268c7f30476c9ae829b016,Yes,76.00,10.131575,,,0xd42d8c719f417e811f8b863cb906b40d0401c3e982cd761705d6e412d4fc7f10
2026-06-04 18:29:27,"Bitcoin Up or Down - June 4, 2:25PM-2:30PM ET",0xf6e7e0c94cba17f17c011726a07b4fd334b9ff8592cbe6136bb54b3a38a20f76,Down,1.00,25,,,0x4566a4cc4680a5c9727f7a368553b896b37014ef94d804d7151cd1bdff09ce15
2026-06-04 18:29:27,"Solana Up or Down - June 4, 2:25PM-2:30PM ET",0xaa3b1523de28d0a85a75bb16666b6690cd278f91014c089e37d8c2a240d9e0f2,Up,99.00,5.0505,,,0x69b35be6a985e5378174999d9c4409b03ec0f0a6da2638a4158c8667ccfb4097
2026-06-04 18:29:27,"Bitcoin Up or Down - June 4, 2:25PM-2:30PM ET",0xf6e7e0c94cba17f17c011726a07b4fd334b9ff8592cbe6136bb54b3a38a20f76,Up,99.00,3.27,,,0x4f05b9b42a222b0f4656ce044d446a0c323260df719aad914e3c143eb66c0761
2026-06-04 18:29:27,"Will the price of Bitcoin be above $64,000 on June 7?",0xab2140c0fcb04db72733d1885b632aa641355a7ae2ed31d4656ffeaa5f48b854,Yes,46.60,12,,,0x40258fe5f6b5f0812d60e0f36c3cb2e063229ca40e4211ab571c435ea30f95d3
2026-06-04 18:29:27,"Dogecoin Up or Down - June 4, 2PM ET",0x9df3b0ffe7b9b310b2cb888f2bdf523536f2f389da46e08fef79696ce604e635,Up,55.00,6.66,,,0x0ffe79d00b625cdf8e81ebc05dc00522c84071c5a3024ee5941fe58a5f7afd17
2026-06-04 18:29:27,"Ethereum Up or Down - June 4, 2:25PM-2:30PM ET",0x26442be9d9b6ec037e586102fb23739181eec19ce2f790083a7bad87b0abe5cc,Down,3.00,120,,,0xd35c7571b5f15ef27a6d701eb805965838d6962e493476260c0bd39efbbaccec
2026-06-04 18:29:27,"Bitcoin Up or Down - June 4, 2:25PM-2:30PM ET",0xf6e7e0c94cba17f17c011726a07b4fd334b9ff8592cbe6136bb54b3a38a20f76,Down,1.00,352,,,0x548575cc70c7272a62fdd1048bc37b7d5d27eda1abc07f6d1ccce985a58a2b41
2026-06-04 18:29:27,"Bitcoin Up or Down - June 4, 2:25PM-2:30PM ET",0xf6e7e0c94cba17f17c011726a07b4fd334b9ff8592cbe6136bb54b3a38a20f76,Down,1.00,30,,,0x47a39346d37d1f657b80ef4bc90825c053d7f79d6873757e48e0e517d7ab7c34
2026-06-04 18:29:25,"Bitcoin Up or Down - June 4, 2:25PM-2:30PM ET",0xf6e7e0c94cba17f17c011726a07b4fd334b9ff8592cbe6136bb54b3a38a20f76,Up,96.00,5,,,0x0887986ae141b09778decb29657c4544aef59a2c5d21f1b49b284781b7c69f86
2026-06-04 18:29:25,"Bitcoin Up or Down - June 4, 2:25PM-2:30PM ET",0xf6e7e0c94cba17f17c011726a07b4fd334b9ff8592cbe6136bb54b3a38a20f76,Up,96.00,3.239582,,,0x0ccf315dc9a13e1bd800639acec2ec0bc27b73a01cba3ceaece4b6d51f3536ac
2026-06-04 18:29:25,"Bitcoin Up or Down - June 4, 2:25PM-2:30PM ET",0xf6e7e0c94cba17f17c011726a07b4fd334b9ff8592cbe6136bb54b3a38a20f76,Down,7.00,30,,,0x6dcae46d5c26dd468ec05843f57e8eafdd1ec431055f212a2ebcc9d57aedb2cc
2026-06-04 18:29:25,"Solana Up or Down - June 4, 2:25PM-2:30PM ET",0xaa3b1523de28d0a85a75bb16666b6690cd278f91014c089e37d8c2a240d9e0f2,Up,94.76,6.57,,,0xc5f4f2af917970106aa3d6d672085311014abdf743b836fdb5ad80ba6d06cd50
2026-06-04 18:29:25,"Will Bitcoin reach $70,000 in June?",0xce6f2c7437b15b808a6be3ea61fc125077e35ce7cc55b66fdbf15f7ce22493ea,Yes,33.00,5,,,0x362af029037388d760537f1e954add053f3233223237032e7b325a6dcbe6c062
2026-06-04 18:29:25,"Ethereum Up or Down - June 4, 2:25PM-2:30PM ET",0x26442be9d9b6ec037e586102fb23739181eec19ce2f790083a7bad87b0abe5cc,Up,95.00,23.14736,,,0xe7e4dac81dc3955608c36db555477bec08c6953fbc7271b81057f45d0d2e2c99
2026-06-04 18:29:25,"Bitcoin Up or Down - June 4, 2:25PM-2:30PM ET",0xf6e7e0c94cba17f17c011726a07b4fd334b9ff8592cbe6136bb54b3a38a20f76,Up,96.00,5.15625,,,0x987867c26f38d5abaac7d56fb687a9246c8b51e582f8a1a0c5505ac965101ea3
2026-06-04 18:29:25,"Bitcoin Up or Down - June 4, 2:25PM-2:30PM ET",0xf6e7e0c94cba17f17c011726a07b4fd334b9ff8592cbe6136bb54b3a38a20f76,Up,92.55,116,,,0xcdc86fdab3714155ed1e2fa3ec6302fc679be4537ee64aab4afa31d6528e07f4
2026-06-04 18:29:25,"Ethereum Up or Down - June 4, 2:25PM-2:30PM ET",0x26442be9d9b6ec037e586102fb23739181eec19ce2f790083a7bad87b0abe5cc,Up,92.00,3.22825,,,0x3cf3d19bcfb6f043c22d394d799cf8cfe0fba7e9b8c2db4360a8b130b86082bc
2026-06-04 18:29:25,"Ethereum Up or Down - June 4, 2:25PM-2:30PM ET",0x26442be9d9b6ec037e586102fb23739181eec19ce2f790083a7bad87b0abe5cc,Up,98.00,100,,,0x3ebcc23c31e21b8a806db61b4bf005940fc00ee5d1aa79e778ba362bb72640d9
2026-06-04 18:29:25,"Bitcoin Up or Down - June 4, 2:25PM-2:30PM ET",0xf6e7e0c94cba17f17c011726a07b4fd334b9ff8592cbe6136bb54b3a38a20f76,Up,90.00,1.11111,,,0xed184e493c067f17d00f088a49fa9948c56af844db5e2d2a4ebfc56e4ce929f1
2026-06-04 18:29:25,"Bitcoin Up or Down - June 4, 12:00PM-4:00PM ET",0xc4796e2a8784f59a76936173a8e924a2cecc527eb851fcc5abe7d65813c5f3e9,Up,44.00,53.409089,,,0x06f8d2c17ef9561e99cc5882c4bd0489b2884252524d82c3a2c43984b847fb16
2026-06-04 18:29:25,"Ethereum Up or Down - June 4, 2:25PM-2:30PM ET",0x26442be9d9b6ec037e586102fb23739181eec19ce2f790083a7bad87b0abe5cc,Up,92.00,10,,,0x280df012e1ff2919bfd5f5f692b86b6a8c683d648adb67fcc6c55609a476f401
2026-06-04 18:29:25,"Bitcoin Up or Down - June 4, 2PM ET",0x3abc093600d2793741018001059df76f55349e8d9e5737c23816bbb5a0f42225,Up,80.00,5,,,0x2ff933c402d0783d4e57f105fd7118912892ceee7995ce557e49d5ec142c2698
2026-06-04 18:29:25,"Will the price of Bitcoin be above $60,000 on June 11?",0xbec2d8af08dadd5fc7292c6cfe2b2c7ca8017233654ba4040b725bf0dcc4dcee,Yes,81.98,240.060972,,,0x50f18a2175fdd5216aa2933b560e8771fe9f6147c37e252d30338b6264179d75
2026-06-04 18:29:25,"Will the price of Bitcoin be above $64,000 on June 6?",0x894b9718837301936c6db7286f29aadfad1f2ee27f41b5dc666ee823f60303f1,Yes,44.80,17.79,,,0xa56c10347f479d60925762701488578053d55c20f711bedede311dd833b65fba
2026-06-04 18:29:25,"Bitcoin Up or Down - June 4, 2:25PM-2:30PM ET",0xf6e7e0c94cba17f17c011726a07b4fd334b9ff8592cbe6136bb54b3a38a20f76,Up,90.00,2.22222,,,0x517c738430a79a28ad123ef6ff5b5379c06fd741e13353ccfe3f1353987de42b
2026-06-04 18:29:25,"Bitcoin Up or Down - June 4, 2:25PM-2:30PM ET",0xf6e7e0c94cba17f17c011726a07b4fd334b9ff8592cbe6136bb54b3a38a20f76,Down,6.76,30,,,0x12f677f2b111b2acdc95053c6082e2107a2cd34be927b9cbc0ed7284d22073e7
2026-06-04 18:29:25,"Will the price of Bitcoin be above $64,000 on June 7?",0xab2140c0fcb04db72733d1885b632aa641355a7ae2ed31d4656ffeaa5f48b854,No,55.00,5,,,0x531589b5b8f972648e8f0a3777049e5da835b0a3fc60a40c87f1e04b79e6cd51
2026-06-04 18:29:25,"Bitcoin Up or Down - June 4, 2:25PM-2:30PM ET",0xf6e7e0c94cba17f17c011726a07b4fd334b9ff8592cbe6136bb54b3a38a20f76,Up,92.63,51.5686,,,0x1ffeffde3ec7a91635035a555d33fb775a96e099ad52b68c568b9a462cac7cc0
2026-06-04 18:29:25,"Bitcoin Up or Down - June 4, 2:25PM-2:30PM ET",0xf6e7e0c94cba17f17c011726a07b4fd334b9ff8592cbe6136bb54b3a38a20f76,Down,8.00,20,,,0x486fc9b8ae47b35d4462eefd9dcf6597b1edc6e895c3b2729afe1b8ef34afc49
2026-06-04 18:29:25,"Will Bitcoin dip to $62,000 on June 4?",0x15cc16d6a9cc568d3cd07606a76baf6e84d10d7e93f803ea111611ff9ec2f4b4,No,85.88,69,,,0x09ff7f819c0dc0a839d3e4ce40af29ddc7a820d63946f59bf3ac21209bc302ef
2026-06-04 18:29:25,"Will Bitcoin reach $66,000 on June 4?",0x75915f276367f0a0532466b446220af86cd3c84cf67b21166be24e41346017e0,Yes,4.00,610,,,0xab331ac2537a09db51255892147f2ba9ac8ce1cb02a9ab4bccbba78c1400640a
2026-06-04 18:29:25,Will Andorra vs. Liechtenstein end in a draw?,0x1cea1ffb7207241c8a1bffc6d67b6c86dd6a5d7e4cdcfac7636beff1d2e73a67,Yes,11.00,50,,,0x7c9905915e60aa8977413206e7db8124e2b89c586555cb7ab761dede3be28306
2026-06-04 18:29:25,"Ethereum Up or Down - June 4, 2:25PM-2:30PM ET",0x26442be9d9b6ec037e586102fb23739181eec19ce2f790083a7bad87b0abe5cc,Down,14.04,56.421051,,,0x9828829072abff733b27034c638ed8fb150d7c0a4066b7d7938cdde76f0e45ea
2026-06-04 18:29:25,"Solana Up or Down - June 4, 2:25PM-2:30PM ET",0xaa3b1523de28d0a85a75bb16666b6690cd278f91014c089e37d8c2a240d9e0f2,Up,95.12,75.978625,,,0x5a5c1fe9dccb8d2ce6a0ff1a46b637eb248a5254e7f4dda9484f7d2090b02c4a
2026-06-04 18:29:25,LoL: ⁠Movistar KOI Fénix vs UCAM Esports Club (BO5) - LES Playoffs,0x19e5fe2c444f9a696482c66e66485c5b6c373e7a9a8bf6baa368c9ff3aa0dbba,UCAM Esports Club,90.23,48.2,,,0xce5c7670e677534e0c5b67667c9dac50104449021914537bb01a4378c1ef4f5d
2026-06-04 18:29:25,T20 Blast: Somerset vs Glamorgan,0xf6129fe61ff15efd384be87043b61406c2be38f957e42eecd49f60d0dd38d207,Glamorgan,44.00,112,,,0x6a9c0524e955514ac357c34609f2d0e421b44ec55087c1385171d816fba86b33
2026-06-04 18:29:25,Makarska: Elina Avanesyan vs Dominika Salkova,0xd3c6d40aff15bad564a6421cd9011c149c488b657863e373ae23f70a9fc4c1a0,Elina Avanesyan,97.00,136,,,0xbb929baa45f825d97d69a0676419a22fafeddddcfe55e0f9e425623400522512
2026-06-04 18:29:25,Will Andorra vs. Liechtenstein end in a draw?,0x1cea1ffb7207241c8a1bffc6d67b6c86dd6a5d7e4cdcfac7636beff1d2e73a67,Yes,8.72,50,,,0xf19c6f96e239c58b52d59a94e725147b9faf4506395427d99c726517259187af
2026-06-04 18:29:25,"Bitcoin Up or Down - June 4, 2PM ET",0x3abc093600d2793741018001059df76f55349e8d9e5737c23816bbb5a0f42225,Up,80.00,5,,,0xb7d3f0bcb69a69dad12b07012ec8f0754a4abfc1bd9878155fd36a9e0f0d5a60
2026-06-04 18:29:25,"Will Ethereum reach $2,000 in June?",0xde3e7102cefdf2706cb2a926e8c40ecd9dc6cec0a99d5b9add79ab4f24c9e547,Yes,37.00,2.918917,,,0x8517edd3cbc3efe775e80191e944174d7d62b7c4548fbdc5a4906ad9af442070
2026-06-04 18:29:25,"Bitcoin Up or Down - June 4, 2PM ET",0x3abc093600d2793741018001059df76f55349e8d9e5737c23816bbb5a0f42225,Down,20.00,26.25,,,0x651dab230689d896d0a48e90e8ab02084f6c74650df6cf24a8a0ce09532b3fe6
2026-06-04 18:29:25,"Ethereum Up or Down - June 4, 2:25PM-2:30PM ET",0x26442be9d9b6ec037e586102fb23739181eec19ce2f790083a7bad87b0abe5cc,Up,99.00,10,,,0x836a5b888c042410303b0dcfe90c28dbf3bf556a7aec0c8a6dc99491f59bebf7
2026-06-04 18:29:25,"Will Bitcoin reach $66,000 on June 4?",0x75915f276367f0a0532466b446220af86cd3c84cf67b21166be24e41346017e0,Yes,4.00,7.8,,,0x31cb4f3dcb92a85015be602fc43f57f4941cafb0edf2ead8541d8f322628410e
2026-06-04 18:29:25,"Will the price of Bitcoin be less than $64,000 on June 6?",0x1cbd17ad5b23fb08c385c70318b75c3cc9e2f186a5506233d34d00b875992523,No,43.80,5.23,,,0xbf29412a895e068347d74916e1e1c7b351593a06928b9ca875650f0aae9119f1
2026-06-04 18:29:25,"Ethereum Up or Down - June 4, 2:25PM-2:30PM ET",0x26442be9d9b6ec037e586102fb23739181eec19ce2f790083a7bad87b0abe5cc,Down,3.00,68,,,0xaa915af512ad3ed242ab3b76316db6462a68fa739e6498c6e228d93987e3e584
2026-06-04 18:29:25,"Bitcoin Up or Down - June 4, 2PM ET",0x3abc093600d2793741018001059df76f55349e8d9e5737c23816bbb5a0f42225,Up,80.00,14.85,,,0xeebfa02931f7de0abbfd08f143fab70900373b88fecbbeb163378adc1f01abc0
2026-06-04 18:29:25,"Bitcoin Up or Down - June 4, 2:25PM-2:30PM ET",0xf6e7e0c94cba17f17c011726a07b4fd334b9ff8592cbe6136bb54b3a38a20f76,Up,98.00,100,,,0x6b303a0e5072a4e7a726f90263bc8e901d8e1340a7e70ea5919bacd2c0cd2734
2026-06-04 18:29:25,"Solana Up or Down - June 4, 2:25PM-2:30PM ET",0xaa3b1523de28d0a85a75bb16666b6690cd278f91014c089e37d8c2a240d9e0f2,Up,98.11,50.5,,,0x40ef9f66c228cd1a3832ba40cfb756ccd30470d8fda52d3a27e8621a8b378078
2026-06-04 18:29:25,"Ethereum Up or Down - June 4, 2:25PM-2:30PM ET",0x26442be9d9b6ec037e586102fb23739181eec19ce2f790083a7bad87b0abe5cc,Up,98.84,1500,,,0x8c01e40fbeb43e2dfe33bbb59cdab15d247eb58c4525b5c7c138255c2adfc66b
2026-06-04 18:29:25,"Bitcoin Up or Down - June 4, 2PM ET",0x3abc093600d2793741018001059df76f55349e8d9e5737c23816bbb5a0f42225,Down,20.00,7.65,,,0x976b7299d8cf2ee5792d764545dea6b01ed9aea04568dab7eeb7e86b9c15506f
2026-06-04 18:29:25,"Will Bitcoin dip to $55,000 in June?",0xadebd6bbf401c9509dd2e78b65a16b567f1f386dccd8cac86cd389bb53ec3a58,No,76.20,125.104985,,,0x37549e8a2610777b7e4e05d2f5971ba4eb4361dcddf52463d1ad1ebb93442e31
2026-06-04 18:29:25,Will Romeu Zema win the 2026 Brazilian presidential election?,0x054725b2a7971376f7924a7021221b12acc50fe78d97817824fe411704d5b5a2,No,97.50,58.45,,,0x5df3bc071b482349d3e42940105aa63f12ec6456f56a265bf8954ff2b2c4964d
2026-06-04 18:29:25,Will Sweden vs. Greece end in a draw?,0x30e2d0da24ebb970cf6ce4245402b03745692cfd1721d57f7c9b957899634b9e,No,75.00,25,,,0x734420817250e1117a79c9185a9b62c0631b2acfa0f326f83aa3cd6661cc203e
2026-06-04 18:29:25,Will Andorra win on 2026-06-04?,0xab776168534d01a100f266e885dee0cd5ac1a9166edcda9aa89773da0a761b38,Yes,87.78,58,,,0x89d77bde2be7b966a30848f85b917cc74c0a76363c93c745065d79bf667cff75
2026-06-04 18:29:25,"Bitcoin Up or Down - June 4, 2:25PM-2:30PM ET",0xf6e7e0c94cba17f17c011726a07b4fd334b9ff8592cbe6136bb54b3a38a20f76,Up,98.00,100,,,0xfb6b4b4ff81d15c05d6834c0166a24912264c3a0a44f165467ca4911bea87083
2026-06-04 18:29:25,"Bitcoin Up or Down - June 4, 2PM ET",0x3abc093600d2793741018001059df76f55349e8d9e5737c23816bbb5a0f42225,Down,20.00,2.95,,,0x16646b5679c82c5a93f0e0d079054409bdcb867809e1c9a6a6f727861a56a00d
2026-06-04 18:29:25,"Will the price of Bitcoin be above $66,000 on June 6?",0xe508ea2ab4aea6493ccfb5a7b8e2f1ca201f208bc05688d463c2125ecaef06f1,Yes,12.71,505.25,,,0x402273727d9ec4a8c5d5611e3837b05fb38413cb9d69ba4698b666087bf61f8b
2026-06-04 18:29:25,"Solana Up or Down - June 4, 2:25PM-2:30PM ET",0xaa3b1523de28d0a85a75bb16666b6690cd278f91014c089e37d8c2a240d9e0f2,Up,97.00,3.061854,,,0x84d2f823cfa5d7d4471e5cde1740a3714427558fe89d0c171ce0f7ae31adfe03
2026-06-04 18:29:25,"Bitcoin Up or Down - June 4, 2:25PM-2:30PM ET",0xf6e7e0c94cba17f17c011726a07b4fd334b9ff8592cbe6136bb54b3a38a20f76,Up,98.00,1.0204,,,0xac9abbc0f8bbe0cff2c35d8eb715f7707a488c0be9bd7c539a86e8e0b1dae2f4
2026-06-04 18:29:25,"Dogecoin Up or Down - June 4, 2:25PM-2:30PM ET",0x0c18961e2f92094e2eac97ec01e8c0ef1998bbddb5e923bb12e8d725d5f2022d,Up,97.00,5,,,0xc27634a33adcc2a24cba87f7ed29c00483929d31eb96b8a06527cca522ce6113
2026-06-04 18:29:25,"Bitcoin Up or Down - June 4, 2:25PM-2:30PM ET",0xf6e7e0c94cba17f17c011726a07b4fd334b9ff8592cbe6136bb54b3a38a20f76,Up,98.00,1.0204,,,0xf54e2bc39473606f83940c935e271716152ec2033e103d2372d38dd05a29934b
2026-06-04 18:29:25,Bitcoin Up or Down on June 5?,0xe5841b2972dc200d23ede725279fabe137837f305d2912991cf3735a105c1001,Up,48.00,204,,,0x8191cbad744bf93258dd2488961143e8d97867a06fe0ff778b9bc2fb6a5ee03e
2026-06-04 18:29:25,"Bitcoin Up or Down - June 4, 2:25PM-2:30PM ET",0xf6e7e0c94cba17f17c011726a07b4fd334b9ff8592cbe6136bb54b3a38a20f76,Up,98.00,10.20405,,,0x4c20d3e86c3005ae60560ac11f385f0d321f3045f73e49962ddcafc07f7def02
2026-06-04 18:29:25,"Bitcoin Up or Down - June 4, 2:25PM-2:30PM ET",0xf6e7e0c94cba17f17c011726a07b4fd334b9ff8592cbe6136bb54b3a38a20f76,Up,98.00,100,,,0xa8a32e342940ff48c197e2a922280933a1e1eac84911b6a5d5deb0e22d68ca8b
2026-06-04 18:29:25,"Will Bitcoin dip to $57,500 in June?",0x6992fdf39435fb8aa0b765e24f98cb621fd1f7b6458865387c0ea303da2f0003,No,61.79,496.48,,,0xf203dead4e82787731fc35d2a9f780101af45ffa863ab093b9e0bceb6da84d9a
2026-06-04 18:29:25,"Will the price of Bitcoin be between $64,000 and $66,000 on June 5?",0x1c6c6b22c9b50bd41d4ad92e6e43a18dea7cf3e97d95df611646191e2d6b83c6,No,67.30,3,,,0xafb24d1c1d3cf59158aceb21f8580465fe23001667ae6967afc9111bd62bd2a4
2026-06-04 18:29:25,"Hyperliquid Up or Down - June 4, 2:25PM-2:30PM ET",0x0c120dd6bd6d76ebd92cc795dfb77ad162ab7276e21f9ec9ddf19a23fb99c0c8,Up,40.00,5,,,0xe454f9a4d98e10b27ddca92e197c568dea690cecc3761cdae1b1878dfcbab94d
2026-06-04 18:29:25,"Solana Up or Down - June 4, 2PM ET",0xf65f1d6dc03ba796d75fb065a5da8bdf70cfe06d4b5e2fbe4499b63d6535c4c4,Down,34.36,20,,,0x4f7c4225ad3af747890a5ef1469a09abe0d0ff41b9d0e56ad2b21eb1b817732f
2026-06-04 18:29:25,"Will the price of Bitcoin be between $64,000 and $66,000 on June 5?",0x1c6c6b22c9b50bd41d4ad92e6e43a18dea7cf3e97d95df611646191e2d6b83c6,No,67.30,7,,,0x0e75b792d545ec40be211cdc2deb689085f58fbf283574fd8f77c10accd5222c
2026-06-04 18:29:25,"Will the price of Bitcoin be above $60,000 on June 11?",0xbec2d8af08dadd5fc7292c6cfe2b2c7ca8017233654ba4040b725bf0dcc4dcee,Yes,82.00,0.47,,,0x19ae7fccb4c8c98141b13d170ebe80fae866c3f860040addfbbdefd6dc830aee
2026-06-04 18:29:25,"Ethereum Up or Down - June 4, 2:25PM-2:30PM ET",0x26442be9d9b6ec037e586102fb23739181eec19ce2f790083a7bad87b0abe5cc,Down,3.00,21.84,,,0xf4454b34f3e0980613e4528ef222426667a2d25e5c646a03853221ae507c2fb0
2026-06-04 18:29:25,"Ethereum Up or Down - June 4, 2:25PM-2:30PM ET",0x26442be9d9b6ec037e586102fb23739181eec19ce2f790083a7bad87b0abe5cc,Down,2.88,173.666665,,,0xae6f2d655c675a8a13d650e746e34892df2d44578f5e8e0897d055be65ab020b
2026-06-04 18:29:25,"Bitcoin Up or Down - June 4, 2:25PM-2:30PM ET",0xf6e7e0c94cba17f17c011726a07b4fd334b9ff8592cbe6136bb54b3a38a20f76,Up,97.00,4.1237,,,0xdd876a9106d26c1b4b86e7009043bc985bd23bf4d43bdb8274e757afcf5d5959
2026-06-04 18:29:25,"Solana Up or Down - June 4, 2:25PM-2:30PM ET",0xaa3b1523de28d0a85a75bb16666b6690cd278f91014c089e37d8c2a240d9e0f2,Up,97.00,3.03,,,0xb7a67deed64f09190b9d3eb9aca25763d9d69b634eaa37ba3466362bd9da9231
2026-06-04 18:29:25,"Bitcoin Up or Down - June 4, 2:25PM-2:30PM ET",0xf6e7e0c94cba17f17c011726a07b4fd334b9ff8592cbe6136bb54b3a38a20f76,Up,97.00,1.329866,,,0x8ba850a6286f26e05080ed2e0f9a60811f404fbc624457153a1477852bae9b5d
2026-06-04 18:29:25,"Bitcoin Up or Down - June 4, 2PM ET",0x3abc093600d2793741018001059df76f55349e8d9e5737c23816bbb5a0f42225,Up,80.00,5,,,0x98acacd206352559b6e9a0e184060e332f0ae164632424261a81ec43274b178b
2026-06-04 18:29:25,"Dogecoin Up or Down - June 4, 2:25PM-2:30PM ET",0x0c18961e2f92094e2eac97ec01e8c0ef1998bbddb5e923bb12e8d725d5f2022d,Up,97.00,5.154633,,,0xca7e273a618864d2ab7c4286b106346f40f49d67cefd9b3892793849b30a1459
2026-06-04 18:29:25,"Ethereum Up or Down - June 4, 2:25PM-2:30PM ET",0x26442be9d9b6ec037e586102fb23739181eec19ce2f790083a7bad87b0abe5cc,Up,98.00,10,,,0xcc0ce9cf149d34bd76129c69af5b4202db28e8f8a3de3f164cf805118bd9b85e
2026-06-04 18:29:25,"Bitcoin Up or Down - June 4, 2:25PM-2:30PM ET",0xf6e7e0c94cba17f17c011726a07b4fd334b9ff8592cbe6136bb54b3a38a20f76,Up,97.00,3.7835,,,0x3f5b8bf346d34352b4b012ef12f49cc29bf7425ac67522d349637ff03d191ce7
2026-06-04 18:29:25,"Bitcoin Up or Down - June 4, 2:25PM-2:30PM ET",0xf6e7e0c94cba17f17c011726a07b4fd334b9ff8592cbe6136bb54b3a38a20f76,Up,98.00,5.49,,,0xece8e17b194e81e3e33a7940666219ba338be1fc0b44307540360408915dc56e
2026-06-04 18:29:25,"Bitcoin Up or Down - June 4, 2:25PM-2:30PM ET",0xf6e7e0c94cba17f17c011726a07b4fd334b9ff8592cbe6136bb54b3a38a20f76,Up,98.00,1.41835,,,0x260371278c13b236438199a6684c1f0c3aaa5cd470067a66a4138eabb8209bbd
2026-06-04 18:29:25,"Bitcoin Up or Down - June 4, 2:25PM-2:30PM ET",0xf6e7e0c94cba17f17c011726a07b4fd334b9ff8592cbe6136bb54b3a38a20f76,Up,97.21,81.4724,,,0x1162f5370c3dfb389e157b031a3ecf7dae529a3986830e8916d635db6e1318a1
2026-06-04 18:29:25,"Bitcoin Up or Down - June 4, 2:25PM-2:30PM ET",0xf6e7e0c94cba17f17c011726a07b4fd334b9ff8592cbe6136bb54b3a38a20f76,Down,3.00,33.333332,,,0x94872877e7aa59dd4aa8202d793a247e1adcb0f573b60100075afcfbfad80a09
2026-06-04 18:29:25,"Bitcoin Up or Down - June 4, 2:25PM-2:30PM ET",0xf6e7e0c94cba17f17c011726a07b4fd334b9ff8592cbe6136bb54b3a38a20f76,Up,98.00,2.63265,,,0x722592a36bb14bd6e3d291e64ae278ecdad0770b7f871cde5abd091ff321885d
2026-06-04 18:29:25,"Bitcoin Up or Down - June 4, 2:25PM-2:30PM ET",0xf6e7e0c94cba17f17c011726a07b4fd334b9ff8592cbe6136bb54b3a38a20f76,Up,98.00,8.16325,,,0x15f034e910b5a7f591b311ec6f6158782f8044b6b0e630ab47350be592e81474
2026-06-04 18:29:25,"Bitcoin Up or Down - June 4, 2:25PM-2:30PM ET",0xf6e7e0c94cba17f17c011726a07b4fd334b9ff8592cbe6136bb54b3a38a20f76,Up,98.00,8.16325,,,0x5bdaa71e9bb6d1ab7463a5d9ba9bdb727d42a277ab5ca2073041c24782c50940
2026-06-04 18:29:25,Will SpaceX's valuation hit (HIGH) $1.6T by June 30?,0x1181a2844bb0f2dc46fb735c69491f0c912b22f3e8c8c6777d9fe99ca955e45a,No,2.60,38.461537,,,0xaf271090a0f2dfd8cf2f27c11f548c1c4a08eed67bc6d916c09da618d19fa42a
2026-06-04 18:29:25,"Will the price of Ethereum be above $1,700 on June 5?",0x63ea9c87b89201594aa61e0a283bb3c38b105381619c114d2f9c200dca2f0d53,No,15.40,10,,,0x97ff5ea9a9e741d8b692b3208135ae3b2d6540de3d3b189d1f14afecf744787a
2026-06-04 18:29:25,"Bitcoin Up or Down - June 4, 2:25PM-2:30PM ET",0xf6e7e0c94cba17f17c011726a07b4fd334b9ff8592cbe6136bb54b3a38a20f76,Up,98.00,42.857141,,,0x6225bd3389769c11b9cd6bfc85adb74635af3bd35b0c499e674b49305b949500
2026-06-04 18:29:25,"Bitcoin Up or Down - June 4, 2:25PM-2:30PM ET",0xf6e7e0c94cba17f17c011726a07b4fd334b9ff8592cbe6136bb54b3a38a20f76,Down,2.00,5,,,0x7b3e1a0df5a7418c9b3ab7b42a460bd2646e293b9e84a949bef76468b682f9ba
2026-06-04 18:29:25,Sweden vs. Greece: O/U 2.5,0xe3f685835d7fc6afbbc5de38ef7400dee5c8d06d43d7fcf1f90044e0025298d9,Over,86.00,4.66,,,0xfcaad4b938aec82af7a06da3ab554515db31bffed401869bb786f190f164010b
2026-06-04 18:29:25,"Bitcoin Up or Down - June 4, 2:25PM-2:30PM ET",0xf6e7e0c94cba17f17c011726a07b4fd334b9ff8592cbe6136bb54b3a38a20f76,Up,98.00,5.05,,,0x998a47ec077b9de13984e8c3113bb52d3b20aff61e38f17c91d906eccb5c044d
2026-06-04 18:29:25,"Bitcoin Up or Down - June 4, 2:25PM-2:30PM ET",0xf6e7e0c94cba17f17c011726a07b4fd334b9ff8592cbe6136bb54b3a38a20f76,Up,98.00,5.051,,,0x0c4a01dee47c6775cbdb9f6ac60c484ef5743a2240a77a8c0d4189484636427f
2026-06-04 18:29:25,Will Greece win on 2026-06-04?,0x7050a08e992792746d9198f03136ac5b9f1010547a6c77195841f9eace5c8719,No,95.00,500,,,0x41a1876d27a3049f13d773844915aa05c8ef17431085209e68e5cf045aa38303
2026-06-04 18:29:25,"Bitcoin Up or Down - June 4, 2PM ET",0x3abc093600d2793741018001059df76f55349e8d9e5737c23816bbb5a0f42225,Up,80.00,50.9,,,0x3885593b3ddb4f03f65af1974061bad06c72bbdd140ecb985fe7a1fde74c7d96
2026-06-04 18:29:25,"Bitcoin Up or Down - June 4, 2:25PM-2:30PM ET",0xf6e7e0c94cba17f17c011726a07b4fd334b9ff8592cbe6136bb54b3a38a20f76,Down,2.00,5,,,0x2eaec2461598c7919ee2d47c79b02bd09e182a12d245da7d977884db67c99251
2026-06-04 18:29:25,"Bitcoin Up or Down - June 4, 2:25PM-2:30PM ET",0xf6e7e0c94cba17f17c011726a07b4fd334b9ff8592cbe6136bb54b3a38a20f76,Up,98.00,5.051,,,0xffac6d2c482ac85986332b46affb78854b6e2cebaca59f6a2d95922cf6ea95b3
2026-06-04 18:29:25,Sweden vs. Greece: O/U 2.5,0xe3f685835d7fc6afbbc5de38ef7400dee5c8d06d43d7fcf1f90044e0025298d9,Over,86.00,12.790692,,,0x9a296e415c9cc3eea30e2eca1718377706e6488ae38fc6320c71b7a5eed2e449
2026-06-04 18:29:25,"Bitcoin Up or Down - June 4, 2:25PM-2:30PM ET",0xf6e7e0c94cba17f17c011726a07b4fd334b9ff8592cbe6136bb54b3a38a20f76,Down,2.00,3.62,,,0xdcb908160165cb609a60b373b75dd0103f2d820fa6c271d4f759ccaa4e21e907
2026-06-04 18:29:25,"Bitcoin Up or Down - June 4, 2:25PM-2:30PM ET",0xf6e7e0c94cba17f17c011726a07b4fd334b9ff8592cbe6136bb54b3a38a20f76,Up,98.00,9.09,,,0x5638e9d2dc1ac22309ab3a5b1c7cd13843bb48c147313cf1f0d4a27d7c574804
2026-06-04 18:29:25,"Bitcoin Up or Down - June 4, 2:25PM-2:30PM ET",0xf6e7e0c94cba17f17c011726a07b4fd334b9ff8592cbe6136bb54b3a38a20f76,Up,98.00,1.0204,,,0xf1705c8acba0e687226409700a2bf2563748b074861e0480232d06581553dafd
2026-06-04 18:29:25,"Will the price of Bitcoin be between $64,000 and $66,000 on June 5?",0x1c6c6b22c9b50bd41d4ad92e6e43a18dea7cf3e97d95df611646191e2d6b83c6,No,67.40,10,,,0x0c7dac83c5d10d62787dce63c46513b4ed523133c03203bb05defc855f578e58
2026-06-04 18:29:25,Will Sweden win on 2026-06-04?,0xdb2128a475e15e341d4ea0a5e5b86daea6d4141be9c6771564b320221c41c54b,Yes,77.00,30,,,0x0d2d800630f61124b3e781563d9f1005506efa115a3bd03617b2d70eed9785fa
2026-06-04 18:29:25,Counter-Strike: MASQ vs Team Eclipse (BO3) - Dust2.dk Ligaen Group Stage,0x49f25e34bf4c21bd18f2a6fab1ae37b414876d73d4365092af1cdcd543c08233,MASQ,64.00,5,,,0x593b244a1ee0eba07aad398b155159e6c4e6f384eace90070aac8bcf641f63b7
2026-06-04 18:29:25,Dota 2: LGD Gaming vs Team Yandex (BO3) - BLAST Slam Playoffs,0x7032482ab3b53548109cdadcf50c09a1c5ce387dd1e1743d7778963530c7f8f3,LGD Gaming,10.00,40.37,,,0x1b7db2604fae0685c0faa9337b7b11fc69f98caed96494ff84b2fac2e1fe24a0
2026-06-04 18:29:25,Exact Score: Sweden 1 - 1 Greece?,0xda1dd3e3f8fd9586d5e540ed15417b0a380015e40b450b01c1616a71974369f0,No,77.00,6.32,,,0x7d21032557d880160a555b5691c6f9c2ab39e61e7b6a22d958700d83652686c8
2026-06-04 18:29:25,"Bitcoin Up or Down - June 4, 2PM ET",0x3abc093600d2793741018001059df76f55349e8d9e5737c23816bbb5a0f42225,Down,19.00,5,,,0x6f406387f02e9da4271cae973d311d4d707232bf71b206e806a12b084f7cef50
2026-06-04 18:29:25,"Bitcoin Up or Down - June 4, 2:25PM-2:30PM ET",0xf6e7e0c94cba17f17c011726a07b4fd334b9ff8592cbe6136bb54b3a38a20f76,Up,97.00,1.0309,,,0x539133c61142ed8c7a8b12319a23124c789e9009805a84b62ce3feb1e454b4c5
2026-06-04 18:29:25,"Bitcoin Up or Down - June 4, 2:25PM-2:30PM ET",0xf6e7e0c94cba17f17c011726a07b4fd334b9ff8592cbe6136bb54b3a38a20f76,Up,97.00,5.309266,,,0x35201b7c91fee3c61f0fe7e5d5b4d8b82622ff44e71c928f34c16946f8245c1f
2026-06-04 18:29:25,"Ethereum Up or Down - June 4, 2:25PM-2:30PM ET",0x26442be9d9b6ec037e586102fb23739181eec19ce2f790083a7bad87b0abe5cc,Up,97.00,10,,,0x2d87e38fb6aa9abb82d320295957145ec2e3c136c1e2765767a0b97ed0599ef0
2026-06-04 18:29:25,"Bitcoin Up or Down - June 4, 2:25PM-2:30PM ET",0xf6e7e0c94cba17f17c011726a07b4fd334b9ff8592cbe6136bb54b3a38a20f76,Up,93.00,255,,,0xcddc90ada933dce6be0d70b6a699c9728942bc87cac6dd239242393836530431
2026-06-04 18:29:25,"Bitcoin Up or Down - June 4, 2:25PM-2:30PM ET",0xf6e7e0c94cba17f17c011726a07b4fd334b9ff8592cbe6136bb54b3a38a20f76,Up,95.62,57,,,0xf6d9c7ae826e5546597845e5a81640ec24f09b873fd78065358c6df539359715
2026-06-04 18:29:25,"Bitcoin Up or Down - June 4, 2:25PM-2:30PM ET",0xf6e7e0c94cba17f17c011726a07b4fd334b9ff8592cbe6136bb54b3a38a20f76,Down,5.00,20,,,0x3b0e77c4c5c6378c3e9b8a4ce984f5b47d0e328107b40cfe700fb615272f2d4d
2026-06-04 18:29:25,"Bitcoin Up or Down - June 4, 2:25PM-2:30PM ET",0xf6e7e0c94cba17f17c011726a07b4fd334b9ff8592cbe6136bb54b3a38a20f76,Up,96.00,5.15625,,,0x0225702f94bc6e92fdbfdfba257a526e04727c03540302f0abafb8c0f0575d05
2026-06-04 18:29:25,"Bitcoin Up or Down - June 4, 2:25PM-2:30PM ET",0xf6e7e0c94cba17f17c011726a07b4fd334b9ff8592cbe6136bb54b3a38a20f76,Up,97.00,2.865966,,,0xc6b282cf04c46ce751d84b7bd6157f3f41383f2899c8ff504692d5070ece847b
2026-06-04 18:29:25,"Bitcoin Up or Down - June 4, 2:25PM-2:30PM ET",0xf6e7e0c94cba17f17c011726a07b4fd334b9ff8592cbe6136bb54b3a38a20f76,Up,98.00,1.1224,,,0x99111dde68c1d03d19dff3e8807adc3f430a237a39cfbda895455ffb409f62c0
2026-06-04 18:29:25,"Bitcoin Up or Down - June 4, 2:25PM-2:30PM ET",0xf6e7e0c94cba17f17c011726a07b4fd334b9ff8592cbe6136bb54b3a38a20f76,Up,98.00,5.051,,,0xc1b7393d28fed7bc3c67161df01cb6d0a8ca84717dfa7cf87ba67109c3563a74
2026-06-04 18:29:25,"Ethereum Up or Down - June 4, 2:25PM-2:30PM ET",0x26442be9d9b6ec037e586102fb23739181eec19ce2f790083a7bad87b0abe5cc,Up,99.00,3,,,0x211246dc86a1c71b5174c6ae9ca9b71299b0a2268a81433d20162adeaecb32e1
2026-06-04 18:29:25,"Bitcoin Up or Down - June 4, 2:25PM-2:30PM ET",0xf6e7e0c94cba17f17c011726a07b4fd334b9ff8592cbe6136bb54b3a38a20f76,Up,97.00,600,,,0xa6d4b2be4b219a289cab12907eb781687fb85d48aabeff8a971199d54f4dac4d
2026-06-04 18:29:25,"Will Bitcoin dip to $60,000 in June?",0x946bb3ec7e7d9bf146b4487be87e71ace99f1e0e9978cf36fbb5063c23900afb,No,37.00,300,,,0x7a017b12d2dd5bd88cf3d489294c8739197c4a113e9d9954a181668fcab5a83f
2026-06-04 18:29:25,"Ethereum Up or Down - June 4, 2PM ET",0x7fb12fa6f2ca8492badcdcc6214670dd3dfa8a7aba94a141b561dea6d933ea8e,Up,84.00,19,,,0xd7cf3da4b6a9b96259083bdd08e098027e633d76b9bf43107406946695a44cfb
2026-06-04 18:29:25,"Bitcoin Up or Down - June 4, 2:25PM-2:30PM ET",0xf6e7e0c94cba17f17c011726a07b4fd334b9ff8592cbe6136bb54b3a38a20f76,Up,98.00,10,,,0x09382ecd9d8b2463c12e756b5d8ad603a7a469a88c3f5e0368d5551eb11f383c
2026-06-04 18:29:25,"Bitcoin Up or Down - June 4, 2:25PM-2:30PM ET",0xf6e7e0c94cba17f17c011726a07b4fd334b9ff8592cbe6136bb54b3a38a20f76,Up,95.00,5,,,0x2d51e32fa59f187a1ed04117d025f85ee5332d80fa1899d3aeb82ebe2888bfcf
2026-06-04 18:29:25,"Bitcoin Up or Down - June 4, 2:25PM-2:30PM ET",0xf6e7e0c94cba17f17c011726a07b4fd334b9ff8592cbe6136bb54b3a38a20f76,Down,2.00,5,,,0x532a285265d2fe8fc578bf8c208003fd2a768aae9674074d5a63af7db9c97c3b
2026-06-04 18:29:25,"Will Bitcoin reach $67,000 on June 4?",0x357cfe9b20eab3e9e3dce1f506a074b52a1a04494dc64c2112c2b27357e71f2c,Yes,1.90,100,,,0xb246ac06118822a6f71fb4a51d95ff5a720bb0d00125628a25a4e6ccf9ea5e14
2026-06-04 18:29:25,"Bitcoin Up or Down - June 4, 2PM ET",0x3abc093600d2793741018001059df76f55349e8d9e5737c23816bbb5a0f42225,Up,81.00,24,,,0x9e271c0bdc32dfbb717ad87d36532b15c1f91e7d9a76ea6728f5e09a09df7fc3
2026-06-04 18:29:25,"Solana Up or Down - June 4, 2:25PM-2:30PM ET",0xaa3b1523de28d0a85a75bb16666b6690cd278f91014c089e37d8c2a240d9e0f2,Up,99.00,10.101,,,0x156479a28ea827ab82be3453bf40741c201aa2a5031a1e42d4bae9b8651ccbc8
2026-06-04 18:29:25,"Bitcoin Up or Down - June 4, 2:25PM-2:30PM ET",0xf6e7e0c94cba17f17c011726a07b4fd334b9ff8592cbe6136bb54b3a38a20f76,Up,98.00,5,,,0xb1054a60c17fb84364d6008f09bf28d499eb00e39e8b600997f1cebfd89c3846
2026-06-04 18:29:25,"Bitcoin Up or Down - June 4, 12:00PM-4:00PM ET",0xc4796e2a8784f59a76936173a8e924a2cecc527eb851fcc5abe7d65813c5f3e9,Up,47.00,25,,,0xd532ea30ff1a9979664ea55476e21caf52477f0c22f67c5aef9f19f6f969077f
2026-06-04 18:29:25,Bitcoin Up or Down on June 5?,0xe5841b2972dc200d23ede725279fabe137837f305d2912991cf3735a105c1001,Down,52.00,2,,,0x8d25b298083bc357a4115fec76d803b4b73c65cf0d9deddb47215825573e030d
2026-06-04 18:29:25,"Bitcoin Up or Down - June 4, 2:25PM-2:30PM ET",0xf6e7e0c94cba17f17c011726a07b4fd334b9ff8592cbe6136bb54b3a38a20f76,Up,98.00,1.0204,,,0xfabd7bf21d8e8eaeabc84a4ead7629ef7a7bb7192c6ac746684a6dd5eece011c
2026-06-04 18:29:25,"Bitcoin Up or Down - June 4, 2:25PM-2:30PM ET",0xf6e7e0c94cba17f17c011726a07b4fd334b9ff8592cbe6136bb54b3a38a20f76,Up,98.00,5.051,,,0x81433739c5a59f84eee39295c6a76ca09ef12b39e54f0f9d0b3400fabef55f88
2026-06-04 18:29:25,"Solana Up or Down - June 4, 12:00PM-4:00PM ET",0xdefe4344039e60a5ab6f8df38548ca78f12c617e1d1c7c0daf5ea6dfcb0a925a,Up,38.00,50,,,0xd133ec76f3b5b6f8ba5c9c0c133a97f4f5f7cdd954b817ffbee6d19efe38884e
2026-06-04 18:29:25,Will the Iranian regime fall before 2027?,0xbb4d51e6364066d92eb6f9b8413dd7193de70966736044463b205834805a1f3b,Yes,13.00,10.63,,,0x0fe9ba2e3ba3d714771ddd77917fac4224e6f88f1b914c7648e33d3d07d0ea2b
2026-06-04 18:29:25,"Ethereum Up or Down - June 4, 2:25PM-2:30PM ET",0x26442be9d9b6ec037e586102fb23739181eec19ce2f790083a7bad87b0abe5cc,Up,98.00,3.0306,,,0x564051fd995dfe18f7fdcb89a0741e97936ce3ecca79098d2563be80f5dbb963
2026-06-04 18:29:25,"Bitcoin Up or Down - June 4, 2:25PM-2:30PM ET",0xf6e7e0c94cba17f17c011726a07b4fd334b9ff8592cbe6136bb54b3a38a20f76,Up,98.00,4.3469,,,0xf770ee85f58111762a0434c8fa4328d74802fa4388a6dfc1fa2167247743cf2b
2026-06-04 18:29:25,"Bitcoin Up or Down - June 4, 2:25PM-2:30PM ET",0xf6e7e0c94cba17f17c011726a07b4fd334b9ff8592cbe6136bb54b3a38a20f76,Up,98.00,2.0204,,,0xa4784f0d331f435a8cbd535e3e920c11f3d11a8dacb192e653a3c62a63588e3e
2026-06-04 18:29:25,"Bitcoin Up or Down - June 4, 2PM ET",0x3abc093600d2793741018001059df76f55349e8d9e5737c23816bbb5a0f42225,Up,80.00,2,,,0x2493417fe47a8fdb9741f081feee696697f30f2f0da8034710782b9cd473a93c
2026-06-04 18:29:25,"Ethereum Up or Down - June 4, 2:25PM-2:30PM ET",0x26442be9d9b6ec037e586102fb23739181eec19ce2f790083a7bad87b0abe5cc,Up,98.00,1.0204,,,0xfd30af000c922c88d457f31ba7bfe74923c178367d88acad424b4774580c9918
2026-06-04 18:29:25,"Ethereum Up or Down - June 4, 2:25PM-2:30PM ET",0x26442be9d9b6ec037e586102fb23739181eec19ce2f790083a7bad87b0abe5cc,Down,5.00,68,,,0x2b8db2ddd2d885f1391a42329017aa5dccb70adc5e0e36cd951941ab55730bf7
2026-06-04 18:29:25,"Bitcoin Up or Down - June 4, 2:25PM-2:30PM ET",0xf6e7e0c94cba17f17c011726a07b4fd334b9ff8592cbe6136bb54b3a38a20f76,Up,92.00,5,,,0xbfe2194dc2328408f1acd9f7ee06a67aa2c9e34a99d0ef5f0d640d68c5fc72a4
2026-06-04 18:29:25,"Solana Up or Down - June 4, 2:25PM-2:30PM ET",0xaa3b1523de28d0a85a75bb16666b6690cd278f91014c089e37d8c2a240d9e0f2,Up,97.00,3.030926,,,0x9721ab5605a645158a8574fc3c86d40dabd57e1f318e6494cc94d505bbc292d4
2026-06-04 18:29:25,"Will Ethereum dip to $1,600 in June?",0xde3e9c82625d8c63537a9952dd7d27a57b55d897f8729bb2c30b2a2e2337ef73,No,50.00,919.76,,,0x97502ca2aee5eacbc0e52d69af2b1eb5dd1883cfd7fd6e027b41962f17dd93b0
2026-06-04 18:29:25,"Bitcoin Up or Down - June 4, 2:25PM-2:30PM ET",0xf6e7e0c94cba17f17c011726a07b4fd334b9ff8592cbe6136bb54b3a38a20f76,Up,92.00,30,,,0x17a0c6685443a73734db0f9037acf66d0717cd21d296ea48c99aede521ac3167
2026-06-04 18:29:25,"Bitcoin Up or Down - June 4, 2:25PM-2:30PM ET",0xf6e7e0c94cba17f17c011726a07b4fd334b9ff8592cbe6136bb54b3a38a20f76,Up,98.00,5.051,,,0x2b3f8709a0794e6fb92d3ae765046e66de2da54b1166d66aa01af9ac096c0ef1
2026-06-04 18:29:25,"Bitcoin Up or Down - June 4, 2:25PM-2:30PM ET",0xf6e7e0c94cba17f17c011726a07b4fd334b9ff8592cbe6136bb54b3a38a20f76,Down,5.00,13,,,0xfbad9bd9a43a7f3fe6522675f9bd63625e03cdb025673ffd82f55973aaa9af88
2026-06-04 18:29:25,"Dogecoin Up or Down - June 4, 2:25PM-2:30PM ET",0x0c18961e2f92094e2eac97ec01e8c0ef1998bbddb5e923bb12e8d725d5f2022d,Down,6.00,16.666665,,,0x5ed974b04b6523fb3bfd923e3e4c2e340f9648330ea71d938e78f47104859bb7
2026-06-04 18:29:25,"Bitcoin Up or Down - June 4, 2:25PM-2:30PM ET",0xf6e7e0c94cba17f17c011726a07b4fd334b9ff8592cbe6136bb54b3a38a20f76,Up,93.78,40,,,0x86778fd8fbde06ace3a612497cd09ac23bf5a72a32059366f9f3d771a53f1126
2026-06-04 18:29:25,"Bitcoin Up or Down - June 4, 2:25PM-2:30PM ET",0xf6e7e0c94cba17f17c011726a07b4fd334b9ff8592cbe6136bb54b3a38a20f76,Up,98.00,1.0204,,,0x68e69d7287f6258870b5ef73380c6e22f684b987d7455d1ad664d14d0b76ef63
2026-06-04 18:29:25,"Solana Up or Down - June 4, 2PM ET",0xf65f1d6dc03ba796d75fb065a5da8bdf70cfe06d4b5e2fbe4499b63d6535c4c4,Up,67.00,7.462684,,,0xcd8b6722ae74b30d01a002ecd77c8963884ec2fbded0a977603997f29ed463b1
2026-06-04 18:29:25,"Bitcoin Up or Down - June 4, 2:25PM-2:30PM ET",0xf6e7e0c94cba17f17c011726a07b4fd334b9ff8592cbe6136bb54b3a38a20f76,Up,98.00,1.0204,,,0xd6275cfa0fd8b4c943e8cbd708c034cdc04bf0cd7ba8cebb20e80164734ff68f
2026-06-04 18:29:25,"Bitcoin Up or Down - June 4, 2:25PM-2:30PM ET",0xf6e7e0c94cba17f17c011726a07b4fd334b9ff8592cbe6136bb54b3a38a20f76,Up,98.00,3.0612,,,0x9e666ade74f345b08e324bfed70fb3d88941e7dd246bb52d118f58233966f9de
2026-06-04 18:29:25,"Hyperliquid Up or Down - June 4, 2:15PM-2:30PM ET",0xbd859cc350e114a7a1a85b3c7e29a453dc9894cd27add2f7bfa8c1bc464e683b,Up,99.00,5,,,0x6d52f98ab3a99f29b18b69a484c6a305715bfbcacb1c516598b858e1851f041a
2026-06-04 18:29:25,"Bitcoin Up or Down - June 4, 2:25PM-2:30PM ET",0xf6e7e0c94cba17f17c011726a07b4fd334b9ff8592cbe6136bb54b3a38a20f76,Up,98.00,10,,,0x416df343ce209c15945c38b51882684f2c41181857e4bda824eef303ea1b3ecb
2026-06-04 18:29:25,"Bitcoin Up or Down - June 4, 2:25PM-2:30PM ET",0xf6e7e0c94cba17f17c011726a07b4fd334b9ff8592cbe6136bb54b3a38a20f76,Up,98.00,1.21425,,,0x712872a28d1f9ba88d1c8f33e4c5abf433ccdd2437ca668515db0d89a1d164e2
2026-06-04 18:29:25,"Ethereum Up or Down - June 4, 2:25PM-2:30PM ET",0x26442be9d9b6ec037e586102fb23739181eec19ce2f790083a7bad87b0abe5cc,Up,92.00,6.38,,,0xb9464f3077c24d2c4687d1203ae613fc0b2ede323a3439dd9378f3102be66a64
2026-06-04 18:29:25,"Bitcoin Up or Down - June 4, 2PM ET",0x3abc093600d2793741018001059df76f55349e8d9e5737c23816bbb5a0f42225,Up,80.00,5,,,0xbd3b0302f07e85c4de3504f164aa18d49f2a8e53daa946e900093b92e2a863bb
2026-06-04 18:29:25,"Bitcoin Up or Down - June 4, 2:25PM-2:30PM ET",0xf6e7e0c94cba17f17c011726a07b4fd334b9ff8592cbe6136bb54b3a38a20f76,Up,98.00,1.0204,,,0xfed2ec224c30eae85e17ecfe8ccfb6219f4f90cb5282dce6685afacf5f82f8cb
2026-06-04 18:29:25,"Bitcoin Up or Down - June 4, 2:25PM-2:30PM ET",0xf6e7e0c94cba17f17c011726a07b4fd334b9ff8592cbe6136bb54b3a38a20f76,Down,11.00,10,,,0xd2183bdc8b084bbc38fb711b6f87013390c4c4fb8d990fe85e1383d32c839066
2026-06-04 18:29:25,"Bitcoin Up or Down - June 4, 2:25PM-2:30PM ET",0xf6e7e0c94cba17f17c011726a07b4fd334b9ff8592cbe6136bb54b3a38a20f76,Up,90.00,14,,,0x9869800daa33c887c1bc9176b86ce401c0c2b827853b0a44b74ec79418996263
2026-06-04 18:29:25,"Ethereum Up or Down - June 4, 2:25PM-2:30PM ET",0x26442be9d9b6ec037e586102fb23739181eec19ce2f790083a7bad87b0abe5cc,Up,92.00,5,,,0x80493e3418c8a195fe15835b3d3657736ae4d7733353ed778c454957dc3a2e4e
2026-06-04 18:29:25,"Ethereum Up or Down - June 4, 2:25PM-2:30PM ET",0x26442be9d9b6ec037e586102fb23739181eec19ce2f790083a7bad87b0abe5cc,Down,3.00,47.666665,,,0xfc39d35a3d394ec550def2bb80b4358647299d0c5067e4e69b3940929f2814e4
2026-06-04 18:29:25,"Bitcoin Up or Down - June 4, 2:25PM-2:30PM ET",0xf6e7e0c94cba17f17c011726a07b4fd334b9ff8592cbe6136bb54b3a38a20f76,Up,98.00,18.18365,,,0xfefe097f4d257335341f3378fa7c00cc56ec59f010f5fb0b6b1f6973d56143c4
2026-06-04 18:29:25,"Bitcoin Up or Down - June 4, 2:25PM-2:30PM ET",0xf6e7e0c94cba17f17c011726a07b4fd334b9ff8592cbe6136bb54b3a38a20f76,Down,3.40,349.8,,,0xc19a48fa0a040ae6eb472c4c115abfd769a1a1eb2a341bb90fe0624d17381b59
2026-06-04 18:29:25,"Bitcoin Up or Down - June 4, 2:25PM-2:30PM ET",0xf6e7e0c94cba17f17c011726a07b4fd334b9ff8592cbe6136bb54b3a38a20f76,Up,98.00,2,,,0x68ccc8124f3906d4144e8d06c233afd86fe04639d2e4e4f078b29836ac1c10ae
2026-06-04 18:29:25,"Bitcoin Up or Down - June 4, 2:25PM-2:30PM ET",0xf6e7e0c94cba17f17c011726a07b4fd334b9ff8592cbe6136bb54b3a38a20f76,Up,98.00,1.72445,,,0x09d682053444fa03cf4c2343d80ebcdc8371ec1aae107fd0069a5a01e91f2098
2026-06-04 18:29:25,"Will the price of Bitcoin be above $64,000 on June 5?",0x34ecf20e4baddd4062279778e96ce898d91a845dd1b60289aaaf05cdf7d64a38,No,56.80,10,,,0xada052a29dbb5bcfcc889a9b7c64d3cad710f4d173167cf7a91865aaf59d78cd
2026-06-04 18:29:25,"Bitcoin Up or Down - June 4, 2:25PM-2:30PM ET",0xf6e7e0c94cba17f17c011726a07b4fd334b9ff8592cbe6136bb54b3a38a20f76,Up,98.00,4.0816,,,0xe818518e0686fa7444adca52132edb6b6c459e1c6cb438883947ddaa9467763c
2026-06-04 18:29:25,"Bitcoin Up or Down - June 4, 2:25PM-2:30PM ET",0xf6e7e0c94cba17f17c011726a07b4fd334b9ff8592cbe6136bb54b3a38a20f76,Up,98.00,10.20405,,,0x41776eda01713019848fdaad1a2422c54b5663778f66a114cf88f6e976888a1a
2026-06-04 18:29:25,"Ethereum Up or Down - June 4, 2:25PM-2:30PM ET",0x26442be9d9b6ec037e586102fb23739181eec19ce2f790083a7bad87b0abe5cc,Up,98.00,101.0204,,,0x461099f5550f5b86f36ab585718e73bc81aa650e4d1c7d5be422bc39bf4c58ad
2026-06-04 18:29:25,"Bitcoin Up or Down - June 4, 2:25PM-2:30PM ET",0xf6e7e0c94cba17f17c011726a07b4fd334b9ff8592cbe6136bb54b3a38a20f76,Up,98.00,306.12,,,0x423269b8c93016fd7afe0c2461963c8d3e628da324f39a62abfc434fa9b9c347
2026-06-04 18:29:25,"Bitcoin Up or Down - June 4, 2:25PM-2:30PM ET",0xf6e7e0c94cba17f17c011726a07b4fd334b9ff8592cbe6136bb54b3a38a20f76,Up,97.00,1.1237,,,0x820d8aedc21305ea07297aaf91d40b8a712b449f7be3f15ba7441d3dceeb1a2b
2026-06-04 18:29:25,"Will the price of Bitcoin be less than $64,000 on June 6?",0x1cbd17ad5b23fb08c385c70318b75c3cc9e2f186a5506233d34d00b875992523,No,43.80,30.342464,,,0xe1e499931b38230a17bc0391a308b999003a18caff091a6c41760309c1ee2876
2026-06-04 18:29:25,Will the highest temperature in Busan be 22°C on June 5?,0xb599f5320cdc0c096dadc76a292da8047e99de5901b850b9fb9a34dcbd692aef,Yes,0.10,35,,,0x1458ca156f5c45ba8e57b86e6c02be3d2919155854f6deab2665b0211710ef38
2026-06-04 18:29:25,"Bitcoin Up or Down - June 4, 2:25PM-2:30PM ET",0xf6e7e0c94cba17f17c011726a07b4fd334b9ff8592cbe6136bb54b3a38a20f76,Up,98.00,101,,,0xa7c29099eb6f1f74e89c94740186c4c759c7daaa0302d74005ad9cdba466eebe
2026-06-04 18:29:25,Bitcoin Up or Down on June 5?,0xe5841b2972dc200d23ede725279fabe137837f305d2912991cf3735a105c1001,Up,48.00,507,,,0x9aa791d37f7319c595d09721abd5bf0936fddfd9588149fb08ce5dbbb698e77b
2026-06-04 18:29:25,"Will the price of Bitcoin be above $66,000 on June 5?",0xa4874d4eb4538bac79cd6b5b7717510e09872b4ee7ab1c5082d4edb9a6f5b9fa,No,92.90,10,,,0xc981e4b9c70b3038993903711e5ed553dd9075177184c4f410162458c8c67897
2026-06-04 18:29:25,"Ethereum Up or Down - June 4, 2:25PM-2:30PM ET",0x26442be9d9b6ec037e586102fb23739181eec19ce2f790083a7bad87b0abe5cc,Up,96.89,100,,,0xe3236b17e93d7f5ff4db774da3701842c3b38af76c827428806a85ed10b2219b
2026-06-04 18:29:25,"Bitcoin Up or Down - June 4, 2:25PM-2:30PM ET",0xf6e7e0c94cba17f17c011726a07b4fd334b9ff8592cbe6136bb54b3a38a20f76,Up,91.00,80,,,0x4444cd7bbda12891c154369651093ed1b8e8308ba22f40539b35ddd1fe1507f4
2026-06-04 18:29:25,"Bitcoin Up or Down - June 4, 2PM ET",0x3abc093600d2793741018001059df76f55349e8d9e5737c23816bbb5a0f42225,Up,80.00,1.35,,,0x3d464b38964d4a1f4f2d75e4bd396eabbbfe0adb7f48e2c7cb59b4b3bc00cc62
2026-06-04 18:29:25,"Bitcoin Up or Down - June 4, 2:25PM-2:30PM ET",0xf6e7e0c94cba17f17c011726a07b4fd334b9ff8592cbe6136bb54b3a38a20f76,Up,98.00,2.0204,,,0x7138fc354b4052b638fad6150825c2cd482aef5b0653ee89987b5a63a8e101a7
2026-06-04 18:29:25,"Bitcoin Up or Down - June 4, 2:25PM-2:30PM ET",0xf6e7e0c94cba17f17c011726a07b4fd334b9ff8592cbe6136bb54b3a38a20f76,Up,98.00,1.3163,,,0x2ed8e6f04788f29da869a0768d4d53f3288fc0dd097a428c973dc0e45a51f693
2026-06-04 18:29:25,"Bitcoin Up or Down - June 4, 2:25PM-2:30PM ET",0xf6e7e0c94cba17f17c011726a07b4fd334b9ff8592cbe6136bb54b3a38a20f76,Up,98.00,1.92855,,,0x2145f2f712c45824e0869269d810d66b19f338a51bb74eb6a87109696c51527f
2026-06-04 18:29:25,"Bitcoin Up or Down - June 4, 2:25PM-2:30PM ET",0xf6e7e0c94cba17f17c011726a07b4fd334b9ff8592cbe6136bb54b3a38a20f76,Up,92.00,20,,,0x29a48439f9d6eed298da2693cc6a1eaa48f6adf65cb4c539608f40cf2199aafc
2026-06-04 18:29:25,"Bitcoin Up or Down - June 4, 2:25PM-2:30PM ET",0xf6e7e0c94cba17f17c011726a07b4fd334b9ff8592cbe6136bb54b3a38a20f76,Up,92.00,16.565212,,,0x86024820e62e23d610d9438a17d0bd0c8bb61ff90f4f67eafe17cdf1d88ea7e4
2026-06-04 18:29:25,"Bitcoin Up or Down - June 4, 2:25PM-2:30PM ET",0xf6e7e0c94cba17f17c011726a07b4fd334b9ff8592cbe6136bb54b3a38a20f76,Up,98.00,2.63265,,,0xdfd6ea3e7cf8457b7ae8d8f8100afb3a5ed37dd6069db96cbbdcadd9c3b4862b
2026-06-04 18:29:25,"Bitcoin Up or Down - June 4, 12:00PM-4:00PM ET",0xc4796e2a8784f59a76936173a8e924a2cecc527eb851fcc5abe7d65813c5f3e9,Up,44.00,46.59,,,0x5a832e0d578371b48096879d756ea66659713ef7f16b8a0d49f1a2b58f2fda0d
2026-06-04 18:29:25,"Bitcoin Up or Down - June 4, 2PM ET",0x3abc093600d2793741018001059df76f55349e8d9e5737c23816bbb5a0f42225,Down,20.00,5,,,0x1f4dd3b112369f6388da284666d087c411e8180f8202da2bf33322e48b699038
2026-06-04 18:29:25,"Bitcoin Up or Down - June 4, 2:25PM-2:30PM ET",0xf6e7e0c94cba17f17c011726a07b4fd334b9ff8592cbe6136bb54b3a38a20f76,Up,97.00,5.154633,,,0x2027381dd2299c4a1954675d8c66067d7de029d97592636acccf9b60cbe81388
2026-06-04 18:29:25,"Hyperliquid Up or Down - June 4, 2:15PM-2:30PM ET",0xbd859cc350e114a7a1a85b3c7e29a453dc9894cd27add2f7bfa8c1bc464e683b,Up,99.00,15,,,0x9d4cc53401c0c482e90a208bdd3e9f153dd96a5433533c044d4ccd5818b46428
2026-06-04 18:29:25,"Ethereum Up or Down - June 4, 2:25PM-2:30PM ET",0x26442be9d9b6ec037e586102fb23739181eec19ce2f790083a7bad87b0abe5cc,Up,98.00,2.0204,,,0x96396a8b8f62c916a50f1ad95a445cf81ea4996977251145703c144e559fba15
2026-06-04 18:29:25,"Bitcoin Up or Down - June 4, 2:25PM-2:30PM ET",0xf6e7e0c94cba17f17c011726a07b4fd334b9ff8592cbe6136bb54b3a38a20f76,Up,97.00,4.1237,,,0xa48847e11bf96b0b9431b0413db9c5b6e2dd0f2aa60eb7140e71524c7bb4b181
2026-06-04 18:29:25,"Bitcoin Up or Down - June 4, 2:25PM-2:30PM ET",0xf6e7e0c94cba17f17c011726a07b4fd334b9ff8592cbe6136bb54b3a38a20f76,Up,97.00,70.7,,,0x9597d3dc3cdedb452b97ae1c0a951d4bca069576d7c2bafed12a40bd7d94d917
2026-06-04 18:29:24,Will Sweden win on 2026-06-04?,0xdb2128a475e15e341d4ea0a5e5b86daea6d4141be9c6771564b320221c41c54b,No,23.00,2,,,0x11842713f550eba5c1bf49370dab35f183607510a8eec02bea4ab685e83229fb
2026-06-04 18:29:24,"Bitcoin Up or Down - June 4, 2:25PM-2:30PM ET",0xf6e7e0c94cba17f17c011726a07b4fd334b9ff8592cbe6136bb54b3a38a20f76,Down,9.91,17.18,,,0x00f17de89c1cff85eabb156233a73b373afff32f5aa9ed73ea9d2b4ce6f0be79
2026-06-04 18:29:24,"Ethereum Up or Down - June 4, 2:25PM-2:30PM ET",0x26442be9d9b6ec037e586102fb23739181eec19ce2f790083a7bad87b0abe5cc,Up,68.00,10,,,0xf443f9e46e44665ec92ed81f267e9b33d1c70fa5fe0072a5389f4a24b2243ce2
2026-06-04 18:29:24,Sweden vs. Greece: O/U 2.5,0xe3f685835d7fc6afbbc5de38ef7400dee5c8d06d43d7fcf1f90044e0025298d9,Under,7.00,50,,,0x5913c348f4d3ed3dc1a37eea3310d439119ff7b4c372b0d3160a9f46087c358a
2026-06-04 18:29:24,"Bitcoin Up or Down - June 4, 2:25PM-2:30PM ET",0xf6e7e0c94cba17f17c011726a07b4fd334b9ff8592cbe6136bb54b3a38a20f76,Down,9.00,20,,,0xbda097a1b9b88bad6a491abb5cd46632277047312a1c1ff1dd1b0c2a0408dc44
2026-06-04 18:29:24,"Bitcoin Up or Down - June 4, 2:25PM-2:30PM ET",0xf6e7e0c94cba17f17c011726a07b4fd334b9ff8592cbe6136bb54b3a38a20f76,Down,6.00,116.666665,,,0xc054e282e5752c809243ef13fbb2602542db0d1279fcffa772fddbbb3742c0f0
2026-06-04 18:29:24,"Bitcoin Up or Down - June 4, 2:25PM-2:30PM ET",0xf6e7e0c94cba17f17c011726a07b4fd334b9ff8592cbe6136bb54b3a38a20f76,Down,6.00,40,,,0x1b558d30eed148421b2acbe83247bc6e951059a349ad42b53c59c094cce6b17f
2026-06-04 18:29:24,Will Sweden win on 2026-06-04?,0xdb2128a475e15e341d4ea0a5e5b86daea6d4141be9c6771564b320221c41c54b,No,23.00,2,,,0x285962e6ecd6b3200f2ec04b79b16ac11a9d0b1b37eceecf577f8ac3a32c33e8
2026-06-04 18:29:24,Will Sweden win on 2026-06-04?,0xdb2128a475e15e341d4ea0a5e5b86daea6d4141be9c6771564b320221c41c54b,No,29.00,1.88,,,0xe93f3d7be1f53f98d59e27f75a4b5103834b7e61de1fc33c40627207032c217b
2026-06-04 18:29:24,"Dogecoin Up or Down - June 4, 2:25PM-2:30PM ET",0x0c18961e2f92094e2eac97ec01e8c0ef1998bbddb5e923bb12e8d725d5f2022d,Down,64.00,3.09375,,,0xd53d0f26d64c9e2058c331b97d8cae40c6be14b29b89b3463fde27ae8d86e26d
2026-06-04 18:29:24,"XRP Up or Down - June 4, 2:25PM-2:30PM ET",0x1dda94c24b0e85e81306fd852ef834d4205674fb324b75d33ac401ca0010161c,Up,99.00,10,,,0x3db96099239977fe926fe2ad08e4fbd35fd7b33e84e64ad22a6e1571fd00e170
2026-06-04 18:29:24,Will Sweden win on 2026-06-04?,0xdb2128a475e15e341d4ea0a5e5b86daea6d4141be9c6771564b320221c41c54b,No,23.00,2,,,0xbcdc66bc384c7afb8c1985268a071b8033598124018b3e42761e68fcd0869508
2026-06-04 18:29:24,"Solana Up or Down - June 4, 2:25PM-2:30PM ET",0xaa3b1523de28d0a85a75bb16666b6690cd278f91014c089e37d8c2a240d9e0f2,Down,23.00,24.347825,,,0x2cfca4cdbadb1f106fb0ff85f2630e2ce3af3d5cb69c46f18c1ca20c43ba03d5
2026-06-04 18:29:24,"Solana Up or Down - June 4, 2:25PM-2:30PM ET",0xaa3b1523de28d0a85a75bb16666b6690cd278f91014c089e37d8c2a240d9e0f2,Down,23.24,20.65,,,0x14df6f451551cd737f95c157891292a27a2406c9ddd74922ab9d22c5f5d81448
2026-06-04 18:29:24,"Bitcoin Up or Down - June 4, 2:25PM-2:30PM ET",0xf6e7e0c94cba17f17c011726a07b4fd334b9ff8592cbe6136bb54b3a38a20f76,Down,7.00,34.19,,,0xefc95dec4620ecc7697cfad07aa128f19f85e0720e589dad735992ea51afd488
2026-06-04 18:29:24,Will Sweden win on 2026-06-04?,0xdb2128a475e15e341d4ea0a5e5b86daea6d4141be9c6771564b320221c41c54b,Yes,70.00,30,,,0xfbb42db501391643de45d8f60e440603d7c1ed2aa883c19576ab68316c7d68b7
2026-06-04 18:29:24,Will Sweden vs. Greece end in a draw?,0x30e2d0da24ebb970cf6ce4245402b03745692cfd1721d57f7c9b957899634b9e,Yes,26.00,7.06,,,0x142e89d66b57cfe90e4717a28a2e246cb15c718e305d3f93a931a2246dcb3ceb
2026-06-04 18:29:24,Will Sweden vs. Greece end in a draw?,0x30e2d0da24ebb970cf6ce4245402b03745692cfd1721d57f7c9b957899634b9e,Yes,25.00,5,,,0xe47a041c9e844f717e8b16e18c2d00010e959a564d8c2b43b5dd750ca652dca5
2026-06-04 18:29:24,"Will Bitcoin reach $66,000 on June 4?",0x75915f276367f0a0532466b446220af86cd3c84cf67b21166be24e41346017e0,No,96.30,3.115263,,,0xb699e86b04c63515ee78eb6ca2e9cba24f71422fc117cd7ff7bd5bf0d91e203a
2026-06-04 18:29:24,"Hyperliquid Up or Down - June 4, 2:25PM-2:30PM ET",0x0c120dd6bd6d76ebd92cc795dfb77ad162ab7276e21f9ec9ddf19a23fb99c0c8,Down,95.00,6.45262,,,0xcbbb25cd4185547a446f5eb135cbeff56ecb0b412b9989a43aca233a322f50dc
2026-06-04 18:29:24,Makarska: Elina Avanesyan vs Dominika Salkova,0xd3c6d40aff15bad564a6421cd9011c149c488b657863e373ae23f70a9fc4c1a0,Elina Avanesyan,97.00,2.061854,,,0x7f99478ff2b77cfca2759bbecbd9bf90108f4d16bba8eb20c9af6c9c47d1ece2
2026-06-04 18:29:24,Will Andorra vs. Liechtenstein end in a draw?,0x1cea1ffb7207241c8a1bffc6d67b6c86dd6a5d7e4cdcfac7636beff1d2e73a67,No,89.00,31.179772,,,0x14fac4992b275d2726c370bce0d801c2a6288dc41bddce7affd5e9bf301b6a63
2026-06-04 18:29:24,Will Sweden vs. Greece end in a draw?,0x30e2d0da24ebb970cf6ce4245402b03745692cfd1721d57f7c9b957899634b9e,No,74.00,5,,,0xd0d366ef16a34669165e6cbc413919d0b80681bbcc6b566dbdb1cea8368ed7b8
2026-06-04 18:29:24,Will Sweden win on 2026-06-04?,0xdb2128a475e15e341d4ea0a5e5b86daea6d4141be9c6771564b320221c41c54b,Yes,71.00,1.478872,,,0xd9c1d3b88608c472ec9d5507917af65b4cb8efc02a3bd5d6b1e8b38ce44fd86d
2026-06-04 18:29:24,"Bitcoin Up or Down - June 4, 2:25PM-2:30PM ET",0xf6e7e0c94cba17f17c011726a07b4fd334b9ff8592cbe6136bb54b3a38a20f76,Up,94.00,5,,,0x7b255da2a4185cab276b0cff94ecd399d550261a1c04e2c102d19763fddf9383
2026-06-04 18:29:24,"Bitcoin Up or Down - June 4, 2:25PM-2:30PM ET",0xf6e7e0c94cba17f17c011726a07b4fd334b9ff8592cbe6136bb54b3a38a20f76,Up,94.00,18.57,,,0x8df965fe160848ac783a3e97c2dceee62bca848d46986f1524f3b6eaf80bb1b3
2026-06-04 18:29:24,"Bitcoin Up or Down - June 4, 2:25PM-2:30PM ET",0xf6e7e0c94cba17f17c011726a07b4fd334b9ff8592cbe6136bb54b3a38a20f76,Down,6.00,30,,,0x371b61a22dbf78f8c5df0a2c7fcc8fd9b1bced0291c7851b2da82592c45f87d9
2026-06-04 18:29:24,"Bitcoin Up or Down - June 4, 2:25PM-2:30PM ET",0xf6e7e0c94cba17f17c011726a07b4fd334b9ff8592cbe6136bb54b3a38a20f76,Up,95.00,8.042104,,,0xd53b261ec2b8bf36f37f09b0d5f323fa64c0c7f4a467591dc1803c94718b4340
2026-06-04 18:29:24,"Bitcoin Up or Down - June 4, 2:25PM-2:30PM ET",0xf6e7e0c94cba17f17c011726a07b4fd334b9ff8592cbe6136bb54b3a38a20f76,Up,90.00,7,,,0xdfc00120a19b2f8d37e297804426e2ee17f5e1907b8b9a91b226a89d309a96be
2026-06-04 18:29:24,"Solana Up or Down - June 4, 2:25PM-2:30PM ET",0xaa3b1523de28d0a85a75bb16666b6690cd278f91014c089e37d8c2a240d9e0f2,Up,97.76,5.11435,,,0xcceada121df26c56fe61e868f3d4045b059a1a3a642eda0e2ba80a87eb7a7a17
2026-06-04 18:29:24,"Bitcoin Up or Down - June 4, 2:25PM-2:30PM ET",0xf6e7e0c94cba17f17c011726a07b4fd334b9ff8592cbe6136bb54b3a38a20f76,Up,92.00,5.26,,,0x603941aa2a1283ad7188fe20bae12fe83e08a2ff6a4c2e3afd4be89c6373b423
2026-06-04 18:29:24,"Ethereum Up or Down - June 4, 2:25PM-2:30PM ET",0x26442be9d9b6ec037e586102fb23739181eec19ce2f790083a7bad87b0abe5cc,Up,97.02,172.7259,,,0x450532894fbcac0507df549e7a84d936b1e0f27273178f0dafb33fcd2e06ff40
2026-06-04 18:29:24,"Solana Up or Down - June 4, 2:25PM-2:30PM ET",0xaa3b1523de28d0a85a75bb16666b6690cd278f91014c089e37d8c2a240d9e0f2,Down,3.00,17,,,0x3c638400c00565a162047dda60e416da86f3aa37a5ce8456b512224fc1cbc261
2026-06-04 18:29:24,"Bitcoin Up or Down - June 4, 2:25PM-2:30PM ET",0xf6e7e0c94cba17f17c011726a07b4fd334b9ff8592cbe6136bb54b3a38a20f76,Up,92.00,5,,,0x1802a8ef62134649517afb642edec4d1479220520256e2514642b4c49b35a77d
2026-06-04 18:29:24,"Bitcoin Up or Down - June 4, 2:25PM-2:30PM ET",0xf6e7e0c94cba17f17c011726a07b4fd334b9ff8592cbe6136bb54b3a38a20f76,Up,92.00,31,,,0xc644c0e54ab88acf67ee474fe2988d5cf1e856203042b1787e44e52e074720b3
2026-06-04 18:29:24,"Bitcoin Up or Down - June 4, 2:25PM-2:30PM ET",0xf6e7e0c94cba17f17c011726a07b4fd334b9ff8592cbe6136bb54b3a38a20f76,Up,92.00,50.065212,,,0x7a27eff30dbb53443ee9dbcfe52aafa85caf59204a7d0e323d2a2c6daab565f9
2026-06-04 18:29:24,"Bitcoin Up or Down - June 4, 2PM ET",0x3abc093600d2793741018001059df76f55349e8d9e5737c23816bbb5a0f42225,Up,80.00,22,,,0x967dea6c3d85893bd8a75c85e02372df54103549ae4f04a71492fbcbb79cfe9f
2026-06-04 18:29:24,"Ethereum Up or Down - June 4, 2:25PM-2:30PM ET",0x26442be9d9b6ec037e586102fb23739181eec19ce2f790083a7bad87b0abe5cc,Up,92.00,12,,,0x9c30451e6821b2d759d24c3b59c829a49bbfab9def942903364527c6b237f339
2026-06-04 18:29:24,Will the highest temperature in Houston be between 74-75°F on June 5?,0xa352886aea1887062e95a06f8b35336448ab4aee9c4a91736ff1e5347a1b1889,No,99.90,18.018,,,0x26f2a19b3734e7816f4e370d6169f73e4611492b122dc8dc3ff2d069fb3d4d38
2026-06-04 18:29:24,"Dogecoin Up or Down - June 4, 2:25PM-2:30PM ET",0x0c18961e2f92094e2eac97ec01e8c0ef1998bbddb5e923bb12e8d725d5f2022d,Up,97.00,2.041233,,,0xbddd875570952b48252388c1ff32d9c7406eb4ca64af495cb59e4bdfe5851c20
2026-06-04 18:29:24,"Ethereum Up or Down - June 4, 2PM ET",0x7fb12fa6f2ca8492badcdcc6214670dd3dfa8a7aba94a141b561dea6d933ea8e,Up,85.00,5.988233,,,0x08bab119e6b8dc5557a0636935efcea0c6e235fe13b2f0b520c8627cd2a4b734
2026-06-04 18:29:24,"Bitcoin Up or Down - June 4, 2:25PM-2:30PM ET",0xf6e7e0c94cba17f17c011726a07b4fd334b9ff8592cbe6136bb54b3a38a20f76,Up,90.00,4.44444,,,0x2142a280af8c456a973e4f8ab77591c11ceee192ca5dc8502dac695ac049ae50
2026-06-04 18:29:24,"Bitcoin Up or Down - June 4, 2:25PM-2:30PM ET",0xf6e7e0c94cba17f17c011726a07b4fd334b9ff8592cbe6136bb54b3a38a20f76,Up,91.66,50.248687,,,0x553de609dd1577dd0daa1bcce41913a44696e060ac49bd7e10844d4c00fa298e
2026-06-04 18:29:24,"Dogecoin Up or Down - June 4, 2:25PM-2:30PM ET",0x0c18961e2f92094e2eac97ec01e8c0ef1998bbddb5e923bb12e8d725d5f2022d,Up,97.00,2.041233,,,0x33063eb3e8c7d1ad02b49c9c99c66eff7cf647ea1a4a65b7a7e4d9ea0746ce30
2026-06-04 18:29:24,"Solana Up or Down - June 4, 2:25PM-2:30PM ET",0xaa3b1523de28d0a85a75bb16666b6690cd278f91014c089e37d8c2a240d9e0f2,Up,98.00,6,,,0xb68750089ccfc166aed4625e6b3204f1c9e00e36ef5fc9ec1465a4aefb0fa439
2026-06-04 18:29:24,"Ethereum Up or Down - June 4, 2:25PM-2:30PM ET",0x26442be9d9b6ec037e586102fb23739181eec19ce2f790083a7bad87b0abe5cc,Up,92.00,3.19565,,,0xb666937ae4e3f817b9c895dd0bcaa197a20dbecab507d64717216a471e542859
2026-06-04 18:29:24,"Solana Up or Down - June 4, 2:25PM-2:30PM ET",0xaa3b1523de28d0a85a75bb16666b6690cd278f91014c089e37d8c2a240d9e0f2,Up,98.00,3.0306,,,0x63c9c356cbafd7de58b10598f241c7cecbe4ec7f5eddccdfc393fe7a1adc4902
2026-06-04 18:29:24,"Will Bitcoin dip to $55,000 in June?",0xadebd6bbf401c9509dd2e78b65a16b567f1f386dccd8cac86cd389bb53ec3a58,No,75.30,257.19,,,0xb9e93073695f5df4ebf85b401dc302a2394b449d9f186ed570be030da7975a8c
2026-06-04 18:31:46,Counter-Strike: M80 vs NRG - Map 2 Winner,0x57713f6aa15c35ce6185819f4b554fa3f3cac40a7617116f1098bef9afec829f,M80,29.43,19,,,0x2796d89d7a441201ef4332530a9601aaab4115d68e1b243cb0e8c8e0fbe440e7
2026-06-04 18:31:46,Will Sweden win on 2026-06-04?,0xdb2128a475e15e341d4ea0a5e5b86daea6d4141be9c6771564b320221c41c54b,Yes,79.00,126.582277,,,0xa83808f4e51dc090e5ac9b2e93a0168b49d88c2b3ab065f3f9caaaff16ee45db
2026-06-04 18:31:46,Counter-Strike: M80 vs NRG - Map 2 Winner,0x57713f6aa15c35ce6185819f4b554fa3f3cac40a7617116f1098bef9afec829f,NRG,71.00,143,,,0xb7099dd75f5d82e08fa3284855f409a9af8ad9c76a0406e25605786ecc8d11b6
2026-06-04 18:31:46,"XRP Up or Down - June 4, 2:30PM-2:35PM ET",0xc5313621721be12687f36dc6855de28a6e4ff03d38c5e6a4b8d7dd0904b5ff2e,Up,33.09,5.470587,,,0x008d79084888a4df03374f39e5b34eac1b6ee62effca4eab8ce670dd3fa5836f
2026-06-04 18:31:46,Perugia: Andrea Pellegrino vs Roberto Carballes Baena,0x280f8e4b00877ddf567c6f95604ccefd5d08c171bffe80d71b0c0eb839e3b177,Roberto Carballes Baena,45.00,100,,,0x95007a8208c33db302373e4b95e5f59dfb7cb44030f6e89e1d16cd8c50fc2019
2026-06-04 18:31:46,"Bitcoin Up or Down - June 4, 2:30PM-2:35PM ET",0x51dcfba27586c391de127ab5a8e9baa4680d301a39f09db459e9b05f49102973,Up,43.00,10,,,0xbc540e058a628b3489c482b6291792d4692d865a7d3f9e3669a8fb6794620f23
2026-06-04 18:31:46,"Bitcoin Up or Down - June 4, 2:30PM-2:35PM ET",0x51dcfba27586c391de127ab5a8e9baa4680d301a39f09db459e9b05f49102973,Up,43.00,20,,,0x5e7534b4210b1946e92ea59326329f628b02b749bff10667e282cf7b37b1ce77
2026-06-04 18:31:46,Will the highest temperature in Sao Paulo be 21°C on June 4?,0x692f74fd864ed4ab53fd026acf6b1f734f6e5c099578356deed1386f8d95fe5e,Yes,97.10,2.85,,,0x52a934fa00ff93c9b1786ce558c524d7c0700ec08093d4f79ac89c565f471f90
2026-06-04 18:31:46,"Bitcoin Up or Down - June 4, 2:30PM-2:35PM ET",0x51dcfba27586c391de127ab5a8e9baa4680d301a39f09db459e9b05f49102973,Down,58.59,3.413558,,,0x0daa30e63d3e60d0b9abfdfa08c3e1f7018657939862871c8466ee11e5e05d33
2026-06-04 18:31:46,"Ethereum Up or Down - June 4, 2:30PM-2:35PM ET",0x86ef98a9e5ca2ea5dc2e9053559b1221ff292d54ba6752bf6e3a5c5b5f426eef,Down,79.00,6,,,0x46d0fb6f1c69b53eb08f19acc94d44d596e44b96612cdd7f33bfd31eab1217ee
2026-06-04 18:31:46,"XRP Up or Down - June 4, 2:30PM-2:35PM ET",0xc5313621721be12687f36dc6855de28a6e4ff03d38c5e6a4b8d7dd0904b5ff2e,Down,66.00,2,,,0xf6ced20f2e90a26bfb612aecb2e90e7a94eaaeb8aa0d780e8e2d322ad351f1b2
2026-06-04 18:31:46,"Ethereum Up or Down - June 4, 2:30PM-2:35PM ET",0x86ef98a9e5ca2ea5dc2e9053559b1221ff292d54ba6752bf6e3a5c5b5f426eef,Down,78.00,8,,,0x2e0333b0873d14ab90398c40a02c29888449fadbb886a4bad3c354ec55fb728c
2026-06-04 18:31:46,"XRP Up or Down - June 4, 2:30PM-2:45PM ET",0xe15914db46c5709be331549193e61701d2c15fc90d46f490cb3bcb1d62bcff37,Down,60.00,2,,,0xd63764fc8cda6db08b12b44969a873cd3e77ecf89ae30cecdb8ed2ad78feb93c
2026-06-04 18:31:46,"Bitcoin Up or Down - June 4, 2:30PM-2:35PM ET",0x51dcfba27586c391de127ab5a8e9baa4680d301a39f09db459e9b05f49102973,Down,58.00,15,,,0x98818ce512f0acad8e5274b290ea39f9dca99653c2603cd4ef1eabaa4ae06155
2026-06-04 18:31:46,"Bitcoin Up or Down - June 4, 2:30PM-2:35PM ET",0x51dcfba27586c391de127ab5a8e9baa4680d301a39f09db459e9b05f49102973,Down,58.00,46.89655,,,0x6de987d534618654e15036020c37de6e42f9fab2b8735ad683c29e1c12ec6aa7
2026-06-04 18:31:46,"Bitcoin Up or Down - June 4, 2:30PM-2:35PM ET",0x51dcfba27586c391de127ab5a8e9baa4680d301a39f09db459e9b05f49102973,Up,43.00,51.953487,,,0xd3ec65fe63001ec7d65e1efb16bf9aeed98f6d169ea82859749463c01410fd1e
2026-06-04 18:31:46,"Bitcoin Up or Down - June 4, 2:30PM-2:35PM ET",0x51dcfba27586c391de127ab5a8e9baa4680d301a39f09db459e9b05f49102973,Up,42.06,20,,,0x01e303f13cba670110049788b862e0c50d82d437351128a6957c520dccce96c2
2026-06-04 18:31:46,"Solana Up or Down - June 4, 2:30PM-2:35PM ET",0x4908916f4e744dc6dcdc604e790a5e2fa2a7c0174afa21cb1638dc2aaa665149,Down,55.00,5,,,0xcfdbb0e4f88a6758faba42d026a62751300e89f16d908cb68f7a307ecaffa1fd
2026-06-04 18:31:46,"Ethereum Up or Down - June 4, 2:30PM-2:45PM ET",0x0eda108c856a95c6c7500d6d9f0c485369bf3b129f46fd2834abccaa800bd387,Up,30.00,5,,,0x076afe193c68b0637a976ba6a9f55cc9eba514bab3e02f510e09eeeb0601f6ca
2026-06-04 18:31:46,"Bitcoin Up or Down - June 4, 2:30PM-2:35PM ET",0x51dcfba27586c391de127ab5a8e9baa4680d301a39f09db459e9b05f49102973,Up,43.00,11.627905,,,0x5cdaca5e71e85fd3cf2ccf82bbdff9fbae38bac8e9f3969fcf7a9ce70ef0cc81
2026-06-04 18:31:46,"Bitcoin Up or Down - June 4, 2:30PM-2:35PM ET",0x51dcfba27586c391de127ab5a8e9baa4680d301a39f09db459e9b05f49102973,Up,43.00,4.651161,,,0x1ccaacc310b825ff6301426ddd76e92e118fead300b15d2a31d39a251f0ef242
2026-06-04 18:31:46,"Bitcoin Up or Down - June 4, 2:30PM-2:35PM ET",0x51dcfba27586c391de127ab5a8e9baa4680d301a39f09db459e9b05f49102973,Down,58.00,1.83,,,0x9aba4fee6bcb8eebbb97fbe31667efb3a01603acf4c71f5da9e6e5ffdb760ef4
2026-06-04 18:31:46,"Bitcoin Up or Down - June 4, 2:30PM-2:35PM ET",0x51dcfba27586c391de127ab5a8e9baa4680d301a39f09db459e9b05f49102973,Up,43.00,20.953487,,,0x56657e99a8a73975bb0475e6135a96fd9b464308df675ab5b228886e61fae67c
2026-06-04 18:31:46,"Bitcoin Up or Down - June 4, 2:30PM-2:35PM ET",0x51dcfba27586c391de127ab5a8e9baa4680d301a39f09db459e9b05f49102973,Up,43.00,20,,,0x65af7754f32a2dc30eb9d5a110c3c656b8351e088e47c9436ed0dcad7c0b56ed
2026-06-04 18:31:46,"XRP Up or Down - June 4, 2:30PM-2:35PM ET",0xc5313621721be12687f36dc6855de28a6e4ff03d38c5e6a4b8d7dd0904b5ff2e,Up,32.00,22.19,,,0x4ddf8de35457b8b37f4976896efb475e68970661a6bd78df5b4d80ab4f750213
2026-06-04 18:31:46,"Will the price of Bitcoin be between $64,000 and $66,000 on June 5?",0x1c6c6b22c9b50bd41d4ad92e6e43a18dea7cf3e97d95df611646191e2d6b83c6,Yes,36.80,3,,,0xd80d1feebef95ead956a6c05606c10a78ffcace1e18b13b22ec2a28060c2fe14
2026-06-04 18:31:46,"Bitcoin Up or Down - June 4, 2:30PM-2:35PM ET",0x51dcfba27586c391de127ab5a8e9baa4680d301a39f09db459e9b05f49102973,Down,62.00,6,,,0x9145fb0e9dc89b013d1222d623cb824536bd4b25cfb861907a81c83811d65cda
2026-06-04 18:31:46,"Bitcoin Up or Down - June 4, 2:30PM-2:35PM ET",0x51dcfba27586c391de127ab5a8e9baa4680d301a39f09db459e9b05f49102973,Down,61.00,40.983605,,,0x17eda02eb22074a67bc1ec3f7bd01910ad76a5d5508812f050b5224a8b7913a6
2026-06-04 18:31:46,"Ethereum Up or Down - June 4, 2:30PM-2:35PM ET",0x86ef98a9e5ca2ea5dc2e9053559b1221ff292d54ba6752bf6e3a5c5b5f426eef,Up,22.00,11.25,,,0x8cd2d10b2887445dc5fa4f05adf5ce4f59227265f806f38db5f3cde7c6ea4fc5
2026-06-04 18:31:46,"Bitcoin Up or Down - June 4, 2:30PM-2:35PM ET",0x51dcfba27586c391de127ab5a8e9baa4680d301a39f09db459e9b05f49102973,Down,62.00,6,,,0x159248a4d8e184b6e9bea67919a07a03c9cc7eb775858046c714e3fcf6ee92c1
2026-06-04 18:31:46,"Solana Up or Down - June 4, 2:30PM-2:45PM ET",0x717adb22fca935fabda1bba78df51a1e840f3fba98479c7884178a42aa9cc485,Up,43.00,5.465115,,,0x904df080c8401a41df1f697e68c8df6e02d3c4cb1b84e2c38dcc887bb3c7e5df
2026-06-04 18:31:46,"Bitcoin Up or Down - June 4, 2:30PM-2:35PM ET",0x51dcfba27586c391de127ab5a8e9baa4680d301a39f09db459e9b05f49102973,Up,38.00,0.11,,,0xe3050ca2a1703635b589cfb07689cdd17c13b5685d532188fa4372569b3197b3
2026-06-04 18:31:46,Counter-Strike: Leo Team vs Lilmix (BO3) - CCT Europe Closed Qualifier: Series #4 Group C,0x8c401ceb9b4016ba2b376a0d73b49cc6b8e0e0ffd8b4eba96368ce14eb9f296c,Leo Team,67.00,1.492536,,,0x28f370ea2b3fa594eb585f85f517cb1a9a732055d9246425a34ae4df9564bc95
2026-06-04 18:31:46,"Bitcoin Up or Down - June 4, 2:30PM-2:35PM ET",0x51dcfba27586c391de127ab5a8e9baa4680d301a39f09db459e9b05f49102973,Up,42.00,11.90476,,,0x1951c5182ff1493e2c88744c6cdf277f9aafafbf29a4ee24c235d38eed6b6d4c
2026-06-04 18:31:46,"Ethereum Up or Down - June 4, 2:30PM-2:35PM ET",0x86ef98a9e5ca2ea5dc2e9053559b1221ff292d54ba6752bf6e3a5c5b5f426eef,Down,79.00,5.75949,,,0xd17454b14902fbc102d3de3fc8c6556e6a5bd7c1e8dd2335899dd6fd75f332d6
2026-06-04 18:31:46,"Bitcoin Up or Down - June 4, 2:30PM-2:35PM ET",0x51dcfba27586c391de127ab5a8e9baa4680d301a39f09db459e9b05f49102973,Down,61.40,11.546773,,,0x19d841855273e3ab84df380a6466573c787debc876cf1bef255e930cf1d934dc
2026-06-04 18:31:46,Counter-Strike: Liquid vs Heroic (BO3) - IEM Cologne Major Stage 1,0x351383a1548b4900556493b770b0a95b6879cd94f1bf3995b66e96381b687ea2,Heroic,12.68,100,,,0xd51a8592cc4bffcad8ae1ddd69221d9f55e5e2ebad879246be870881e737308e
2026-06-04 18:31:46,Will Sweden win on 2026-06-04?,0xdb2128a475e15e341d4ea0a5e5b86daea6d4141be9c6771564b320221c41c54b,Yes,79.00,253.164555,,,0xedff603a604ea4ef90b2150ad3baaecbb53856b997eccb8ed0a47c77bff3f83b
2026-06-04 18:31:46,Counter-Strike: AM Gaming vs ex-RUBY (BO3) - CCT Europe Series 3 Playoffs,0x551ed6ffd6643d2df6123e2f1887ff093d6454fc4d5d4af9c038637010312911,ex-RUBY,81.00,7,,,0x862ab351971ba18251cb07bf7aef98c9c314a5c23b5072066cd12328eab38b25
2026-06-04 18:31:46,Will Sweden win on 2026-06-04?,0xdb2128a475e15e341d4ea0a5e5b86daea6d4141be9c6771564b320221c41c54b,No,22.00,87.272726,,,0xc8211217eda23a43b4fbde56eac99d8b5f22b442b4d9d871ad02078004592d67
2026-06-04 18:31:46,Counter-Strike: M80 vs NRG - Map 2 Winner,0x57713f6aa15c35ce6185819f4b554fa3f3cac40a7617116f1098bef9afec829f,NRG,70.00,163.55,,,0x7b13acd10385bc494a0cf2da559636a884b8e28a6f237176c6db151d8d810d84
2026-06-04 18:31:46,"Bitcoin Up or Down - June 4, 2:30PM-2:35PM ET",0x51dcfba27586c391de127ab5a8e9baa4680d301a39f09db459e9b05f49102973,Down,59.00,10,,,0x8fbaa0d60e16f1e52f53b3c8ac3f0dc2bde7d4013f952e0d0490dd9a1b3694b0
2026-06-04 18:31:45,"Ethereum Up or Down - June 4, 2:30PM-2:35PM ET",0x86ef98a9e5ca2ea5dc2e9053559b1221ff292d54ba6752bf6e3a5c5b5f426eef,Up,21.00,2.57,,,0x1bcb36a357f8edcbf2f85dad476afb63beca0bf0f8fd6aba63a9562d84a52ca4
2026-06-04 18:31:45,"Will the price of Ethereum be above $1,800 on June 5?",0xe472b6690d60d0542eba238efde08fa6061b32882b482ed56e60c8b1a30f30c2,No,64.10,10.64,,,0xa7a91384bda7dc3452f93737c3d9a14df8dd1cc52a11ee9dfa8fbf8e7772f2c7
2026-06-04 18:31:45,"Solana Up or Down - June 4, 2PM ET",0xf65f1d6dc03ba796d75fb065a5da8bdf70cfe06d4b5e2fbe4499b63d6535c4c4,Up,78.00,6.076922,,,0xd8ef062c25d010d275a695be4f55ff89d55e6f388d6046bad80f9b2890185c74
2026-06-04 18:31:45,"Bitcoin Up or Down - June 4, 2:30PM-2:45PM ET",0x061b207481cf9dc7bad7c8bd43dc5ab08279152de197ef0c762d58cebb490386,Up,44.00,10,,,0xdf5b43f514f4f140b4128ef5ecf256129e4ca0c55ec1339c134a0404385d0fce
2026-06-04 18:31:45,Will the highest temperature in New York City be between 88-89°F on June 5?,0x118edc427ad9212196579238648d0c2ded05337e3cff852289d1e701a33905b1,Yes,27.00,5,,,0x173b859ca5763132c89bb7d47fed97112e952d1dbab3aa8d89e491c818de9ca7
2026-06-04 18:31:45,"Bitcoin Up or Down - June 4, 2:30PM-2:35PM ET",0x51dcfba27586c391de127ab5a8e9baa4680d301a39f09db459e9b05f49102973,Down,59.00,3.389829,,,0x85dcf70bbd327f5eef473e742b325e8ab87743bcf276f7e0cbfcf8ab0e5d3244
2026-06-04 18:31:45,"Will the price of Bitcoin be above $64,000 on June 5?",0x34ecf20e4baddd4062279778e96ce898d91a845dd1b60289aaaf05cdf7d64a38,No,51.60,5,,,0xb48e09efe3037934f555b2e195ff787bbfc76b4e639d731bc9b4bfc4f22914a5
2026-06-04 18:31:45,"Bitcoin Up or Down - June 4, 2:30PM-2:35PM ET",0x51dcfba27586c391de127ab5a8e9baa4680d301a39f09db459e9b05f49102973,Down,59.00,9.152541,,,0xd7d2cf8a2fdd6e9fab438b35567ff314748330db759618ed6f9fe13b0f2af616
2026-06-04 18:31:45,"Bitcoin Up or Down - June 4, 2:30PM-2:35PM ET",0x51dcfba27586c391de127ab5a8e9baa4680d301a39f09db459e9b05f49102973,Up,41.00,18.11,,,0x12a8f49962e5939edb9c061fc0674ddbcf2dada25b341c9006b45583e2a0266e
2026-06-04 18:31:45,"Bitcoin Up or Down - June 4, 2:30PM-2:35PM ET",0x51dcfba27586c391de127ab5a8e9baa4680d301a39f09db459e9b05f49102973,Up,41.00,15,,,0xcc4a1b906a27aed9e1bf27b3181857b4ba32e42fd63785844aeb54d2468e298b
2026-06-04 18:31:45,"XRP Up or Down - June 4, 2:30PM-2:35PM ET",0xc5313621721be12687f36dc6855de28a6e4ff03d38c5e6a4b8d7dd0904b5ff2e,Down,69.00,3.623187,,,0x94d1d9615e0dd278b64805f5ef162e498d08c436dcc879731e8ab1571063b19d
2026-06-04 18:31:45,"Bitcoin Up or Down - June 4, 2:30PM-2:45PM ET",0x061b207481cf9dc7bad7c8bd43dc5ab08279152de197ef0c762d58cebb490386,Up,44.00,20,,,0x716ce1a1a8c4861c2476b13d40d723f158046943366cc5d80ba120715cba9588
2026-06-04 18:31:45,"Will the price of Ethereum be above $1,800 on June 5?",0xe472b6690d60d0542eba238efde08fa6061b32882b482ed56e60c8b1a30f30c2,No,64.10,0.06,,,0x4581d10e3c9fdcc251a6a9d03f0a441f6de2d761d6fe58b1cd8c72d959d93770
2026-06-04 18:31:45,Baltimore Orioles vs. Boston Red Sox,0x4a4406119113d717306b22b738cc6906b90b17266b4ffb348be36064766f4aca,Baltimore Orioles,94.00,1.063828,,,0x60d280c40efc00f3d45cffda67f008f4d8006d6ac7bb69e5b2d9ba1c4deedc72
2026-06-04 18:31:45,"Will the price of Ethereum be above $1,800 on June 5?",0xe472b6690d60d0542eba238efde08fa6061b32882b482ed56e60c8b1a30f30c2,No,64.10,10.64,,,0x0ad7a3b189ed78b182f96cb147a46f83114b4e2a9261b420e7ddd18eb36e9e30
2026-06-04 18:31:45,Counter-Strike: Liquid vs Heroic - Map 2 Winner,0xff5ee1b61898d96c561eafefb9da580a67f07848a33ab3257a53c32ae4634223,Heroic,23.78,2018.866665,,,0xbe828082ef0a5bd3fd4a4a7c2a567b9f2eec0cd2e822776c28b2c46616c221c0
2026-06-04 18:31:45,"Bitcoin Up or Down - June 4, 2:30PM-2:35PM ET",0x51dcfba27586c391de127ab5a8e9baa4680d301a39f09db459e9b05f49102973,Down,60.00,16.666665,,,0xed0dbf6713439f128b629e733dfdbf2601f27e380a3dfe8efa338dc0ab7ad834
2026-06-04 18:31:45,"Bitcoin Up or Down - June 4, 2:30PM-2:35PM ET",0x51dcfba27586c391de127ab5a8e9baa4680d301a39f09db459e9b05f49102973,Up,41.00,12.19512,,,0xefbbf677536d6ba064f95ea608e218258787e57d90589573b4e42c5f553565d2
2026-06-04 18:31:45,"Bitcoin Up or Down - June 4, 2:30PM-2:35PM ET",0x51dcfba27586c391de127ab5a8e9baa4680d301a39f09db459e9b05f49102973,Down,60.00,3.333332,,,0xc5708a2a6beba80284882258d76cdbad9759cadfe16543c05a008c0872cdc007
2026-06-04 18:31:45,Will Trump acquire Greenland before 2027?,0xd595eb9b81885ff018738300c79047e3ec89e87294424f57a29a7fa9162bf116,No,93.60,6.79,,,0x670aca9f309815e4c7bb5d5283fa0c2443ff2e6ac8ca62fd8d3231dd87b5bf5a
2026-06-04 18:31:45,"Solana Up or Down - June 4, 2:30PM-2:35PM ET",0x4908916f4e744dc6dcdc604e790a5e2fa2a7c0174afa21cb1638dc2aaa665149,Up,37.00,5,,,0x714f0837fd7388ad0731c379fff5019898ef97188e891d36ccc95c8c15b313b8
2026-06-04 18:31:45,Will Andorra win on 2026-06-04?,0xab776168534d01a100f266e885dee0cd5ac1a9166edcda9aa89773da0a761b38,Yes,89.79,39.06,,,0xef37f5edd45d1588bac268c869c382fec6dc2528239c6e207a88b9f1f60cb815
2026-06-04 18:31:45,"Solana Up or Down - June 4, 2:30PM-2:35PM ET",0x4908916f4e744dc6dcdc604e790a5e2fa2a7c0174afa21cb1638dc2aaa665149,Up,36.00,10.77,,,0x478e46322a13852d2f8a08850ef7d0e2c8ce5d9747f8e586f05aa4c8536dd6b1
2026-06-04 18:31:45,Baltimore Orioles vs. Boston Red Sox,0x4a4406119113d717306b22b738cc6906b90b17266b4ffb348be36064766f4aca,Baltimore Orioles,94.00,10,,,0x8da3a06ac5cedfc0182851adf409cec75cb83972b821365d7ce2cb9afe4fab38
2026-06-04 18:31:45,"Bitcoin Up or Down - June 4, 2:30PM-2:35PM ET",0x51dcfba27586c391de127ab5a8e9baa4680d301a39f09db459e9b05f49102973,Down,60.00,13.016665,,,0x40f866a4bdc0f9ce9b6a423fe3fb90b46c4ee4d4c3627bbb19e820eee1f8b8ba
2026-06-04 18:31:45,"Ethereum Up or Down - June 4, 2:30PM-2:35PM ET",0x86ef98a9e5ca2ea5dc2e9053559b1221ff292d54ba6752bf6e3a5c5b5f426eef,Up,21.00,7.43,,,0x16a53800072c0c172d82bb103773a3f9e2b3772e4e2f90e82b041ca115d05d65
2026-06-04 18:31:45,"Will the price of Ethereum be above $1,800 on June 5?",0xe472b6690d60d0542eba238efde08fa6061b32882b482ed56e60c8b1a30f30c2,No,64.10,0.06,,,0xda3db67ff69a1671a6a1bd74e78a82c9043259d294c227cb3a6a5decfd8e476e
2026-06-04 18:31:45,"XRP Up or Down - June 4, 2:30PM-2:35PM ET",0xc5313621721be12687f36dc6855de28a6e4ff03d38c5e6a4b8d7dd0904b5ff2e,Down,68.00,1.96,,,0xad1f20b3df2579246a5f1722419b8ec5f67d52943cd3f9428869617a750d7549
2026-06-04 18:31:45,"Bitcoin Up or Down - June 4, 2:30PM-2:35PM ET",0x51dcfba27586c391de127ab5a8e9baa4680d301a39f09db459e9b05f49102973,Down,60.00,5,,,0xd592830ff00a07737795a3c3425915693fe72d4efa5b68e3aa89472c97bcc3dc
2026-06-04 18:31:45,"XRP Up or Down - June 4, 2:30PM-2:35PM ET",0xc5313621721be12687f36dc6855de28a6e4ff03d38c5e6a4b8d7dd0904b5ff2e,Down,69.00,5,,,0x0f77cf30a42a284f062d70c64c08e975e5e09913c298ce86b27b3e1aec78e6fc
2026-06-04 18:31:45,"Bitcoin Up or Down - June 4, 2:30PM-2:35PM ET",0x51dcfba27586c391de127ab5a8e9baa4680d301a39f09db459e9b05f49102973,Up,40.00,0.15,,,0x95403dfcce776576c12e3c45fa66d3af9503d1ff42df7be132095bb0f1687900
2026-06-04 18:31:45,"Ethereum Up or Down - June 4, 2:30PM-2:35PM ET",0x86ef98a9e5ca2ea5dc2e9053559b1221ff292d54ba6752bf6e3a5c5b5f426eef,Down,80.00,20.5,,,0x27e7baf922de506ce46645a01e35f9041a6de90b8ba68f6979df719ec01c4297
2026-06-04 18:31:45,"Solana Up or Down - June 4, 2:30PM-2:35PM ET",0x4908916f4e744dc6dcdc604e790a5e2fa2a7c0174afa21cb1638dc2aaa665149,Up,34.64,6.321427,,,0x9983a29807236275b6d8ba542efdf4b37410ffe3c37df2a34311933397909248
2026-06-04 18:31:45,Will Saudi Aramco be the largest company in the world by market cap on June 30?,0x36b97e8e982e7ffc316526077c0fb30aa97e9ddb32961596e114576a17719df2,No,99.90,2.252,,,0x1934c33c965fa61032ebfff1d0734ae06bdff32f3e90766bc3157c8549686e0c
2026-06-04 18:31:45,"Will the price of Ethereum be above $1,800 on June 5?",0xe472b6690d60d0542eba238efde08fa6061b32882b482ed56e60c8b1a30f30c2,No,64.60,146.996903,,,0x342c84b280ff27bbf07f4d8e58045c8f0c350d798e4ad7231c075f70569f0f6d
2026-06-04 18:31:45,Will the highest temperature in Toronto be 30°C or higher on June 4?,0x98a7b667b4f40b1584bb63a599bf49c145960e41417afb33a5423dc5665995b1,No,36.00,2.64,,,0x302530f604dc1a6bd127afadbea813edd0ed32a45ecfdaae6a41af44d7b5ce62
2026-06-04 18:31:45,"Solana Up or Down - June 4, 2:30PM-2:35PM ET",0x4908916f4e744dc6dcdc604e790a5e2fa2a7c0174afa21cb1638dc2aaa665149,Up,36.00,6.222221,,,0x81a1863c811bb1196415b141d47531c3157e37bb5a3d89895960d7d15e8e9c5f
2026-06-04 18:31:45,Will the highest temperature in Toronto be 29°C on June 4?,0xa9c914a31f284aff3fdf493fe669a1b6a9350fdf2b5a67fa7ecfd48f811cb756,Yes,38.00,2.631577,,,0x5a4cc1c08825b75cc4f92dd66a3843f0b5758d511957dd95cfa9566d67ca9006
2026-06-04 18:31:45,"Bitcoin Up or Down - June 4, 2:30PM-2:35PM ET",0x51dcfba27586c391de127ab5a8e9baa4680d301a39f09db459e9b05f49102973,Down,58.00,1.96,,,0x8239758bc77418ffb808230fe47bfbe3fae5942e1eba0eef29887650ebe12fb4
2026-06-04 18:31:45,"XRP Up or Down - June 4, 2:30PM-2:35PM ET",0xc5313621721be12687f36dc6855de28a6e4ff03d38c5e6a4b8d7dd0904b5ff2e,Up,32.00,4.84375,,,0x7a3bf98a0579c6628ac83b4243258b3d518824df69f19f1b6bb29076464aa086
2026-06-04 18:31:45,"Ethereum Up or Down - June 4, 2:30PM-2:35PM ET",0x86ef98a9e5ca2ea5dc2e9053559b1221ff292d54ba6752bf6e3a5c5b5f426eef,Up,22.00,40.94,,,0xa2ba1a7944257d5b30b1396c41ea98422ff1494be12f40fd9e3dcfc613e43b30
2026-06-04 18:31:45,Will Sweden vs. Greece end in a draw?,0x30e2d0da24ebb970cf6ce4245402b03745692cfd1721d57f7c9b957899634b9e,No,81.00,13.68,,,0x0525af3116fc688f23d4faf2f71fd7943cb647f799996e341c2d998223c864e7
2026-06-04 18:31:45,"XRP Up or Down - June 4, 2:30PM-2:35PM ET",0xc5313621721be12687f36dc6855de28a6e4ff03d38c5e6a4b8d7dd0904b5ff2e,Up,34.00,3,,,0x7b606b1f239435e22439987e4390e5f1b16f68818cf38e97cf0916aa46163c7f
2026-06-04 18:31:45,"Ethereum Up or Down - June 4, 2:30PM-2:35PM ET",0x86ef98a9e5ca2ea5dc2e9053559b1221ff292d54ba6752bf6e3a5c5b5f426eef,Up,22.00,10,,,0xb5894f36dea4a7cc628d07b0a2bf7e323849d40b79e4683688f39c999dd598b0
2026-06-04 18:31:45,Will the highest temperature in New York City be between 86-87°F on June 4?,0xe2787237e88e6ded1a7ad389b4340ca4bc17e4d16413be5e17e8805f30ea1329,Yes,44.71,30,,,0xc8d7d732430c26189349929b5f86aee70d7636aef0ecb6876c80e547e6a3ee0e
2026-06-04 18:31:45,Counter-Strike: AM Gaming vs ex-RUBY (BO3) - CCT Europe Series 3 Playoffs,0x551ed6ffd6643d2df6123e2f1887ff093d6454fc4d5d4af9c038637010312911,ex-RUBY,79.00,105,,,0xd1ad9baa050157dba2d158a806b70603145fcfa75e530d523fb4c2100027a4fc
2026-06-04 18:31:45,"Bitcoin Up or Down - June 4, 2:30PM-2:35PM ET",0x51dcfba27586c391de127ab5a8e9baa4680d301a39f09db459e9b05f49102973,Down,58.00,12.068964,,,0xfa87ad39d0c923d79c9084ade99264a50f114725b5fcec4fa5ca58ec6b46bc87
2026-06-04 18:31:45,"Dogecoin Up or Down - June 4, 2:30PM-2:35PM ET",0xe11d0e232c87a42d2bb686e713714f01f4729dc8a44bddb81af2390cc3d477ea,Down,59.00,5,,,0xbccf55a9eb5911c65b8e2e869a9ed39de5696126f2c623aaff4e9080a9825646
2026-06-04 18:31:45,"Bitcoin Up or Down - June 4, 2:30PM-2:45PM ET",0x061b207481cf9dc7bad7c8bd43dc5ab08279152de197ef0c762d58cebb490386,Up,44.00,4.63,,,0x2ea224c374686cd91884d4a05a45676c83d5573fe1ae2930ef4a98184f72e990
2026-06-04 18:31:45,Counter-Strike: AM Gaming vs ex-RUBY - Map 2 Winner,0xa52d29eeea17288a74e7130544ab81ed81122c60894dfb2b7893ae74c8f1a889,ex-RUBY,61.89,132,,,0xc8a740b8a29a097ad48ef9f44ae97c4785ba6c87d15e509a1d7d0c80e0f89750
2026-06-04 18:31:45,Will the price of XRP be above $1.20 on June 5?,0xdf2ec0b200a6168587685b975936720bdd05c682ceb425964575732f5b3f1e8a,No,72.30,0.7,,,0xc2f96a241f759f5df98f4491ebd33196e5a6571bbf1515f696148d06ffaa9c9f
2026-06-04 18:31:45,Cleveland Guardians vs. New York Yankees,0xfdbba7f905701ebf33b6c83d38d8d39a1c40c49ea0f36d86bf0571aed682f2c6,New York Yankees,54.00,37.037036,,,0x8b7f6085e9776fae0f03af9e0e516d6de9d7dc5ab16b8d61dcd085940391efe5
2026-06-04 18:31:45,"Bitcoin Up or Down - June 4, 2:30PM-2:35PM ET",0x51dcfba27586c391de127ab5a8e9baa4680d301a39f09db459e9b05f49102973,Up,41.00,21,,,0x6a36fecb613173c45e37284aefaa0c10d7b8dda566d13709828b43968f4d8b5b
2026-06-04 18:31:45,"Bitcoin Up or Down - June 4, 2:30PM-2:35PM ET",0x51dcfba27586c391de127ab5a8e9baa4680d301a39f09db459e9b05f49102973,Up,42.00,10,,,0x53f81ebeba5e64820a6f40cfbb95fc2d3784177a5ccfc22b1dc9011906a6d1af
2026-06-04 18:31:43,Will Mexico win on 2026-06-11?,0x4cd77d456c83e7d8c569a8fb8f6396c3f40154f657e6d970733e2b1b6a7110ff,Yes,70.00,7,,,0xf11905ed0e7c3790a4caf1522f0f1f112e2e4f6a8be1648ec9cc2d0bfdc0451c
2026-06-04 18:31:43,"Bitcoin Up or Down - June 4, 2:30PM-2:35PM ET",0x51dcfba27586c391de127ab5a8e9baa4680d301a39f09db459e9b05f49102973,Up,41.00,6.87,,,0x7cb24d0f7a2f34ec6cd2cda6962327389a0eec2835c5f808a2614c132827c24a
2026-06-04 18:31:43,"Ethereum Up or Down - June 4, 2:30PM-2:45PM ET",0x0eda108c856a95c6c7500d6d9f0c485369bf3b129f46fd2834abccaa800bd387,Up,29.00,6,,,0x4d3ab292b5a81b5ce7ac34d1e04efaafefd499a64b38af7339d4105a5ae6366b
2026-06-04 18:31:43,"Bitcoin Up or Down - June 4, 2:30PM-2:35PM ET",0x51dcfba27586c391de127ab5a8e9baa4680d301a39f09db459e9b05f49102973,Up,41.00,2,,,0xc28fbac10e772a3982323a9781d41ed8954de675c280e0db5ec01f0ea50d1360
2026-06-04 18:31:43,"Bitcoin Up or Down - June 4, 2:30PM-2:45PM ET",0x061b207481cf9dc7bad7c8bd43dc5ab08279152de197ef0c762d58cebb490386,Down,56.00,2,,,0x0ba71d4738839f40affce473fc949ea1d135fcff054ae01c46366bf53a1768bf
2026-06-04 18:31:43,"Ethereum Up or Down - June 4, 2:30PM-2:35PM ET",0x86ef98a9e5ca2ea5dc2e9053559b1221ff292d54ba6752bf6e3a5c5b5f426eef,Down,80.00,5,,,0xa8d5955b49576a31b023d1bdb03e5fc12ffbb24b890d62226ee732e31c31cc18
2026-06-04 18:31:43,"Will the price of Ethereum be above $1,700 on June 5?",0x63ea9c87b89201594aa61e0a283bb3c38b105381619c114d2f9c200dca2f0d53,Yes,87.30,146.288653,,,0x23f31cb9bcc955b7a28b3711c34d05de6eaf03451717cda72ed16b8e0a81c28e
2026-06-04 18:31:43,"Bitcoin Up or Down - June 4, 2:30PM-2:35PM ET",0x51dcfba27586c391de127ab5a8e9baa4680d301a39f09db459e9b05f49102973,Down,59.00,5.254236,,,0x43b39bc9e512b1527a10ab22743aa7dd66b457935ae0ba110d9a3ea911101503
2026-06-04 18:31:43,Will the price of XRP be above $1.20 on June 5?,0xdf2ec0b200a6168587685b975936720bdd05c682ceb425964575732f5b3f1e8a,No,72.80,2985.02,,,0x3d8089b4b88fe885a51a9339cf95241c623459a7e585d618b60b5e5253c11403
2026-06-04 18:31:43,"Bitcoin Up or Down - June 4, 2:30PM-2:45PM ET",0x061b207481cf9dc7bad7c8bd43dc5ab08279152de197ef0c762d58cebb490386,Down,57.00,2.035086,,,0xa9a3c5a447b2dc716fffc919f46e3d0bcc2c82edac9e0fff7ff0cf122b5171f7
2026-06-04 18:31:43,"Bitcoin Up or Down - June 4, 2:30PM-2:35PM ET",0x51dcfba27586c391de127ab5a8e9baa4680d301a39f09db459e9b05f49102973,Up,42.00,5.738094,,,0x7b40d378baac2f44abbeb2f09977d19fbafd7769bd335b7edafdc43d34f213da
2026-06-04 18:31:43,Cleveland Guardians vs. New York Yankees: O/U 5.5,0xb7ce80cd42f5cf0ba851002e984ad82bcdffc4f25793b5e3d59c99855d12a69c,Under,46.00,6.521738,,,0x78e7069a5c3f782ffc5e4ca09b0ce4f15dfc35ae57240c4ebf7ea8e38d1fa416
2026-06-04 18:31:43,"Bitcoin Up or Down - June 4, 2:30PM-2:35PM ET",0x51dcfba27586c391de127ab5a8e9baa4680d301a39f09db459e9b05f49102973,Up,42.00,3,,,0xa135b9ba282961bc08d3d8075b2f010c58a65d4a6139085ac20c9a6b5823aa04
2026-06-04 18:31:43,Counter-Strike: AM Gaming vs ex-RUBY - Map 2 Winner,0xa52d29eeea17288a74e7130544ab81ed81122c60894dfb2b7893ae74c8f1a889,ex-RUBY,55.28,40,,,0x73ee98bd8f2938a24102cd2ae5bd1ef8617eefd4fe74b28efe94115850fdfc6f
2026-06-04 18:31:43,Spread: Virtus Bologna (-4.5),0x2e4a34ee20ddd263014d3af1cd03ce05e59cb3478903d6840f966a26e955bffa,Reyer Venezia,97.00,1.0309,,,0xaa462e759f908e4d4830959b86f36330e24e8ad58582988b8c8600901c49f330
2026-06-04 18:31:43,"Bitcoin Up or Down - June 4, 2:30PM-2:35PM ET",0x51dcfba27586c391de127ab5a8e9baa4680d301a39f09db459e9b05f49102973,Up,40.00,4,,,0x846774becb943a35401b2e80b3f8d33bf89efc38fe43f4559c70cd2dcfa7235e
2026-06-04 18:31:43,Counter-Strike: AM Gaming vs ex-RUBY - Map 2 Winner,0xa52d29eeea17288a74e7130544ab81ed81122c60894dfb2b7893ae74c8f1a889,ex-RUBY,55.00,15,,,0xef7dbdea150d47e3f68ab974fccfe7c25c1a98e4ce45e333a05027528fb00cb8
2026-06-04 18:31:43,"Bitcoin Up or Down - June 4, 2:30PM-2:35PM ET",0x51dcfba27586c391de127ab5a8e9baa4680d301a39f09db459e9b05f49102973,Down,60.00,20,,,0x2285c6971607fa2168de9f937981386827bbd635b1d47809a5111ebbd7ddef31
2026-06-04 18:31:43,"Bitcoin Up or Down - June 4, 2:30PM-2:35PM ET",0x51dcfba27586c391de127ab5a8e9baa4680d301a39f09db459e9b05f49102973,Up,41.00,3,,,0x7d703d3e005ebc09ae3524bb30631a5f89a7cd5ff4369252215fd7cb9a89b9c6
2026-06-04 18:31:43,"Solana Up or Down - June 4, 2:30PM-2:35PM ET",0x4908916f4e744dc6dcdc604e790a5e2fa2a7c0174afa21cb1638dc2aaa665149,Down,66.00,2,,,0xbec1986e1eeeef25532938ff882d0112ea9334865c106413ae42c674b95459b0
2026-06-04 18:31:43,"Bitcoin Up or Down - June 4, 2:30PM-2:35PM ET",0x51dcfba27586c391de127ab5a8e9baa4680d301a39f09db459e9b05f49102973,Up,41.50,78,,,0xa7b4614fa30745a112847213a062276c0278c9e8cf2913cd245b9b6c8e068980
2026-06-04 18:31:43,"Bitcoin Up or Down - June 4, 2:30PM-2:35PM ET",0x51dcfba27586c391de127ab5a8e9baa4680d301a39f09db459e9b05f49102973,Down,59.00,9.87,,,0xe93723342c34fb70ad5073ae570d4f151fb1a7f81f7e0f4a697b78d64a6d783c
2026-06-04 18:31:43,"Bitcoin Up or Down - June 4, 2:30PM-2:35PM ET",0x51dcfba27586c391de127ab5a8e9baa4680d301a39f09db459e9b05f49102973,Down,59.00,25,,,0xa195212a2549efdebe82e052b2c20d288d0afe8ed8549d35eefe1990654143c1
2026-06-04 18:31:43,Will Sweden win on 2026-06-04?,0xdb2128a475e15e341d4ea0a5e5b86daea6d4141be9c6771564b320221c41c54b,No,21.00,142.85,,,0x0161b27be199f87d94952303559b2f02a71563cdfa377bfb4d657ef489abe981
2026-06-04 18:31:43,"Bitcoin Up or Down - June 4, 2PM ET",0x3abc093600d2793741018001059df76f55349e8d9e5737c23816bbb5a0f42225,Up,84.00,10,,,0xe1ceb20ee2af1b277ec4917985d07f84e9bb5ebeed686692d643211b72d14d66
2026-06-04 18:31:43,Counter-Strike: AM Gaming vs ex-RUBY (BO3) - CCT Europe Series 3 Playoffs,0x551ed6ffd6643d2df6123e2f1887ff093d6454fc4d5d4af9c038637010312911,ex-RUBY,79.00,125,,,0x8754b34bc3fc399196f3e4b35264422a817428a5baf76ee335a3a437acbc00d7
2026-06-04 18:31:43,Tyler: Braden Shick vs Masamichi Imamura,0xb17c9ec7f7fc3ba7393e3687295edca50c5f8b25173f3a1d48eb10b8f254729c,Braden Shick,56.00,9,,,0x3987168e769150a1cfd45a1b4e8f0658d53a845f2c86ed4b0c1586b1ebe678d8
2026-06-04 18:31:43,"Bitcoin Up or Down - June 4, 2:30PM-2:35PM ET",0x51dcfba27586c391de127ab5a8e9baa4680d301a39f09db459e9b05f49102973,Down,59.00,8,,,0x23f4d323374baf23b658d0b8cf08dbd9c99f6f6c758d131c0113e2bf8c978637
2026-06-04 18:31:43,Counter-Strike: Liquid vs Heroic (BO3) - IEM Cologne Major Stage 1,0x351383a1548b4900556493b770b0a95b6879cd94f1bf3995b66e96381b687ea2,Heroic,12.00,11.666665,,,0x15e1377d0a0077bb81644efa8e28d53fd9426bbc5cc4611fd9efafc660466547
2026-06-04 18:31:43,Counter-Strike: AM Gaming vs ex-RUBY (BO3) - CCT Europe Series 3 Playoffs,0x551ed6ffd6643d2df6123e2f1887ff093d6454fc4d5d4af9c038637010312911,ex-RUBY,79.00,20,,,0x4e7809a3130303651843f658bac43ff385e675b13feaa91c2c57fbcff7216a3f
2026-06-04 18:31:43,Counter-Strike: AM Gaming vs ex-RUBY - Map 2 Winner,0xa52d29eeea17288a74e7130544ab81ed81122c60894dfb2b7893ae74c8f1a889,ex-RUBY,56.74,13,,,0x4d13df2e271e3a10e276cb75bc13100ffbc55a5e102c4e2acb94aebe19f7672e
2026-06-04 18:31:43,"Ethereum Up or Down - June 4, 2PM ET",0x7fb12fa6f2ca8492badcdcc6214670dd3dfa8a7aba94a141b561dea6d933ea8e,Down,21.00,15.19,,,0xbffa1d8485000d2891911780b10910c8f24dcbe277087be2347fe1a1b1d6f52e
2026-06-04 18:31:43,Will Andorra vs. Liechtenstein end in a draw?,0x1cea1ffb7207241c8a1bffc6d67b6c86dd6a5d7e4cdcfac7636beff1d2e73a67,Yes,8.00,195,,,0x2e78d2ca31a808c89bb6b7e735ea057bc563d129208bd5c49814b9525c82cc8b
2026-06-04 18:31:43,Will Sweden win on 2026-06-04?,0xdb2128a475e15e341d4ea0a5e5b86daea6d4141be9c6771564b320221c41c54b,Yes,79.00,1.683543,,,0x8227f1980f13dc6f610798c5f634d3e367ee33b4d7d57bf04bd8b4fa888fc21d
2026-06-04 18:31:43,Counter-Strike: Liquid vs Heroic - Map 2 Winner,0xff5ee1b61898d96c561eafefb9da580a67f07848a33ab3257a53c32ae4634223,Heroic,21.00,46.571427,,,0xc66ab652d60ac03536f1a334a2c33c8e3a6a71408359903219f583cb47a126eb
2026-06-04 18:31:43,Will Andorra win on 2026-06-04?,0xab776168534d01a100f266e885dee0cd5ac1a9166edcda9aa89773da0a761b38,Yes,90.00,365.03,,,0xcc61ec962ccd241373d940c9f4f714bf3b89f6086a1da6a58b524ba1d44bfcea
2026-06-04 18:31:43,"Will the price of Ethereum be between $1,700 and $1,800 on June 5?",0xa9453e44d215c9f0f7a003bb302a3c6f9944eb81d80bfe433cf09cff9d4cc923,No,43.59,146.307338,,,0x20b79bafaf6718c01e37f96036a5d71ceebd089e4ebf321b643ba4f2bc1fa441
2026-06-04 18:31:43,Counter-Strike: Liquid vs Heroic - Map 2 Winner,0xff5ee1b61898d96c561eafefb9da580a67f07848a33ab3257a53c32ae4634223,Liquid,80.00,6,,,0x4d649cfc42cae8d40760bd833915c406541a73b78a6dcdb928adfeb1be91ab5b
2026-06-04 18:31:43,"Ethereum Up or Down - June 4, 2:30PM-2:35PM ET",0x86ef98a9e5ca2ea5dc2e9053559b1221ff292d54ba6752bf6e3a5c5b5f426eef,Down,80.00,2.05,,,0x2ff1f512ff171f72e540b3986dbe17cb2b05e8b261775c9e3b24f9bd1ae27f07
2026-06-04 18:31:43,"XRP Up or Down - June 4, 2:30PM-2:35PM ET",0xc5313621721be12687f36dc6855de28a6e4ff03d38c5e6a4b8d7dd0904b5ff2e,Up,32.00,13,,,0xb8e9c9d6b398f600dff81bbdcf764c6330fd12e336d8e150513173604505075b
2026-06-04 18:31:43,"Will the price of Ethereum be above $1,800 on June 5?",0xe472b6690d60d0542eba238efde08fa6061b32882b482ed56e60c8b1a30f30c2,No,64.60,146.284828,,,0x9a6500cc998dfa453546df9c45f15579df75c922a07b5fec26d91398c27ca750
2026-06-04 18:31:43,"Bitcoin Up or Down - June 4, 2:30PM-2:35PM ET",0x51dcfba27586c391de127ab5a8e9baa4680d301a39f09db459e9b05f49102973,Down,58.00,1,,,0xfd7f4ff109c6716ebf16c4709331c9728db6fab54d8f3355cf8d7957d5ccbe84
2026-06-04 18:31:43,"Solana Up or Down - June 4, 2:30PM-2:35PM ET",0x4908916f4e744dc6dcdc604e790a5e2fa2a7c0174afa21cb1638dc2aaa665149,Down,66.00,1.51,,,0xcfe5c57b3d8e41f200c5c31cadc495c964a9805b034bdc04a3bb399571bba970
2026-06-04 18:31:43,Will the price of XRP be less than $0.90 on June 5?,0x85f37ca34c093e8e19328c668546c7c2e47963794a40f842fccd13cfb92a15b1,No,99.80,19.8,,,0x7419350c44fdcf89f8ccec6d8bf25664589d4e8469e6d730e5fa526616948cfd
2026-06-04 18:31:43,Counter-Strike: AM Gaming vs ex-RUBY - Map 2 Winner,0xa52d29eeea17288a74e7130544ab81ed81122c60894dfb2b7893ae74c8f1a889,ex-RUBY,53.74,551.6,,,0x4d2f06e491e7e974750172095d42ccf2cfe1c22487f4fc9c9b5e9e77e4164815
2026-06-04 18:31:43,"UFC Fight Night: Joanderson Brito vs. Jordan Leavitt (Featherweight, Prelims)",0x2c12b9fc70649c8dc0f67824ddeef4d54edd86c3d098e651f54dd76b6222f3bc,Joanderson Brito,64.00,3.125,,,0x80c8e8b7661c45d667094f5483175637587a2480e80f29f47ca7178ecc548963
2026-06-04 18:31:43,Counter-Strike: AM Gaming vs ex-RUBY - Map 2 Winner,0xa52d29eeea17288a74e7130544ab81ed81122c60894dfb2b7893ae74c8f1a889,ex-RUBY,48.99,187,,,0x905bfc5f0f5b6021aa028b010b844d4c4ca4e22455fd9e9bfd12e09ad02513a9
2026-06-04 18:31:43,Will Sweden vs. Greece end in a draw?,0x30e2d0da24ebb970cf6ce4245402b03745692cfd1721d57f7c9b957899634b9e,Yes,17.00,68.96,,,0x9a6823de909bf21b79301a25c189626b745575a7e3fcc827a9d24de12c819e5e
2026-06-04 18:31:43,"Ethereum Up or Down - June 4, 2:30PM-2:35PM ET",0x86ef98a9e5ca2ea5dc2e9053559b1221ff292d54ba6752bf6e3a5c5b5f426eef,Up,20.00,1,,,0x81e880f99d216c79c100703d5e661ea199ecc514e042bbaad00beb29a413b3ce
2026-06-04 18:31:43,"Bitcoin Up or Down - June 4, 2PM ET",0x3abc093600d2793741018001059df76f55349e8d9e5737c23816bbb5a0f42225,Down,17.00,10,,,0x0688ec48fb3854738e3dabb96b5a9597662438442f353e24dac66df689f32a43
2026-06-04 18:31:43,"Bitcoin Up or Down - June 4, 2:30PM-2:35PM ET",0x51dcfba27586c391de127ab5a8e9baa4680d301a39f09db459e9b05f49102973,Down,60.00,80.6,,,0x184dd4d335912a6cb8d90e1e5d9cb4b4e06ec2871bd54540d54b045366468df9
2026-06-04 18:31:43,"Bitcoin Up or Down - June 4, 2:30PM-2:45PM ET",0x061b207481cf9dc7bad7c8bd43dc5ab08279152de197ef0c762d58cebb490386,Down,56.00,10,,,0xf7a931e69e10e50dcdab37978b10a696021844026350beb84809bf5a062f4a51
2026-06-04 18:31:43,"Bitcoin Up or Down - June 4, 2:30PM-2:35PM ET",0x51dcfba27586c391de127ab5a8e9baa4680d301a39f09db459e9b05f49102973,Down,60.00,5.166665,,,0x1ce9e1d1eaa4a248790bf5d2eb37cc5c77172a38faffad1e5ae0ebbd83f7cbbb
2026-06-04 18:31:43,Will Kristi Noem win the 2028 Republican presidential nomination?,0x5f1b1caf70eb994bfff2986727a05a3ac9f7ec8b0da4017f7732596d023e5a07,Yes,0.60,67,,,0x2b093b4f4cb29535ab5ec669df2f2f92fc2d2b7279a0a155cd1dd97e0eca87be
2026-06-04 18:31:43,"Solana Up or Down - June 4, 2:30PM-2:35PM ET",0x4908916f4e744dc6dcdc604e790a5e2fa2a7c0174afa21cb1638dc2aaa665149,Up,34.00,9.6,,,0x6b41325a871c8d4c1954912e6dfec97a13375fd3f5c8648fb23c9ff6ece4b8f5
2026-06-04 18:31:43,"Bitcoin Up or Down - June 4, 2:30PM-2:35PM ET",0x51dcfba27586c391de127ab5a8e9baa4680d301a39f09db459e9b05f49102973,Down,60.00,2.066665,,,0xb088734682d406eb064c5ef9c2f0e9dd489da3636debb305aee5cc54597622aa
2026-06-04 18:31:43,Will the highest temperature in Buenos Aires be 19°C on June 5?,0xf0a84f13432baddc25e20ee5c73f9b8f82396c40d270aaf240341a6a226ce9aa,No,64.00,1.5625,,,0x17410d148af8a12d65895565a5eb0d7122c95074ba6713dbc0d643a4f1545eb6
2026-06-04 18:31:43,"Bitcoin Up or Down - June 4, 2:30PM-2:35PM ET",0x51dcfba27586c391de127ab5a8e9baa4680d301a39f09db459e9b05f49102973,Down,60.00,50,,,0x674fad111fadf29e3c0951ea4fdb067b01c5c9477f76c813caeb0e93a4e9ee3b
2026-06-04 18:31:43,"Bitcoin Up or Down - June 4, 2:30PM-2:35PM ET",0x51dcfba27586c391de127ab5a8e9baa4680d301a39f09db459e9b05f49102973,Down,60.00,10.833332,,,0x7fdda4b1d866175ddb3b7c6f8aa4add3a565b5d1cb70421152a081166714d8d9
2026-06-04 18:31:43,"Bitcoin Up or Down - June 4, 2:30PM-2:45PM ET",0x061b207481cf9dc7bad7c8bd43dc5ab08279152de197ef0c762d58cebb490386,Up,43.00,1.85,,,0xb77b1e33af64f6af7bbf08af358051b81e21fa98afe3724ab7b14707c50e37e2
2026-06-04 18:31:43,"Will the price of Ethereum be above $1,700 on June 5?",0x63ea9c87b89201594aa61e0a283bb3c38b105381619c114d2f9c200dca2f0d53,Yes,87.40,146.990841,,,0x2dd1652eb008cc4df4915676e7903c430966eb463119e9b7e3c0b9f8f1d74fdd
2026-06-04 18:31:43,"Solana Up or Down - June 4, 2:30PM-2:35PM ET",0x4908916f4e744dc6dcdc604e790a5e2fa2a7c0174afa21cb1638dc2aaa665149,Up,35.00,7.92,,,0x751561e3fcb72ea7dffe436662cc7c6cadbdb0072291e7df86d2785d74cc9256
2026-06-04 18:31:43,"Bitcoin Up or Down - June 4, 2:30PM-2:35PM ET",0x51dcfba27586c391de127ab5a8e9baa4680d301a39f09db459e9b05f49102973,Up,40.00,6.03,,,0x633b35abde7f537573e1507e9cd9f3edb40e154ab15fce310edd6c44da9c2965
2026-06-04 18:31:43,"Bitcoin Up or Down - June 4, 2:30PM-2:35PM ET",0x51dcfba27586c391de127ab5a8e9baa4680d301a39f09db459e9b05f49102973,Up,40.00,4,,,0x19ceb09ef3f75aa2aa273265df4438a31098643522f7c954f131f4566dc9cac7
2026-06-04 18:31:43,"Bitcoin Up or Down - June 4, 2:30PM-2:35PM ET",0x51dcfba27586c391de127ab5a8e9baa4680d301a39f09db459e9b05f49102973,Down,60.00,5,,,0x376dac0cc578882339ebba11fe3cef05a8ddfd8c186745683f95487fcbdfc46c
2026-06-04 18:31:43,"Solana Up or Down - June 4, 2:30PM-2:35PM ET",0x4908916f4e744dc6dcdc604e790a5e2fa2a7c0174afa21cb1638dc2aaa665149,Up,34.00,5.147057,,,0xbc215553f6fe93b6c291e8f4c2eca0a40b9a2da1105d92800b137f16f3a10a3a
2026-06-04 18:31:43,"Bitcoin Up or Down - June 4, 2:30PM-2:35PM ET",0x51dcfba27586c391de127ab5a8e9baa4680d301a39f09db459e9b05f49102973,Up,40.00,0.11,,,0x4dd5bba035e876db689c08db921acfd4484180d5c73f18b690a52531c862d504
2026-06-04 18:31:43,"Bitcoin Up or Down - June 4, 2:30PM-2:35PM ET",0x51dcfba27586c391de127ab5a8e9baa4680d301a39f09db459e9b05f49102973,Down,60.00,8.3,,,0xc76d65ad4fc8aca859405375696f3e16a208ffa80b9378afd99c270d21ac09a1
2026-06-04 18:31:43,Will the price of XRP be above $0.90 on June 5?,0xf2c01ed3ba4ddb0f89934b08ad515504af74413449237cf43386742277e76ffe,Yes,99.50,19.8,,,0x78a59712698827737c80b9fd08a1e4e894380b4f1bfdeb9ff2d452897c011d40
2026-06-04 18:31:43,"Bitcoin Up or Down - June 4, 2:30PM-2:35PM ET",0x51dcfba27586c391de127ab5a8e9baa4680d301a39f09db459e9b05f49102973,Down,60.00,12.15,,,0x4e7b1a3ff110a8e8f04b94644c17113215748217f0178f1d5e792db7c3745739
2026-06-04 18:31:43,Will Australia win the 2026 FIFA World Cup?,0x098e2be3df8ab529940c567819f8ef007cf007820e9d627642a5bbfaa42af372,No,99.80,19.07,,,0x7ab963d6a710728b91b23f9ae2ab1acfb44fdaf66e08bfa714e33359ebe783a8
2026-06-04 18:31:43,Will Trump restart Project Freedom by June 30?,0xdfd4d487d004c266493bdf32551d7f018c7eb4b9325f42ac368dd5075eec36a9,No,81.00,3.629626,,,0xaac1035bd0f7c8ee8840c10c11d0a93f8d3b54ea7af384c577e71b3a8bf147fa
2026-06-04 18:31:43,Tyler: Braden Shick vs Masamichi Imamura,0xb17c9ec7f7fc3ba7393e3687295edca50c5f8b25173f3a1d48eb10b8f254729c,Braden Shick,56.00,6,,,0xbb2dff50ac62227908ee36316faa4b575baec54621b0c3367ef63e6d0de850be
2026-06-04 18:31:43,Counter-Strike: AM Gaming vs ex-RUBY - Map 2 Winner,0xa52d29eeea17288a74e7130544ab81ed81122c60894dfb2b7893ae74c8f1a889,ex-RUBY,55.00,56.2,,,0x9d4670847c0b98960cd2c10b870e6bed1660ec2b44d9e1eda4af3b7fe5f80cf5
2026-06-04 18:31:43,"Solana Up or Down - June 4, 2:30PM-2:35PM ET",0x4908916f4e744dc6dcdc604e790a5e2fa2a7c0174afa21cb1638dc2aaa665149,Up,35.00,5.42857,,,0x3085ac4abf06710aef4834c7bf6a58477997e86d5279acb38b06e4868a7a21e9
2026-06-04 18:31:42,"Will the price of Bitcoin be above $64,000 on June 5?",0x34ecf20e4baddd4062279778e96ce898d91a845dd1b60289aaaf05cdf7d64a38,No,50.60,0.1,,,0xbe38c3852ff1c10b715d1fe1dc1f39ba29688609c7a5b3221025f69d2b300bf0
2026-06-04 18:31:42,"Bitcoin Up or Down - June 4, 2:30PM-2:35PM ET",0x51dcfba27586c391de127ab5a8e9baa4680d301a39f09db459e9b05f49102973,Up,43.00,116.279068,,,0x109f8962c806b3c1233183a9624c5a0fa0c547b4d4227a766520cd94b8188b67
2026-06-04 18:31:42,"Ethereum Up or Down - June 4, 2:30PM-2:45PM ET",0x0eda108c856a95c6c7500d6d9f0c485369bf3b129f46fd2834abccaa800bd387,Down,71.00,5.07042,,,0x1f8754bb075f1566f6c037e12851e6df1969ad72bd0c25eaeaa707aab5c24ed2
2026-06-04 18:31:42,"Will the price of Ethereum be between $1,700 and $1,800 on June 5?",0xa9453e44d215c9f0f7a003bb302a3c6f9944eb81d80bfe433cf09cff9d4cc923,Yes,56.40,4.76,,,0x31aa24aee60e4027a403e25ecc8599a30ebc21736cd58461e8c4c12e94345a83
2026-06-04 18:31:42,"Bitcoin Up or Down - June 4, 2:30PM-2:35PM ET",0x51dcfba27586c391de127ab5a8e9baa4680d301a39f09db459e9b05f49102973,Down,58.00,8.5,,,0x80b5c729ad5ca49b946425ddeb982d5f186468fd4bb15121983612529a9115cb
2026-06-04 18:31:42,"Will the price of Ethereum be between $1,700 and $1,800 on June 5?",0xa9453e44d215c9f0f7a003bb302a3c6f9944eb81d80bfe433cf09cff9d4cc923,Yes,56.40,142.234041,,,0xf199cdcd1e10dcb9c32dc767d9ef1d359d48fdf1c3aec886844f14b7665bc2ef
2026-06-04 18:31:42,Counter-Strike: AM Gaming vs ex-RUBY (BO3) - CCT Europe Series 3 Playoffs,0x551ed6ffd6643d2df6123e2f1887ff093d6454fc4d5d4af9c038637010312911,ex-RUBY,78.00,8,,,0xff3cd2dda5d8098e5e1837bd59427146378816847cfe3a0c9885b31b64edec76
2026-06-04 18:31:42,"Bitcoin Up or Down - June 4, 2:30PM-2:35PM ET",0x51dcfba27586c391de127ab5a8e9baa4680d301a39f09db459e9b05f49102973,Up,43.00,30,,,0x376ff88356c717fde4014a7e14c895323fc8150aa0ce7bdd073b9efcb3acd88c
2026-06-04 18:31:42,Will Trump acquire Greenland before 2027?,0xd595eb9b81885ff018738300c79047e3ec89e87294424f57a29a7fa9162bf116,No,93.60,5.3,,,0xe3485bf4a4f95a51444541489188b2905df8c170dd83b45cedde8039b7304902
2026-06-04 18:31:42,"Ethereum Up or Down - June 4, 2:30PM-2:35PM ET",0x86ef98a9e5ca2ea5dc2e9053559b1221ff292d54ba6752bf6e3a5c5b5f426eef,Up,23.00,8.695651,,,0x6462f40b72214c7fb1e4a361920cb0012de19e4ae0b93fd622445885ee7fa2ce
2026-06-04 18:31:42,"Ethereum Up or Down - June 4, 2:30PM-2:35PM ET",0x86ef98a9e5ca2ea5dc2e9053559b1221ff292d54ba6752bf6e3a5c5b5f426eef,Down,78.00,2.076922,,,0x385b231f3ed15250d2e95e072b1411cfdd27c23734503e5f500e488f4e9d6745
2026-06-04 18:31:42,"Bitcoin Up or Down - June 4, 2:30PM-2:35PM ET",0x51dcfba27586c391de127ab5a8e9baa4680d301a39f09db459e9b05f49102973,Down,58.00,84,,,0x7a059986bd62b55fae1509d1b9164a776acec99c5456ce43674fd0f1e1091e82
2026-06-04 18:31:42,"Bitcoin Up or Down - June 4, 2:30PM-2:35PM ET",0x51dcfba27586c391de127ab5a8e9baa4680d301a39f09db459e9b05f49102973,Up,43.00,20,,,0x989f9ee0dfcb974848f21256d75f65f5bc55e44636b9df50764f97742bfeaba7
2026-06-04 18:31:42,"Will the price of Ethereum be between $1,700 and $1,800 on June 5?",0xa9453e44d215c9f0f7a003bb302a3c6f9944eb81d80bfe433cf09cff9d4cc923,No,43.70,9.5,,,0x44b4a2f1a87b482bc7c43cfa8177c4842916f64e26cc856134807d1a2caa3911
2026-06-04 18:31:42,"Bitcoin Up or Down - June 4, 2:30PM-2:35PM ET",0x51dcfba27586c391de127ab5a8e9baa4680d301a39f09db459e9b05f49102973,Down,57.00,4,,,0x0bb217e5eed9461c223f6c5d087a96913456ff37f98d57aed93436960e7c5307
2026-06-04 18:31:42,"Bitcoin Up or Down - June 4, 2:30PM-2:35PM ET",0x51dcfba27586c391de127ab5a8e9baa4680d301a39f09db459e9b05f49102973,Up,42.00,3.7,,,0xa4f044d36f7ae5d0815caa3640b7e067ae1b2b0d401d901d5b9ef565b97d104d
2026-06-04 18:31:42,Will Zelenskyy and Putin meet next in Turkey before 2027?,0x9af4aa93abfc53d756332ea0ddc4f65377bdd21ee7b979f0a5e5d4b4d3a164c4,Yes,6.50,11.85,,,0x530a2838d5bd62b1cb3d414174f71942b4c5576666c188b4ebf8d7b4688b66b7
2026-06-04 18:31:42,"Bitcoin Up or Down - June 4, 2:30PM-2:35PM ET",0x51dcfba27586c391de127ab5a8e9baa4680d301a39f09db459e9b05f49102973,Down,58.00,6,,,0xa45d53f121f1a7a757d75b32298de6f2f2cdc797d842520762a941e0fdbcbbee
2026-06-04 18:31:42,Counter-Strike: AM Gaming vs ex-RUBY (BO3) - CCT Europe Series 3 Playoffs,0x551ed6ffd6643d2df6123e2f1887ff093d6454fc4d5d4af9c038637010312911,ex-RUBY,77.00,5,,,0xb00620715de4d5d42225e2c7fef610f7e60ead62ec3999e14daccaca9a3e3b69
2026-06-04 18:31:42,Will Sweden win on 2026-06-04?,0xdb2128a475e15e341d4ea0a5e5b86daea6d4141be9c6771564b320221c41c54b,Yes,78.00,1176.47,,,0xd193adce3871d522affdd4b9ea3a41e613ef15433e4bfe497de519e18e2eb62a
2026-06-04 18:31:42,"Bitcoin Up or Down - June 4, 2:30PM-2:35PM ET",0x51dcfba27586c391de127ab5a8e9baa4680d301a39f09db459e9b05f49102973,Up,43.00,2.32558,,,0x408d5ff3736b162066b2e14b2c16b3696c578b3e791757c98a6802d3057b9786
2026-06-04 18:31:42,"Bitcoin Up or Down - June 4, 2:30PM-2:35PM ET",0x51dcfba27586c391de127ab5a8e9baa4680d301a39f09db459e9b05f49102973,Down,58.00,5.172411,,,0x6d3ae726076d416b7c66bc5b3c36875a665120d9d45da219f9e60ddaa466edbf
2026-06-04 18:31:42,Will NVIDIA be the largest company in the world by market cap on June 30?,0x79afea6a94f0b3dffb5e0886fa1dbd740d688029f7aba351dc46911bcb1b1f95,Yes,95.00,1.05262,,,0xc743c082c90bdcc917b849a56fcd153e8da2c54c7f2e34903198d6aba4743aff
2026-06-04 18:31:42,Counter-Strike: AM Gaming vs ex-RUBY (BO3) - CCT Europe Series 3 Playoffs,0x551ed6ffd6643d2df6123e2f1887ff093d6454fc4d5d4af9c038637010312911,AM Gaming,22.00,5,,,0x2ea7d4b2b2b5b68f03c8154e0a137b3682fbc5af87d0c28153a3cac1ba4551d7
2026-06-04 18:31:42,"Bitcoin Up or Down - June 4, 2:30PM-2:35PM ET",0x51dcfba27586c391de127ab5a8e9baa4680d301a39f09db459e9b05f49102973,Down,58.00,9.310342,,,0xe89063477b9396ab1c8d519f691e850d1883358a653cf80dedc0f5279acc2ca8
2026-06-04 18:31:42,"Ethereum Up or Down - June 4, 2:30PM-2:35PM ET",0x86ef98a9e5ca2ea5dc2e9053559b1221ff292d54ba6752bf6e3a5c5b5f426eef,Up,23.00,3,,,0x0609233f5f9fbc645e443f890826667c8f0de2f1efdf060cbf87e823ba63b814
2026-06-04 18:31:42,"Bitcoin Up or Down - June 4, 2:30PM-2:45PM ET",0x061b207481cf9dc7bad7c8bd43dc5ab08279152de197ef0c762d58cebb490386,Up,44.00,5,,,0x0854a03f976174a84ac804c74bb7a21a8dddf11594dee022cd6a517e7862838a
2026-06-04 18:31:42,"Ethereum Up or Down - June 4, 2:30PM-2:35PM ET",0x86ef98a9e5ca2ea5dc2e9053559b1221ff292d54ba6752bf6e3a5c5b5f426eef,Down,77.00,2.051947,,,0xdc4bbe5689cf28bc33f1dd4fbe49f7b00f9e17143ff9b53acb958bea9a391206
2026-06-04 18:31:42,"Solana Up or Down - June 4, 2PM ET",0xf65f1d6dc03ba796d75fb065a5da8bdf70cfe06d4b5e2fbe4499b63d6535c4c4,Down,22.00,7.84,,,0x62f8c4c5ea91f3e48bf94746a612a4fefa88fa4190d2abfb3c02abb850a84120
2026-06-04 18:31:42,"Will the price of Ethereum be above $1,800 on June 5?",0xe472b6690d60d0542eba238efde08fa6061b32882b482ed56e60c8b1a30f30c2,No,65.31,4746.17,,,0x86092822f46af503f2009a6ac569d4cc538d64b96c26d9f38feafc1359842d81
2026-06-04 18:31:42,Counter-Strike: AM Gaming vs ex-RUBY (BO3) - CCT Europe Series 3 Playoffs,0x551ed6ffd6643d2df6123e2f1887ff093d6454fc4d5d4af9c038637010312911,AM Gaming,23.00,8,,,0xf48ee4e3767f712e9cd91f8162c0428884ccf50af6868039f77340982f878e79
2026-06-04 18:31:42,Counter-Strike: M80 vs NRG - Map 2 Winner,0x57713f6aa15c35ce6185819f4b554fa3f3cac40a7617116f1098bef9afec829f,M80,32.00,12.5,,,0x5425e1d5841babb967928174af5f6658c0e0de164041cb6fa79998efb4a25a78
2026-06-04 18:31:42,"Will the price of Bitcoin be above $64,000 on June 5?",0x34ecf20e4baddd4062279778e96ce898d91a845dd1b60289aaaf05cdf7d64a38,No,50.60,0.07,,,0x8bf38d028727e2ca73f4a17e2474ebf9763a338fb4446168ab6de1eaa1a24ca2
2026-06-04 18:31:42,"Will the price of Bitcoin be between $64,000 and $66,000 on June 5?",0x1c6c6b22c9b50bd41d4ad92e6e43a18dea7cf3e97d95df611646191e2d6b83c6,Yes,36.90,5,,,0xc3b2fb36f88f578a652533fa64fa139a5ed4590a0ba6a113fcb9c1f1838fcb5a
2026-06-04 18:31:42,"Bitcoin Up or Down - June 4, 2:30PM-2:35PM ET",0x51dcfba27586c391de127ab5a8e9baa4680d301a39f09db459e9b05f49102973,Down,58.00,35,,,0x400374c389572f71332033c8e41099ba9800a4454833e566b3dfc328f08bec07
2026-06-04 18:31:42,"Solana Up or Down - June 4, 2:30PM-2:35PM ET",0x4908916f4e744dc6dcdc604e790a5e2fa2a7c0174afa21cb1638dc2aaa665149,Down,62.36,7.81,,,0x80ac6d8ffa25bc98f27dfe743bd22de9ca066b27ea07ec05e4755675a8be3758
2026-06-04 18:31:42,"Bitcoin Up or Down - June 4, 2:30PM-2:45PM ET",0x061b207481cf9dc7bad7c8bd43dc5ab08279152de197ef0c762d58cebb490386,Up,45.00,22.222221,,,0x4daa25ceca60819b2fdccda23211d8a0f4f20044eb839808a9d139a27406f1e8
2026-06-04 18:31:42,"Dogecoin Up or Down - June 4, 2:30PM-2:45PM ET",0xb632869fc3f29a043c588d5a588baad9779a51e8570012a4d1d30c01b7d486a5,Up,40.00,0.2,,,0x02870556d22ded3063e978eaa474fb983a4fbe2939f0ec17820969e16ae97068
2026-06-04 18:31:42,"Bitcoin Up or Down - June 4, 2:30PM-2:35PM ET",0x51dcfba27586c391de127ab5a8e9baa4680d301a39f09db459e9b05f49102973,Down,58.00,1.724135,,,0xa05331a916dc0b58f41487c0f8b618fcb1255f692ac1c8796f6c8e57c644c98c
2026-06-04 18:31:42,WTI Crude Oil (WTI) closes above $92 on June 4?,0x8d7570a3fcfbdb5ab9139e9619218279cd466c11a47c87de4edef6b1453df716,Yes,91.00,100,,,0x91aa3c3f34acdba42fe9a00293325476b6af1bf0ddaef9de47bff6b57500cdcb
2026-06-04 18:31:42,Will the highest temperature in San Francisco be between 64-65°F on June 4?,0x2590e4d7afdcd54b1a44ead2465f46ccd1c913918e36fe02271c41ee13a90635,Yes,0.10,0.02,,,0xd324d84526115046b1bdada7ffe551161ed36f476793d752e145e43ffb02446b
2026-06-04 18:31:42,"Bitcoin Up or Down - June 4, 2:30PM-2:35PM ET",0x51dcfba27586c391de127ab5a8e9baa4680d301a39f09db459e9b05f49102973,Down,58.00,3.448273,,,0x979710dda2d8acecd069d76a77f7cefe8c97b1ba5688239b1bf3afed731689d9
2026-06-04 18:31:42,Will the price of XRP be above $1.10 on June 5?,0x8eaedbeb969f9a791e4237a41e0ed8925b965550f976b4b5eb7241a42b08fbe1,No,1.40,19.8,,,0x7378cd445c01aaec2ae9dcce58ab387c3f5ba31a033612555ccafa699c9f33f2
2026-06-04 18:31:42,Will the price of XRP be between $1.00 and $1.10 on June 5?,0x396be83556fcde33a6ce6cc1ee755567ccc945f4e7eba45a87a56074a4f9c85f,No,98.60,19.8,,,0x993aa1c6d7aa4bd4e90a3a23c135389515a985eb769bc15c68f76098629b1e2b
2026-06-04 18:31:42,Counter-Strike: Liquid vs Heroic - Map 2 Winner,0xff5ee1b61898d96c561eafefb9da580a67f07848a33ab3257a53c32ae4634223,Liquid,80.00,6,,,0x8af646d318e4d81b074d6448630c8ea6703f2a0e2553eb6176356239d41a7c01
2026-06-04 18:31:42,Will the price of XRP be between $0.90 and $1.00 on June 5?,0x999da6ab953d23404feba57c52f11aee188d2c77caa86a0d1a4134ccc6febb11,No,99.80,19.8,,,0x210c793579ff466ccbec248960a81b0ab3fa3ec994f4ec2b9ce5c122224f537e
2026-06-04 18:31:42,Andorra vs. Liechtenstein: O/U 1.5,0x55e2210dc226d7f1c2e6454c0a7ff423e1652a17b89d0aa4bc6c9bd4aa9c2e87,Under,62.00,5,,,0x4c84166d3c8e965b987351eaaff090ed47ee14c3308f7361a7bbbc91fddf9964
2026-06-04 18:31:42,Will Sweden win on 2026-06-04?,0xdb2128a475e15e341d4ea0a5e5b86daea6d4141be9c6771564b320221c41c54b,Yes,78.00,32.25,,,0xb195160a13e637b4bdebe3cc49c868850098d099f8098b9b2f72798776d80134
2026-06-04 18:31:42,Will Andorra vs. Liechtenstein end in a draw?,0x1cea1ffb7207241c8a1bffc6d67b6c86dd6a5d7e4cdcfac7636beff1d2e73a67,Yes,9.00,122,,,0x2b82384c98a5ea9a47d99f79d76bbeb3d788f9e66a9af15120d554a77430d6ec
2026-06-04 18:31:42,"Bitcoin Up or Down - June 4, 2:30PM-2:35PM ET",0x51dcfba27586c391de127ab5a8e9baa4680d301a39f09db459e9b05f49102973,Up,43.00,5.860464,,,0x95e6aa8850387a7cbedbb2134f65d8d7eaa07ee53066d279c6b260048aaa9d16
2026-06-04 18:31:42,"Will the price of Ethereum be above $1,800 on June 5?",0xe472b6690d60d0542eba238efde08fa6061b32882b482ed56e60c8b1a30f30c2,No,63.90,2.01,,,0xe5d447857ebfec16f3bc4ae58309ed1d46b35d01879206fbd2df4a4a97291953
2026-06-04 18:31:42,"Bitcoin Up or Down - June 4, 2:30PM-2:35PM ET",0x51dcfba27586c391de127ab5a8e9baa4680d301a39f09db459e9b05f49102973,Down,58.00,8.620688,,,0x8bfbee0b3b11a9590a5dd9bd5fd0c89fab0fcfb36d60a8d99016e11323d35e01
2026-06-04 18:31:42,"Solana Up or Down - June 4, 2:30PM-2:35PM ET",0x4908916f4e744dc6dcdc604e790a5e2fa2a7c0174afa21cb1638dc2aaa665149,Down,62.00,2,,,0x9c6904da855d79bea8c6935265871e643a87d2cd8119fb8349ae1c3bc64c5d1d
2026-06-04 18:31:42,"Will the price of Bitcoin be above $64,000 on June 5?",0x34ecf20e4baddd4062279778e96ce898d91a845dd1b60289aaaf05cdf7d64a38,No,51.51,40,,,0x49c696411c6d7fbbeb16d71bd4d7f96f13bce64d6206557080d38f202ccc939f
2026-06-04 18:31:42,"Bitcoin Up or Down - June 4, 2:30PM-2:35PM ET",0x51dcfba27586c391de127ab5a8e9baa4680d301a39f09db459e9b05f49102973,Down,58.00,3.448273,,,0x43da006c5b339d6bdea9d1344d982d87ebefa10082323bc37151cd520afee0d4
2026-06-04 18:31:42,"Will the price of Ethereum be above $1,700 on June 5?",0x63ea9c87b89201594aa61e0a283bb3c38b105381619c114d2f9c200dca2f0d53,Yes,87.30,9.5,,,0x9b34a74c94e90be4316f79617de1c54717ed144a8952981cfcde30e96e5ba4d3
2026-06-04 18:31:42,"Bitcoin Up or Down - June 4, 2:30PM-2:35PM ET",0x51dcfba27586c391de127ab5a8e9baa4680d301a39f09db459e9b05f49102973,Up,42.00,10,,,0x0f8292c6eaafda13a87413f762ede38f5920731c5bf2204d48e70f3c473f152a
2026-06-04 18:31:42,"Bitcoin Up or Down - June 4, 2:30PM-2:35PM ET",0x51dcfba27586c391de127ab5a8e9baa4680d301a39f09db459e9b05f49102973,Down,58.00,2,,,0x10f3731bc8de40222d3954b07865377461d6ca521e23bc015abe5c9230cc8d0a
2026-06-04 18:31:40,"Bitcoin Up or Down - June 4, 2:30PM-2:35PM ET",0x51dcfba27586c391de127ab5a8e9baa4680d301a39f09db459e9b05f49102973,Down,57.00,15.8,,,0xc0944cebc934851f7874b2e5b5cc35921e4b7925b14083419d1dc5b70dd5cb57
2026-06-04 18:31:40,"Ethereum Up or Down - June 4, 2:30PM-2:35PM ET",0x86ef98a9e5ca2ea5dc2e9053559b1221ff292d54ba6752bf6e3a5c5b5f426eef,Down,77.00,6,,,0xf5b5e3a4dfa6958b7d34ed2e1a50944fdec12b4fc42daa877b17eaeddd200501
2026-06-04 18:31:40,"Bitcoin Up or Down - June 4, 2:30PM-2:35PM ET",0x51dcfba27586c391de127ab5a8e9baa4680d301a39f09db459e9b05f49102973,Up,44.00,3,,,0xcd68cb3d5c887513a37296d8a4e86bd36297d395614df0e3f5b8a24d129686ee
2026-06-04 18:31:40,"Bitcoin Up or Down - June 4, 2:30PM-2:35PM ET",0x51dcfba27586c391de127ab5a8e9baa4680d301a39f09db459e9b05f49102973,Down,55.28,25,,,0x40a4ae14940def9b12e33e26161173d858f0c73c5125f166caa1e07bb1f8e986
2026-06-04 18:31:40,"Bitcoin Up or Down - June 4, 2:30PM-2:45PM ET",0x061b207481cf9dc7bad7c8bd43dc5ab08279152de197ef0c762d58cebb490386,Up,47.00,100,,,0x52b8b564f997e90d2e5e4a7ae1a2ca13fc1d5cfabe5efa64979c238547e77409
2026-06-04 18:31:40,"Dogecoin Up or Down - June 4, 2:30PM-2:45PM ET",0xb632869fc3f29a043c588d5a588baad9779a51e8570012a4d1d30c01b7d486a5,Up,60.00,1.666665,,,0x6588fb510cc5607f90b851bd448f75825bb6724bb5a6c6183b780f9f7c2a6144
2026-06-04 18:31:40,Counter-Strike: Liquid vs Heroic - Map 2 Winner,0xff5ee1b61898d96c561eafefb9da580a67f07848a33ab3257a53c32ae4634223,Heroic,19.00,35,,,0xce1bd7814a510cccd1afccb8359268f0c8f958edb4899815c706383d068ecf47
2026-06-04 18:31:40,Counter-Strike: M80 vs NRG - Map 2 Winner,0x57713f6aa15c35ce6185819f4b554fa3f3cac40a7617116f1098bef9afec829f,M80,32.00,9.375,,,0x9db5cd186cbd68c0530900c719c54a86aecd1ea26086f583ad42b94c9d3be60d
2026-06-04 18:31:40,Will the highest temperature in Wuhan be 36°C on June 5?,0xfda0a41538cac28a9beb3b94cbfcafe5783cef354fa6f9fe2ef1b74c383b5ddc,Yes,8.38,35.786515,,,0x499f7874c5b9d14d56aeb36281dd62cfaa5efafeb2bd062224d95d44eaf559ad
2026-06-04 18:31:40,Will the highest temperature in Wuhan be 36°C on June 5?,0xfda0a41538cac28a9beb3b94cbfcafe5783cef354fa6f9fe2ef1b74c383b5ddc,Yes,8.90,23.707864,,,0xf299414e923929be46e036b9f1a83a85b25211e62959873edbf9197d9f05cfba
2026-06-04 18:31:40,"XRP Up or Down - June 4, 2:30PM-2:35PM ET",0xc5313621721be12687f36dc6855de28a6e4ff03d38c5e6a4b8d7dd0904b5ff2e,Up,38.00,13,,,0x72cd1c1616ae2d0e3f448f1231ff086dcf9563d6a51c09d5d8bb2c1dff722940
2026-06-04 18:31:40,Will the highest temperature in Wuhan be 36°C on June 5?,0xfda0a41538cac28a9beb3b94cbfcafe5783cef354fa6f9fe2ef1b74c383b5ddc,No,98.71,21.872416,,,0x36aafe791ebf9e5e7f7a9b089f3f17b150e98df378d82aa720368754b0b61e9c
2026-06-04 18:31:40,"Will the price of Bitcoin be above $64,000 on June 5?",0x34ecf20e4baddd4062279778e96ce898d91a845dd1b60289aaaf05cdf7d64a38,No,50.00,0.03,,,0xe728a1e30f7530125bba96865750b254b439a1324549b920d5d9fff0f37bfe1e
2026-06-04 18:31:40,"Hyperliquid Up or Down - June 4, 2:30PM-2:45PM ET",0x63d1ff10a069c48db2396d3ffbfaeb73a2535c18ca51b09467df868047856c58,Up,61.00,1.639343,,,0x8633266916e8d8703bb04b3a3181ab20449d8c3f4c310a358d170abfb62e4534
2026-06-04 18:31:40,Will Andorra vs. Liechtenstein end in a draw?,0x1cea1ffb7207241c8a1bffc6d67b6c86dd6a5d7e4cdcfac7636beff1d2e73a67,Yes,9.00,623,,,0xcf16724b30fe02f4bd8a9c1f67c229cc1d2553fdbca42cb82b25705c60e1240a
2026-06-04 18:31:40,"Ethereum Up or Down - June 4, 2:30PM-2:35PM ET",0x86ef98a9e5ca2ea5dc2e9053559b1221ff292d54ba6752bf6e3a5c5b5f426eef,Up,26.00,17,,,0x98f7ee612be1f96755ef1e233a24ceef58304d0a041b07e01d96b41231503600
2026-06-04 18:31:40,"BNB Up or Down - June 4, 2:30PM-2:45PM ET",0x3fa1ab22b6978ef1890fbc89588f652dd2c9eb6761f72f2f4ab12694f973eaac,Up,55.00,5.01,,,0xcbc178d76c517674c3495269e7c034739a101f52b22a168a5f0060de9fae0aa3
2026-06-04 18:31:40,"Bitcoin Up or Down - June 4, 2:30PM-2:35PM ET",0x51dcfba27586c391de127ab5a8e9baa4680d301a39f09db459e9b05f49102973,Down,53.00,4.150942,,,0x19d7b87914bb9ecb6bb230ec18c52d157153db4ab86c4c75b92455128a7a166f
2026-06-04 18:31:40,Will the highest temperature in Houston be between 86-87°F on June 4?,0x04da45856a1170de4783c6753edb7ac6683a9d0b356b6f38ea3a11fe0741c89e,No,97.00,7.216466,,,0x46d96de8d6d12c25597964b6798d9820899c1200f05d3301784001baaade17a6
2026-06-04 18:31:40,"XRP Up or Down - June 4, 2:30PM-2:35PM ET",0xc5313621721be12687f36dc6855de28a6e4ff03d38c5e6a4b8d7dd0904b5ff2e,Up,38.00,5.842104,,,0xb80dc8e92bbac801278e00a54b8f2e2817f8db65d8cdea2b1334aa87a0be7d60
2026-06-04 18:31:40,"Will the price of Bitcoin be above $64,000 on June 5?",0x34ecf20e4baddd4062279778e96ce898d91a845dd1b60289aaaf05cdf7d64a38,Yes,49.20,278,,,0x1639717a2ede377caca49abc140a52ab71e74cf903a0525a1028e42290b332a2
2026-06-04 18:31:40,"Bitcoin Up or Down - June 4, 2:30PM-2:35PM ET",0x51dcfba27586c391de127ab5a8e9baa4680d301a39f09db459e9b05f49102973,Up,48.00,104.166665,,,0x6402226bd507b7c00483dfe533a801da78a3ed5fb0a9323ba2455fcb251162f5
2026-06-04 18:31:40,"Bitcoin Up or Down - June 4, 2:30PM-2:45PM ET",0x061b207481cf9dc7bad7c8bd43dc5ab08279152de197ef0c762d58cebb490386,Down,54.00,2.074073,,,0xcba40f832c58789fb87e71cf756d0f3b86b7086936503e9d83027ddd20d141c2
2026-06-04 18:31:40,Will the highest temperature in Wuhan be 35°C on June 5?,0x1fed89de5af41fc1bc638cf751b4b4c1ee84cb2ff437eba2812788e0e5a72979,No,90.00,5,,,0x3a5bb627790c38292ffaefae27e5d40e537ff2893a3bbbaebaadf89e028347d4
2026-06-04 18:31:40,Will the highest temperature in Wuhan be 36°C on June 5?,0xfda0a41538cac28a9beb3b94cbfcafe5783cef354fa6f9fe2ef1b74c383b5ddc,Yes,7.99,52.816066,,,0x8c97148e277fee9c77052080877d081e1fb219ef70be463bc866044e9bcbf6cf
2026-06-04 18:31:40,Will the highest temperature in Wuhan be 31°C on June 5?,0x6cb1cd5768395d4a09cf0e41f48cb0b358714fabeaa1cff2e93b35c46635268d,No,97.36,5,,,0x21f0b3fad7f53c0952e242bcc71f759b96c281f1378858803ce209df0d37b255
2026-06-04 18:31:40,"Will the price of Bitcoin be above $64,000 on June 5?",0x34ecf20e4baddd4062279778e96ce898d91a845dd1b60289aaaf05cdf7d64a38,No,50.10,0.12,,,0xc12b4286eadfa130651dc3212e68aec3c130ce9d3315f7732f2318e62829d307
2026-06-04 18:31:40,"Ethereum Up or Down - June 4, 2:30PM-2:35PM ET",0x86ef98a9e5ca2ea5dc2e9053559b1221ff292d54ba6752bf6e3a5c5b5f426eef,Up,26.00,17,,,0x1984b13938154ac1cfa1c2e1ba36d5f94396b6a29f06f8c5ffc811acd957fab2
2026-06-04 18:31:40,Will the highest temperature in Wuhan be 34°C on June 5?,0x8bb3269d34b768d7ecfb6e9f72359f08cf4529dae776d83a2126ecfdee259f55,No,68.00,5,,,0x3b067d79ab7bb88e5b308e842a3b7fb17fa5130a6c25e4fffd1fc47c31ab928a
2026-06-04 18:31:40,"Bitcoin Up or Down - June 4, 2:30PM-2:35PM ET",0x51dcfba27586c391de127ab5a8e9baa4680d301a39f09db459e9b05f49102973,Down,53.00,35,,,0xd72fac1a9c9e50fcba7f8fea05d42f381c90635a47258f14fa0191469ecfe94c
2026-06-04 18:31:40,Will the highest temperature in New York City be between 86-87°F on June 4?,0xe2787237e88e6ded1a7ad389b4340ca4bc17e4d16413be5e17e8805f30ea1329,Yes,42.68,58.49,,,0x7ba266d29a5f55322864c9dd862be0be4b56714b5939414568dd51ff504f8fcb
2026-06-04 18:31:40,Will the highest temperature in Wuhan be 36°C on June 5?,0xfda0a41538cac28a9beb3b94cbfcafe5783cef354fa6f9fe2ef1b74c383b5ddc,Yes,2.98,148.22,,,0x11b6548a71722cd2ec157967d770e1ff5ba393c4e8efe4f0c2a31196e5dfaaab
2026-06-04 18:31:40,"Bitcoin Up or Down - June 4, 2PM ET",0x3abc093600d2793741018001059df76f55349e8d9e5737c23816bbb5a0f42225,Down,16.00,10,,,0xdcf18a37fe7316f8694b382ab68577d13ad9bd5eb4539696cf644a945fc8b081
2026-06-04 18:31:40,"Bitcoin Up or Down - June 4, 2:30PM-2:35PM ET",0x51dcfba27586c391de127ab5a8e9baa4680d301a39f09db459e9b05f49102973,Up,43.00,3,,,0x606e97f7b19d72121e22168c62f4b4f57e0dce80644a701a2e01cfee116501bb
2026-06-04 18:31:40,"Bitcoin Up or Down - June 4, 2:30PM-2:35PM ET",0x51dcfba27586c391de127ab5a8e9baa4680d301a39f09db459e9b05f49102973,Down,58.00,1.89655,,,0x54465644f1cbc182085751f63ef748397cccf4df6f1541c62f5bf80961c3ac45
2026-06-04 18:31:40,"Ethereum Up or Down - June 4, 2:30PM-2:35PM ET",0x86ef98a9e5ca2ea5dc2e9053559b1221ff292d54ba6752bf6e3a5c5b5f426eef,Down,76.00,1,,,0xfd49f361a7f97ee2cc3aa5b88760e9e2cd653a490990ede38f946d3e43a83b73
2026-06-04 18:31:40,"Bitcoin Up or Down - June 4, 2:30PM-2:35PM ET",0x51dcfba27586c391de127ab5a8e9baa4680d301a39f09db459e9b05f49102973,Up,43.00,5.581394,,,0x0be5a6753449c4a5a3a1e35ea886bb23c1910bfcad46529fcca3a3ce22b412d9
2026-06-04 18:31:40,Cleveland Guardians vs. New York Yankees,0xfdbba7f905701ebf33b6c83d38d8d39a1c40c49ea0f36d86bf0571aed682f2c6,Cleveland Guardians,46.00,5,,,0x930fbdc5d62cd2fd5f3c9634a743f23d4f11464250d298f321a64b267d79c279
2026-06-04 18:31:40,"Bitcoin Up or Down - June 4, 2:30PM-2:35PM ET",0x51dcfba27586c391de127ab5a8e9baa4680d301a39f09db459e9b05f49102973,Down,58.00,5,,,0x5e1c50d98f52534f7d25c72de826bb9439ebdf625bc504a3879427ac250adb5e
2026-06-04 18:31:40,"Will the price of Bitcoin be above $60,000 on June 5?",0x007c4167457c4191e8f5b73be321ae1fddc1fe11c9b1b554f8e4bbccc8f169e8,No,2.60,43.846152,,,0xc25b4d87b7acfc22b0c078341c05480475c4b44054aad11619f27bec02fe418d
2026-06-04 18:31:40,"Will the price of Bitcoin be between $64,000 and $66,000 on June 5?",0x1c6c6b22c9b50bd41d4ad92e6e43a18dea7cf3e97d95df611646191e2d6b83c6,Yes,36.90,3,,,0xdd40ee7cf1608afc6ad59f6079456a28c7def3b6b40c04cae3ba2568127efe5e
2026-06-04 18:31:40,"Ethereum Up or Down - June 4, 2:30PM-2:35PM ET",0x86ef98a9e5ca2ea5dc2e9053559b1221ff292d54ba6752bf6e3a5c5b5f426eef,Down,76.00,10,,,0x403b2a3fdb778d39708409830b355b45bc942bfcff3776cf8b602a6add2afa2d
2026-06-04 18:31:40,"Bitcoin Up or Down - June 4, 2:30PM-2:35PM ET",0x51dcfba27586c391de127ab5a8e9baa4680d301a39f09db459e9b05f49102973,Down,58.00,20,,,0x152b9b7a1ad1b829555908098582e388456e22920dd46e36ce0d8827167968b9
2026-06-04 18:31:40,Will Spain win on 2026-06-04?,0x3ba76e968cee1824d5fc64631662fd7176618a2767f5feec0b70be6d0575082b,Yes,93.00,36.903214,,,0x730578aa9a6d20b258720c8cf0e49e9260f941bce0c457851be4ca23812f000e
2026-06-04 18:31:40,"Bitcoin Up or Down - June 4, 2:30PM-2:45PM ET",0x061b207481cf9dc7bad7c8bd43dc5ab08279152de197ef0c762d58cebb490386,Down,56.00,2.035713,,,0x190bda75498f61a92973d0ccd7bc2caf08095c7450c5ab010a2bc819462506d1
2026-06-04 18:31:40,"Bitcoin Up or Down - June 4, 2:30PM-2:35PM ET",0x51dcfba27586c391de127ab5a8e9baa4680d301a39f09db459e9b05f49102973,Down,58.00,25,,,0x8632f6c033a7121d99ef6f34bb32e63845b95b0f46c5c95bba7db08224058a38
2026-06-04 18:31:40,"Bitcoin Up or Down - June 4, 2:30PM-2:35PM ET",0x51dcfba27586c391de127ab5a8e9baa4680d301a39f09db459e9b05f49102973,Down,58.00,12.224135,,,0xb0193d9d52e69f8dc6ca3fb3b86b1be94b970c2049a6833f4322847028e94ae7
2026-06-04 18:31:40,"Bitcoin Up or Down - June 4, 2:30PM-2:35PM ET",0x51dcfba27586c391de127ab5a8e9baa4680d301a39f09db459e9b05f49102973,Down,58.00,4.310342,,,0xcbd1928f566ff1385044c29bb74d44aebfde6aecac8bdc2c14222d87c25f34ed
2026-06-04 18:31:40,"Bitcoin Up or Down - June 4, 2:30PM-2:35PM ET",0x51dcfba27586c391de127ab5a8e9baa4680d301a39f09db459e9b05f49102973,Down,58.00,3.448273,,,0x85cb52ac50ef537979f6a15f1930d124fd6e50474749b63d2fb82ab7958f3b14
2026-06-04 18:31:40,Will Praggnanandhaa Rameshbabu win Norway Chess 2026?,0xeaedebbb5dbf7023078ade9bcddf30252b30fc02c3968a52f01f68258b8b6ffc,No,53.97,100,,,0xa8f361f240d6175875635abd7534b528d3307dd37f484d4791bc920fbea55b62
2026-06-04 18:31:40,Bitcoin Up or Down on June 5?,0xe5841b2972dc200d23ede725279fabe137837f305d2912991cf3735a105c1001,Down,48.00,23,,,0xabb7e8f32697b516e2192efab2ba7863e0985a8bd29b612e8f65d18024b559bf
2026-06-04 18:31:40,"Bitcoin Up or Down - June 4, 2:30PM-2:35PM ET",0x51dcfba27586c391de127ab5a8e9baa4680d301a39f09db459e9b05f49102973,Down,58.00,10,,,0x39b56bfb3f01a7b6796b869889868ed481abb156bbb5305dca614ff5c80bbd5a
2026-06-04 18:31:40,"Bitcoin Up or Down - June 4, 2:30PM-2:35PM ET",0x51dcfba27586c391de127ab5a8e9baa4680d301a39f09db459e9b05f49102973,Down,58.00,10,,,0xff607d515c92e1c4b2fd4bbddddcd264ed0b66577d85efa2ec3da382d0e99908
2026-06-04 18:31:40,Will the highest temperature in Wuhan be 32°C on June 5?,0xd39c3081ba6d7beb7ad8beaba32562e0cf25c3e9d86008be0d1d23f7c95d487e,No,86.00,5,,,0x9be813a675b66d5d76cfe9b4dd5816c47a0852d646a4ad45c73426289a78d2d9
2026-06-04 18:31:40,Will Trump praise Delcy Rodriguez by June 30?,0x2e627b039e20420b37405299bcc5fcf1609380ac8479ba067196069d754dc651,No,66.00,2.01515,,,0x9efc9bed174a4e1c472cf4e6737b87cb6a31428f056d53e5697e8c1c03ec9b75
2026-06-04 18:31:40,"Bitcoin Up or Down - June 4, 2:30PM-2:35PM ET",0x51dcfba27586c391de127ab5a8e9baa4680d301a39f09db459e9b05f49102973,Down,58.00,1.724135,,,0x76c06a7452fbb85f5b5f8d6e2dd9f4e0a1b44b4a0ead39917c10fecb867360e1
2026-06-04 18:31:40,"Bitcoin Up or Down - June 4, 2:30PM-2:35PM ET",0x51dcfba27586c391de127ab5a8e9baa4680d301a39f09db459e9b05f49102973,Down,58.00,6,,,0xf1cde0b01e3a82668507458a6f53f6e37bfa5fe182080d923a95b264becf5bd6
2026-06-04 18:31:40,"Bitcoin Up or Down - June 4, 2:30PM-2:35PM ET",0x51dcfba27586c391de127ab5a8e9baa4680d301a39f09db459e9b05f49102973,Down,58.00,5,,,0x21138466be2177eca2635acffc267be2835667c1e9b02057e7fdd7820bc2ba24
2026-06-04 18:31:40,"Ethereum Up or Down - June 4, 2:30PM-2:35PM ET",0x86ef98a9e5ca2ea5dc2e9053559b1221ff292d54ba6752bf6e3a5c5b5f426eef,Up,22.08,3,,,0x761aa84fa6a508da68661e7bfbaefebde9f6190ba417df9bad8ab756f620717b
2026-06-04 18:31:40,"Bitcoin Up or Down - June 4, 2:30PM-2:35PM ET",0x51dcfba27586c391de127ab5a8e9baa4680d301a39f09db459e9b05f49102973,Down,58.00,5,,,0x55d79796cda57912b5519652e7adf5a77470b5976533779dd1e0399851381984
2026-06-04 18:31:40,"Bitcoin Up or Down - June 4, 2:30PM-2:35PM ET",0x51dcfba27586c391de127ab5a8e9baa4680d301a39f09db459e9b05f49102973,Down,58.00,5,,,0x04a8079afb6e4569b8cd427374a3263eeae7593b15bbe300d2dcd4562e497d80
2026-06-04 18:31:40,Counter-Strike: M80 vs NRG (BO3) - IEM Cologne Major Stage 1,0xca57b20c69fc5219ae2e4c2d747689ebdcea7702558b86d99d25ae958908262f,M80,68.00,7.35294,,,0x4eb38cc06996005a2c7a1fa4222184e80edaec148938965d48a603d0d56cfa36
2026-06-04 18:31:40,"Bitcoin Up or Down - June 4, 2:30PM-2:35PM ET",0x51dcfba27586c391de127ab5a8e9baa4680d301a39f09db459e9b05f49102973,Down,58.00,5,,,0x8c447b5404a5629f8e4aace34d6cc261c8bfaf913a04076f03a6f2e7a7f4be30
2026-06-04 18:31:40,"Bitcoin Up or Down - June 4, 2:30PM-2:35PM ET",0x51dcfba27586c391de127ab5a8e9baa4680d301a39f09db459e9b05f49102973,Down,58.00,5,,,0xc2eb8c810a92fd5b513e48d4b18a0ae06bd627e28238d7042fc6c65ebfcf6c4e
2026-06-04 18:31:40,"Will the price of Bitcoin be above $64,000 on June 5?",0x34ecf20e4baddd4062279778e96ce898d91a845dd1b60289aaaf05cdf7d64a38,No,50.00,0.01,,,0xd45e3d0d9f8fb9f1de098231a6574a4c464f41040820e27f693ee8e7d8547cab
2026-06-04 18:31:40,"Will the price of Bitcoin be above $64,000 on June 5?",0x34ecf20e4baddd4062279778e96ce898d91a845dd1b60289aaaf05cdf7d64a38,No,50.00,0.4,,,0x6b9570ae06d24ceea4019f1c24594c31a36734f0d24aa6ecf90cec429a1d4baa
2026-06-04 18:31:40,"Bitcoin Up or Down - June 4, 2:30PM-2:35PM ET",0x51dcfba27586c391de127ab5a8e9baa4680d301a39f09db459e9b05f49102973,Up,43.00,5.465115,,,0x88de4de60e36a19521d40de89764847845b382e7062f0aaaa8fb39294e323657
2026-06-04 18:31:40,"Bitcoin Up or Down - June 4, 2:30PM-2:35PM ET",0x51dcfba27586c391de127ab5a8e9baa4680d301a39f09db459e9b05f49102973,Down,58.00,25,,,0x765a5e0911e0ba1c7582c5699b6900c2db04b108cb43030e3ef300f2b86aaf2b
2026-06-04 18:31:40,"Bitcoin Up or Down - June 4, 2:30PM-2:35PM ET",0x51dcfba27586c391de127ab5a8e9baa4680d301a39f09db459e9b05f49102973,Down,58.00,15,,,0x4c050adec4bc281589b3bb59bbb307c771a70f31afc14f7bb5fd4b25ca726ef2
2026-06-04 18:31:40,"Bitcoin Up or Down - June 4, 2:30PM-2:35PM ET",0x51dcfba27586c391de127ab5a8e9baa4680d301a39f09db459e9b05f49102973,Down,57.00,39.2,,,0x26cbe0333fc734c740fa989337cf1d704fa61243fb5dbb4235f05247101178a2
2026-06-04 18:31:40,Will the highest temperature in Wuhan be 36°C on June 5?,0xfda0a41538cac28a9beb3b94cbfcafe5783cef354fa6f9fe2ef1b74c383b5ddc,No,98.40,1.107687,,,0x7653f66d4a78139e8a6a0319742878c8e1a8d1ef7d590a15f566502229f5d346
2026-06-04 18:31:39,"Will the price of Bitcoin be above $64,000 on June 5?",0x34ecf20e4baddd4062279778e96ce898d91a845dd1b60289aaaf05cdf7d64a38,No,50.10,0.02,,,0x88c43fbb3420d9a6f965f9b93e43ec0dcb6853efdfdaf925964556fa7aa2f287
2026-06-04 18:31:39,"XRP Up or Down - June 4, 2:30PM-2:35PM ET",0xc5313621721be12687f36dc6855de28a6e4ff03d38c5e6a4b8d7dd0904b5ff2e,Down,63.23,7.81,,,0xd9f8c6327f0094186ee382c44ab2030d4e530013ce399076a656fb5d7c2a9c84
2026-06-04 18:31:39,"Bitcoin Up or Down - June 4, 2:30PM-2:35PM ET",0x51dcfba27586c391de127ab5a8e9baa4680d301a39f09db459e9b05f49102973,Up,48.00,5,,,0x04a7514959943fe377d5dd651edc2944aa09750ff8952467e90688688a8610c5
2026-06-04 18:31:39,"Bitcoin Up or Down - June 4, 2:30PM-2:35PM ET",0x51dcfba27586c391de127ab5a8e9baa4680d301a39f09db459e9b05f49102973,Down,53.00,25,,,0x6a780ebf00b460b02d9f0454d4d136d401b2fc86454877a2bf51e6d6f197cc1e
2026-06-04 18:31:39,"Bitcoin Up or Down - June 4, 2:30PM-2:35PM ET",0x51dcfba27586c391de127ab5a8e9baa4680d301a39f09db459e9b05f49102973,Down,53.00,25,,,0xb0d002dea08796fd864b4f6ceeb5a81d06945c7ba2eb46ab89280554f2ef5958
2026-06-04 18:31:39,"Bitcoin Up or Down - June 4, 2:30PM-2:35PM ET",0x51dcfba27586c391de127ab5a8e9baa4680d301a39f09db459e9b05f49102973,Up,48.00,2.083332,,,0x416a675c094cee3853ddb592b919e041842882820b52a321af638d78503ac44b
2026-06-04 18:31:39,"XRP Up or Down - June 4, 2:30PM-2:35PM ET",0xc5313621721be12687f36dc6855de28a6e4ff03d38c5e6a4b8d7dd0904b5ff2e,Up,37.34,5,,,0xef98d08dfd6321f39bf8cfc894304e66d027bd514f29d72718ee908191240318
2026-06-04 18:31:39,"XRP Up or Down - June 4, 2:30PM-2:35PM ET",0xc5313621721be12687f36dc6855de28a6e4ff03d38c5e6a4b8d7dd0904b5ff2e,Down,63.00,40,,,0x888b11db2177ae969319031eea7bc142c18a17e70ce877f41613381728e8940b
2026-06-04 18:31:39,Will Cody Gakpo win the Bronze Boot at the 2026 FIFA World Cup?,0x251ca610048adaab61979d862d3ef1aa476e82fc04f2e4279e4a004edee14508,No,98.00,1.1224,,,0x36ce84daec72988d35e50a19a2906226fada8e892e2bd580273122d4ebccdbba
2026-06-04 18:31:39,"Bitcoin Up or Down - June 4, 2:35PM-2:40PM ET",0x9374a51a047c41b1d2edc14fde3cf50a058b6c76df18dc47c0010e18001027ac,Down,50.00,100,,,0x9ffa0823309f1e82d317346360fecee78f70ac8d0afdd7c6063fbb3ce5e21281
2026-06-04 18:31:39,"Will the price of Bitcoin be above $64,000 on June 5?",0x34ecf20e4baddd4062279778e96ce898d91a845dd1b60289aaaf05cdf7d64a38,No,50.40,0.12,,,0x1b63f15598ac0dae30df904b676f2d25a039c73e89e208926c3968a15e093fd5
2026-06-04 18:31:39,"Bitcoin Up or Down - June 4, 2:30PM-2:45PM ET",0x061b207481cf9dc7bad7c8bd43dc5ab08279152de197ef0c762d58cebb490386,Up,47.00,13.02,,,0x046eee26bd582f53d56094664531a628db8108f555bee611ec0c11d20c89e62f
2026-06-04 18:31:39,"Bitcoin Up or Down - June 4, 2:30PM-2:35PM ET",0x51dcfba27586c391de127ab5a8e9baa4680d301a39f09db459e9b05f49102973,Down,53.00,5.094338,,,0x7aa4d87d99a404f95ebdb424b71ee7b0a73e17093d7faba2332d39887a01f042
2026-06-04 18:31:39,"Bitcoin Up or Down - June 4, 2:30PM-2:45PM ET",0x061b207481cf9dc7bad7c8bd43dc5ab08279152de197ef0c762d58cebb490386,Up,47.00,20.11,,,0xbf4a2dcc4f10f21ea9aa25853b2da2cf31e9f83450f11229b639c9e46851f18f
2026-06-04 18:31:39,Sweden vs. Greece: O/U 4.5,0xfee8041473ee7d1b067ea757b3e7b0a24f4f430ec3d2ce2d0315ed62e6ec81ab,Over,14.90,633.33,,,0x3a0a9d926c1e7073ef8859250084be6e6c046771bb1d3c3d5fb683d04a6d735e
2026-06-04 18:31:39,"Bitcoin Up or Down - June 4, 2:30PM-2:45PM ET",0x061b207481cf9dc7bad7c8bd43dc5ab08279152de197ef0c762d58cebb490386,Down,53.00,2.113206,,,0xc00a3a6456d36a024047b331c717942ea9b0a6bd52aab31b40efc39853a072e2
2026-06-04 18:31:39,"Bitcoin Up or Down - June 4, 2:30PM-2:35PM ET",0x51dcfba27586c391de127ab5a8e9baa4680d301a39f09db459e9b05f49102973,Down,53.00,35,,,0x44e889f45636a90116aa804eac63a8f24d970b1c7ad8f1faa9968348836c2507
2026-06-04 18:31:39,"Bitcoin Up or Down - June 4, 2:30PM-2:35PM ET",0x51dcfba27586c391de127ab5a8e9baa4680d301a39f09db459e9b05f49102973,Up,48.00,15,,,0x865de3c24991a57bda1714f8cc2ef94f1dbc4e3019722c0a1599d4cdc3c6a3ec
2026-06-04 18:31:39,"XRP Up or Down - June 4, 2:30PM-2:35PM ET",0xc5313621721be12687f36dc6855de28a6e4ff03d38c5e6a4b8d7dd0904b5ff2e,Down,62.00,18.290321,,,0x4080bc2ef796d022aa826310d5cc5cdaa8ef45272c06548d3b6fb10dbf0f4611
2026-06-04 18:31:39,"Bitcoin Up or Down - June 4, 2:30PM-2:45PM ET",0x061b207481cf9dc7bad7c8bd43dc5ab08279152de197ef0c762d58cebb490386,Down,53.00,1.886791,,,0xb56d3cf866ec780feb29c38352a70b0952ff95bbd44ca4c2cabca8b73db097bc
2026-06-04 18:31:39,Will the highest temperature in Shenzhen be 33°C on June 5?,0xd5ae115d6149ca40fab20369ae6dfb998db5ae215eb44bcfd4266f0e67bd0a5b,No,84.00,1.190475,,,0x7d69377015b6c09f7902550d782f355d45f8cced3934f7e5d69fe8aa570c292b
2026-06-04 18:31:39,Makarska: Elina Avanesyan vs Dominika Salkova,0xd3c6d40aff15bad564a6421cd9011c149c488b657863e373ae23f70a9fc4c1a0,Elina Avanesyan,99.00,7.21,,,0xed609515482425dfe55c1442d665f03b7ebf5705dea22aae2c51b3301333a822
2026-06-04 18:31:39,"Bitcoin Up or Down - June 4, 2:30PM-2:45PM ET",0x061b207481cf9dc7bad7c8bd43dc5ab08279152de197ef0c762d58cebb490386,Up,47.00,19.91,,,0xb25c9eb5a2f39c84005953fc15762762789385c2ba503eb1d6b79146e7594a22
2026-06-04 18:31:39,"Will the price of Bitcoin be above $66,000 on June 5?",0xa4874d4eb4538bac79cd6b5b7717510e09872b4ee7ab1c5082d4edb9a6f5b9fa,No,90.40,1.1,,,0x5b54e92fa782e76fff0cf1b1644a3f2b3b0c48334085e5fc1ea01858e4445dbf
2026-06-04 18:31:39,"Ethereum Up or Down - June 4, 2:30PM-2:35PM ET",0x86ef98a9e5ca2ea5dc2e9053559b1221ff292d54ba6752bf6e3a5c5b5f426eef,Up,27.00,5,,,0x758c354e68c7c5c9ca509060fe71e95e07ebddda99a96834f8b9c8d98e4410c2
2026-06-04 18:31:39,"Bitcoin Up or Down - June 4, 2:30PM-2:35PM ET",0x51dcfba27586c391de127ab5a8e9baa4680d301a39f09db459e9b05f49102973,Down,53.00,10,,,0x8a136700def0b4abb0b493e75701badebb727c099fde47cbd9577dcf3a6a53d8
2026-06-04 18:31:39,WTI Crude Oil (WTI) closes above $94 on June 4?,0xe1f27fa8b2be12418d569b697fa4868c0b504d5ffdeec0f1d58de8aa85e457b5,Yes,21.79,442.596817,,,0x23c05035bf8b28d7cdfa0d7ba8e452254b1eca0e0e03db55c4fe5aae38f8c83f
2026-06-04 18:31:39,Will Andorra vs. Liechtenstein end in a draw?,0x1cea1ffb7207241c8a1bffc6d67b6c86dd6a5d7e4cdcfac7636beff1d2e73a67,Yes,9.00,309,,,0x5450f0732ef88b8450c58e366add6cae2da1c7a8a9c08cef5d8a4a3bd1287588
2026-06-04 18:31:39,Counter-Strike: M80 vs NRG - Map 2 Winner,0x57713f6aa15c35ce6185819f4b554fa3f3cac40a7617116f1098bef9afec829f,M80,30.00,746.26,,,0x12e2e62e17c634b38176ac5d06b2f3df2864e3bf45a4ff3e57c4dfe5031fbf6c
2026-06-04 18:31:39,"Bitcoin Up or Down - June 4, 2:30PM-2:45PM ET",0x061b207481cf9dc7bad7c8bd43dc5ab08279152de197ef0c762d58cebb490386,Up,48.00,2.083332,,,0x83c0073255886802aeaf88c14e321eef7e2ca5452d5d2c9594f2876d31a13319
2026-06-04 18:31:39,Cleveland Guardians vs. New York Yankees,0xfdbba7f905701ebf33b6c83d38d8d39a1c40c49ea0f36d86bf0571aed682f2c6,New York Yankees,54.00,1.85185,,,0x5cd7124e25157eb4990dacdde4af0614a7420c2d47a67ff86cc05d511d67b342
2026-06-04 18:31:39,Will SpaceX's public ticker be $SPACE?,0xfe6827bd1917f702f1858bec56fc431753cce59b92e93cdba8a60fd1730d5b02,No,99.90,19.269,,,0xf0bc621600ee099823f968d4a04d35725828d5bf252a7cac4a3a2e61dffed669
2026-06-04 18:31:39,"Bitcoin Up or Down - June 4, 2:30PM-2:35PM ET",0x51dcfba27586c391de127ab5a8e9baa4680d301a39f09db459e9b05f49102973,Up,47.00,0.21,,,0x7c075856b38dedceadd41876ea0e8392dd508d4a58b8e2ee07f73ebd804d5a53
2026-06-04 18:31:39,"Bitcoin Up or Down - June 4, 2:30PM-2:35PM ET",0x51dcfba27586c391de127ab5a8e9baa4680d301a39f09db459e9b05f49102973,Up,48.00,2.083332,,,0x6af6cf3a4c60b6c400c681ef4e3bd097c0287cf4ca0d2474f62d5e3eb17314de
2026-06-04 18:31:39,Will the highest temperature in Wuhan be 39°C on June 5?,0x44399fc15707ae677af2a9fe2e307745f19cfd18201eb21747a358f2672645c7,No,99.80,5,,,0x7d5bd34b0103e06df7c703125de932e37e09ca31be92d96ce88bd8bf9c83a91a
2026-06-04 18:31:39,WTI Crude Oil (WTI) closes above $92 on June 4?,0x8d7570a3fcfbdb5ab9139e9619218279cd466c11a47c87de4edef6b1453df716,Yes,91.00,100,,,0x84e209c8820b8ca6b8b5bcb8c26cf9087cc7bc8d943a6a40c73461ab3342c93c
2026-06-04 18:31:39,Sweden vs. Greece: O/U 3.5,0x3b5cdaa6bdb4082fbb042b0411d7778a376d94d62c876b0afb38c9d7133dbe22,Over,53.00,491.094338,,,0xca5512040e6a2b0af210b921fd5342c01da5fd9b45de670755c2569b5f335569
2026-06-04 18:31:39,Will the highest temperature in Wuhan be 30°C or below on June 5?,0x80825ca2016c174af188fc8acd089389c6577a68a293560701a61e90121b5a59,No,99.50,5,,,0x7f7151e9941a4752c67e68c3c69225abb86f4219536c09ea971a4d458aca4afb
2026-06-04 18:31:39,Will the highest temperature in Wuhan be 37°C on June 5?,0xe261c60749853c369f4883acef7a292ecf6ff675e8adea5157c5999de0f638f4,No,99.40,5,,,0x480ade1e0268fedbde0fd26bd9118f2033e638d336f1fb60b7328bf937d42e90
2026-06-04 18:31:39,Will the highest temperature in Wuhan be 33°C on June 5?,0x6b5d31c17300a548e02d6595bf6140299d683c624a58c327b275fde4aa6a765a,No,65.00,5,,,0x92a867bd5b02663eef1d2033f80c1113d46483d35aeed874770d601b6f56d55e
2026-06-04 18:31:39,"Bitcoin Up or Down - June 4, 2:30PM-2:35PM ET",0x51dcfba27586c391de127ab5a8e9baa4680d301a39f09db459e9b05f49102973,Down,52.00,0.06,,,0x1c3e7071b04f02dd74847ac51c0169c8bfae0ae7cc3c6d93533d447b55ac03ef
2026-06-04 18:31:39,Will the highest temperature in Wuhan be 38°C on June 5?,0xd2f9200dba601b8790798e7a70d1a3085b96190d69f640137ce7f992cbcb7914,No,99.80,5,,,0x4f837ffd47294e7ba9b2bec00d31f92d473594692f1574f543557eaed989b45d
2026-06-04 18:31:39,Will Sweden vs. Greece end in a draw?,0x30e2d0da24ebb970cf6ce4245402b03745692cfd1721d57f7c9b957899634b9e,Yes,19.00,52.631577,,,0x24e54ebf174148613c9f23c42987c3a06e40803e61ff79cf0e500918992d079b
2026-06-04 18:31:39,Will Greece win on 2026-06-04?,0x7050a08e992792746d9198f03136ac5b9f1010547a6c77195841f9eace5c8719,Yes,3.00,40,,,0xcfe1960c938306af737f67d21a4005e2604fee32284084a18b1406a29782449c
2026-06-04 18:31:39,Will the highest temperature in New York City be between 88-89°F on June 4?,0x4a3c382ba46f5e330f18e4c2ad316bac22e26262bb561c48fcaa7d53721826ea,No,97.00,23,,,0xe4038fe0c28522879dfdc3dd47bb8a23e5d70eb1627e17d27bfbf419920d5e08
2026-06-04 18:31:39,Will the highest temperature in New York City be between 90-91°F on June 4?,0x573048f5b2c50547952f7894c611b9aa5be8e531353ef5f6ce25db375d8088c8,No,99.90,23,,,0xc02b419ecb30975acba2e3ba26d0b976139c2559b3bbfbbbd5d7550400b1d694
2026-06-04 18:31:39,Will the highest temperature in New York City be between 84-85°F on June 4?,0x3e7a4918956e5d02a6bc31ebcdd528b6007bf4aa1e05fa349cd4317bcc4a7115,No,44.00,23,,,0xfb14a79f4e346190d5dcc1acb3f131916872c38423e7d3e313d1663aefee569c
2026-06-04 18:31:39,"Bitcoin Up or Down - June 4, 2:30PM-2:35PM ET",0x51dcfba27586c391de127ab5a8e9baa4680d301a39f09db459e9b05f49102973,Down,53.00,3.773582,,,0xa53c51ef4dd700015be09bb1dd5fef9566b7fa0a1ec071f10e7339738bb9b82d
2026-06-04 18:31:39,"Ethereum Up or Down - June 4, 2:30PM-2:35PM ET",0x86ef98a9e5ca2ea5dc2e9053559b1221ff292d54ba6752bf6e3a5c5b5f426eef,Down,75.00,2.026664,,,0xb86b10ea9ff2d6cf2499ace260951d95848a192c535b25653d487ed2e8e97d3c
2026-06-04 18:31:39,"Will the price of Bitcoin be above $64,000 on June 5?",0x34ecf20e4baddd4062279778e96ce898d91a845dd1b60289aaaf05cdf7d64a38,Yes,49.20,278,,,0x73df2d3e93d0e0cbfe2d591be6b3f2472055aa8d6e69afd12a3f48ef4523fb12
2026-06-04 18:31:39,"Will the price of Bitcoin be above $64,000 on June 5?",0x34ecf20e4baddd4062279778e96ce898d91a845dd1b60289aaaf05cdf7d64a38,No,50.10,0.02,,,0xc23567b1c76eb6d92c53d751892e1ff112e2fe446d0eec6093d061b006e8c972
2026-06-04 18:31:39,"Will the price of Bitcoin be above $64,000 on June 5?",0x34ecf20e4baddd4062279778e96ce898d91a845dd1b60289aaaf05cdf7d64a38,No,50.10,0.01,,,0xcda52463c46433945275de63982f834b5021097640308985685963089a1cdc74
2026-06-04 18:31:39,"Bitcoin Up or Down - June 4, 2:30PM-2:35PM ET",0x51dcfba27586c391de127ab5a8e9baa4680d301a39f09db459e9b05f49102973,Down,53.00,2.113206,,,0xf5a85d42e05724560de2d39df109cbf34e26bdb29b4beb386cde4cad768b4d9e
2026-06-04 18:31:39,"Will the price of Bitcoin be above $64,000 on June 5?",0x34ecf20e4baddd4062279778e96ce898d91a845dd1b60289aaaf05cdf7d64a38,No,50.40,1075,,,0x2b6947cb9830bc3c5544eb74b24a3c395c23afc4a6a3895be014369bf8df700d
2026-06-04 18:31:37,"Will the price of Bitcoin be above $64,000 on June 5?",0x34ecf20e4baddd4062279778e96ce898d91a845dd1b60289aaaf05cdf7d64a38,No,50.60,0.03,,,0xffea5a97972f85b2b1a3c86bd410d14cb05cb34fcafd4c85d4d3fcc23c919d37
2026-06-04 18:31:37,"Bitcoin Up or Down - June 4, 2:30PM-2:45PM ET",0x061b207481cf9dc7bad7c8bd43dc5ab08279152de197ef0c762d58cebb490386,Down,52.00,2.99,,,0xc257eeb0cd322a7b9e1b0f35b210d382c45dcb64004e15ff24dcfc63e0a8b29a
2026-06-04 18:31:37,San Francisco Giants vs. Milwaukee Brewers,0xea40d14a5a09949432159e0c40b9f4ebaf86e2bfc5f542246516c75ef6da385d,Milwaukee Brewers,45.00,333.333332,,,0x1efc74b09dffdebf01f58385b290e42cfbfc3559ee0068fd2578b253329df187
2026-06-04 18:31:37,"Bitcoin Up or Down - June 4, 2:30PM-2:45PM ET",0x061b207481cf9dc7bad7c8bd43dc5ab08279152de197ef0c762d58cebb490386,Down,52.00,2.076922,,,0x1f692eba74f40ebe8a724d85c3df0b78863391302108fd17c6bf236efee74502
2026-06-04 18:31:37,Will the highest temperature in Austin be between 82-83°F on June 4?,0xa4778b5d74475e6b9b9994b6dec0f41f90c6f07de43d44f364d869b52c26695c,No,88.00,1.25,,,0x27c455d1e5e777b546b833614ed78b97958568f91aa8be5a958b61a27ac1d93c
2026-06-04 18:31:37,"Solana Up or Down - June 4, 2:30PM-2:35PM ET",0x4908916f4e744dc6dcdc604e790a5e2fa2a7c0174afa21cb1638dc2aaa665149,Up,45.00,0.09,,,0x9265a9fafef1b189c810188e84020385cb527fcda705b72c937ebaf913050c52
2026-06-04 18:31:37,"Bitcoin Up or Down - June 4, 2:30PM-2:35PM ET",0x51dcfba27586c391de127ab5a8e9baa4680d301a39f09db459e9b05f49102973,Down,51.00,22.35294,,,0xd54b4160231c8febfc05916b4260e120aae2a10d98598a7e12bb8971fcf8c0ca
2026-06-04 18:31:37,"Bitcoin Up or Down - June 4, 2:30PM-2:35PM ET",0x51dcfba27586c391de127ab5a8e9baa4680d301a39f09db459e9b05f49102973,Down,50.76,44.917253,,,0x64937feeb3ce3283d27c08f8a6796b73bbb03afac70cc185e68c7d9bbc725117
2026-06-04 18:31:37,"Will the price of Bitcoin be above $64,000 on June 5?",0x34ecf20e4baddd4062279778e96ce898d91a845dd1b60289aaaf05cdf7d64a38,Yes,49.20,335,,,0xfe860b75dc33785796af4a4e4db8e31c1302bc8c2c500df8965ada6d550348b7
2026-06-04 18:31:37,"Bitcoin Up or Down - June 4, 2:30PM-2:35PM ET",0x51dcfba27586c391de127ab5a8e9baa4680d301a39f09db459e9b05f49102973,Up,50.00,10.6,,,0x66076f439d3821482deaea68ff5aea07af7ea3f9dab94d5cea1f89b80d6d5f49
2026-06-04 18:31:37,"Bitcoin Up or Down - June 4, 2:30PM-2:35PM ET",0x51dcfba27586c391de127ab5a8e9baa4680d301a39f09db459e9b05f49102973,Up,50.00,10,,,0x2a82a7c376fd1c4c3854c67d3f68a978e393a779e9937906a3a15094ce84a2dd
2026-06-04 18:31:37,"Will the price of Bitcoin be above $64,000 on June 5?",0x34ecf20e4baddd4062279778e96ce898d91a845dd1b60289aaaf05cdf7d64a38,No,50.10,0.12,,,0x5f3df41c99ebc121e19c7d47aa56efbe147243cfc136331f2ed8cc112208c58b
2026-06-04 18:31:37,Will Greece win on 2026-06-04?,0x7050a08e992792746d9198f03136ac5b9f1010547a6c77195841f9eace5c8719,Yes,3.00,231,,,0x215e99dff62b7ed3b6fd8cd1337f6ce68f6dd617d669e5cedf634b156d6824cd
2026-06-04 18:31:37,Counter-Strike: Liquid vs Heroic (BO3) - IEM Cologne Major Stage 1,0x351383a1548b4900556493b770b0a95b6879cd94f1bf3995b66e96381b687ea2,Liquid,89.00,100,,,0x2a60a7682a61d5cfcbc452488669b0b3a8818e4023d3ad1b8b7754900e2b62d3
2026-06-04 18:31:37,"Bitcoin Up or Down - June 4, 2:30PM-2:45PM ET",0x061b207481cf9dc7bad7c8bd43dc5ab08279152de197ef0c762d58cebb490386,Down,51.00,40.85,,,0xa69c55fc91acc02b1d196efa7d0c9c9e4d8f47c08d065bd142bdeb205587667b
2026-06-04 18:31:37,"Bitcoin Up or Down - June 4, 2:30PM-2:35PM ET",0x51dcfba27586c391de127ab5a8e9baa4680d301a39f09db459e9b05f49102973,Down,50.00,19,,,0xc92a5135fa0b96046b92e527d232747177576c8218e7207cc42d0213d06de15b
2026-06-04 18:31:37,"Solana Up or Down - June 4, 2:30PM-2:35PM ET",0x4908916f4e744dc6dcdc604e790a5e2fa2a7c0174afa21cb1638dc2aaa665149,Down,55.00,2.163635,,,0x44e59745af91fdd3897d6dcf6898d60773d695c86435607b06bde647a002c406
2026-06-04 18:31:37,"Bitcoin Up or Down - June 4, 2:30PM-2:35PM ET",0x51dcfba27586c391de127ab5a8e9baa4680d301a39f09db459e9b05f49102973,Down,50.00,19,,,0xee67601630706f9030126e019f5773668fce5b2309e5d313dac975d9ced94413
2026-06-04 18:31:37,"Bitcoin Up or Down - June 4, 2:30PM-2:35PM ET",0x51dcfba27586c391de127ab5a8e9baa4680d301a39f09db459e9b05f49102973,Down,50.00,19,,,0x00dab4813287fe8d6c748e27167ce6637f357c83d5e23530feaec7afd4bc49d1
2026-06-04 18:31:37,"Bitcoin Up or Down - June 4, 2:30PM-2:35PM ET",0x51dcfba27586c391de127ab5a8e9baa4680d301a39f09db459e9b05f49102973,Down,50.00,19.38,,,0xb421859ec2256dd0b39480cf15a63df62f80b8ebdb59177f3d1aabcf17b8c905
2026-06-04 18:31:37,"Will the price of Bitcoin be above $64,000 on June 5?",0x34ecf20e4baddd4062279778e96ce898d91a845dd1b60289aaaf05cdf7d64a38,No,50.10,5.9,,,0xc02698c10c69e796dc7c5dbbcb58ece06002d980c520bd3fdf0db943dcd9d91a
2026-06-04 18:31:37,Will the highest temperature in Munich be 26°C on June 4?,0x3944f08b01e168e2bdc84283ca1fc4f6de44dc9879d2dff3ae64189ac79d9d00,No,99.90,10.29,,,0x49737b254089b02aeedcfaba8f69e03d4da21dba078d23eaa404b1c18a583c68
2026-06-04 18:31:37,Spread: Philadelphia Phillies (-2.5),0xc1d88711b211f39f7210b7cb2ed9fc97c77bacb95ba5a8b41cc25e1cd09eb788,San Diego Padres,37.00,1916.43,,,0x8fe147135bb9dd601ca0fd54b07b8664c4d7728346b671d326952341740c27ac
2026-06-04 18:31:37,Will Sweden win on 2026-06-04?,0xdb2128a475e15e341d4ea0a5e5b86daea6d4141be9c6771564b320221c41c54b,Yes,79.00,3.164555,,,0xbfabd7ad10a1989be455781852183e4b036a603a6eed2047d542059ccf4028ad
2026-06-04 18:31:37,"Will the price of Bitcoin be above $64,000 on June 5?",0x34ecf20e4baddd4062279778e96ce898d91a845dd1b60289aaaf05cdf7d64a38,Yes,49.20,335,,,0x2a325479286c490bd2b9d96fd6ad92ac6c68b4a85b5f63563559c8b162ed363d
2026-06-04 18:31:37,San Francisco Giants vs. Milwaukee Brewers: O/U 11.5,0x318159a4fed6f0bc6b485b4ea162e477a4f2b37602cb2f81e4865b3f44e3c7fd,Over,55.00,11,,,0x1eb8e687e8224f6486d6e25a398a9452f0740dd22b3f86cda05add4bc3dcf525
2026-06-04 18:31:37,"Bitcoin Up or Down - June 4, 2:30PM-2:45PM ET",0x061b207481cf9dc7bad7c8bd43dc5ab08279152de197ef0c762d58cebb490386,Down,51.00,2.039214,,,0xfaa7384483c78c6041a5898391e47b16db0039eb5d88e3c3dbe33a2060131779
2026-06-04 18:31:37,Will David Lisnard win the 2027 French presidential election?,0xce610556ec78cfd7894f4169d91fe70e31c2fb49f927fffd7fe7d06530f88d56,No,97.20,42.37,,,0x0ba3f0d55692913c2fcb8b2ef32428662afd7e856b8ab3c3a48dfe515111ee62
2026-06-04 18:31:37,"Will the price of Bitcoin be above $64,000 on June 5?",0x34ecf20e4baddd4062279778e96ce898d91a845dd1b60289aaaf05cdf7d64a38,No,50.10,0.03,,,0x7bf88d81c22cb76f118ddbe1e36eb540529e253fe63f85659c28b09730481bb4
2026-06-04 18:31:37,"Bitcoin Up or Down - June 4, 2:30PM-2:35PM ET",0x51dcfba27586c391de127ab5a8e9baa4680d301a39f09db459e9b05f49102973,Up,53.00,1.962263,,,0x15fd2563e4f713fe8791e01b253a1e4ff7186f6b86fe7feb70af6e6aa46babca
2026-06-04 18:31:37,"Bitcoin Up or Down - June 4, 2:30PM-2:35PM ET",0x51dcfba27586c391de127ab5a8e9baa4680d301a39f09db459e9b05f49102973,Up,53.00,10,,,0x2a0637c6ba5f611c17498a31b4a0b0c7996b295fea7bf1df58b9f7e87ee09196
2026-06-04 18:31:37,"Will the price of Bitcoin be above $66,000 on June 5?",0xa4874d4eb4538bac79cd6b5b7717510e09872b4ee7ab1c5082d4edb9a6f5b9fa,No,90.40,7.488937,,,0xc813e552243ee9d11a4444f4ff15a18668297197534a9657220ba75d5c6eb754
2026-06-04 18:31:37,"Bitcoin Up or Down - June 4, 2:30PM-2:35PM ET",0x51dcfba27586c391de127ab5a8e9baa4680d301a39f09db459e9b05f49102973,Down,53.00,5,,,0xf4b9021677d775a76396871157938991f00a4f322373c6c5189d65b0525ce4d8
2026-06-04 18:31:37,"Bitcoin Up or Down - June 4, 2:30PM-2:35PM ET",0x51dcfba27586c391de127ab5a8e9baa4680d301a39f09db459e9b05f49102973,Up,48.00,6.25,,,0x7b377a8e6890ff7e80a40ddb14f1d854770fc8bef5f013e347d415a9591c61e5
2026-06-04 18:31:37,"Bitcoin Up or Down - June 4, 2:30PM-2:35PM ET",0x51dcfba27586c391de127ab5a8e9baa4680d301a39f09db459e9b05f49102973,Down,53.00,18.679244,,,0x11fdc7c35b3757587f5fe87cfee94b5a9ff598cc7a1dadab3be58dcccf0537ca
2026-06-04 18:31:37,Will Spain win the 2026 FIFA World Cup?,0x7976b8dbacf9077eb1453a62bcefd6ab2df199acd28aad276ff0d920d6992892,Yes,16.00,6.25,,,0x144727951c26cba76f12ffb4ba884143681f20a3b1a3a2780b289a36c2b60fae
2026-06-04 18:31:37,"Bitcoin Up or Down - June 4, 2:30PM-2:35PM ET",0x51dcfba27586c391de127ab5a8e9baa4680d301a39f09db459e9b05f49102973,Down,53.00,2.07547,,,0xe8356db318ceabe568ded49d7ddb05090d72c67250c265a54b49367bce8a82ee
2026-06-04 18:31:37,"Bitcoin Up or Down - June 4, 2:30PM-2:45PM ET",0x061b207481cf9dc7bad7c8bd43dc5ab08279152de197ef0c762d58cebb490386,Up,49.00,10.20408,,,0x90e943606745a5f519182a34e34bc1318e56a7c5b7e3a11b057421a05607091c
2026-06-04 18:31:37,"Bitcoin Up or Down - June 4, 2:30PM-2:35PM ET",0x51dcfba27586c391de127ab5a8e9baa4680d301a39f09db459e9b05f49102973,Down,53.00,5,,,0x57031e5546a19e780461b0dd913a9557f4535eb95f3a9e52c8dbb961787f351d
2026-06-04 18:31:37,"Ethereum Up or Down - June 4, 2:30PM-2:35PM ET",0x86ef98a9e5ca2ea5dc2e9053559b1221ff292d54ba6752bf6e3a5c5b5f426eef,Down,74.00,2.054053,,,0x40035fa62e4e07735c4dca6654f9886be51fe6a68667a6b1057a43112f699f52
2026-06-04 18:31:36,Spread: Sweden (-2.5),0x458e0f2ea87330de94012b4dd51d7be47ebe035858f624c1bd83fae45719a8c5,Sweden,2.80,5,,,0x5ec4ed3c2f18d641af2af42264b43871f8554b3f108435c877a5941af3a15d96
2026-06-04 18:31:36,Will Sweden vs. Greece end in a draw?,0x30e2d0da24ebb970cf6ce4245402b03745692cfd1721d57f7c9b957899634b9e,No,81.00,20,,,0x30591ab4185445c34340410184afac54c7a4b20dcbb19fb3912992a52414da6a
2026-06-04 18:31:36,Will Greece win on 2026-06-04?,0x7050a08e992792746d9198f03136ac5b9f1010547a6c77195841f9eace5c8719,Yes,3.00,40,,,0xaf8efb5dce922c226b0d54755d503e40e471993b5a1d2c01193c7b284ae90aed
2026-06-04 18:31:36,"Bitcoin Up or Down - June 4, 2:30PM-2:35PM ET",0x51dcfba27586c391de127ab5a8e9baa4680d301a39f09db459e9b05f49102973,Down,48.00,5.104165,,,0x6c442c3cde3a76eb01fbc65b012e42c0a6ae636d8b199a47130b0a43fe579373
2026-06-04 18:31:36,"Bitcoin Up or Down - June 4, 2:30PM-2:35PM ET",0x51dcfba27586c391de127ab5a8e9baa4680d301a39f09db459e9b05f49102973,Down,48.00,40,,,0xf5e903b04e959c4417dcdd11946a5a380f91ae99906483511b0da71c7966d2ba
2026-06-04 18:31:36,"Bitcoin Up or Down - June 4, 2:30PM-2:35PM ET",0x51dcfba27586c391de127ab5a8e9baa4680d301a39f09db459e9b05f49102973,Down,48.00,5,,,0xbb98723095217f68e0d94e0d395f5b073313d4c7600f712afb7b23a534691d3f
2026-06-04 18:31:36,"Bitcoin Up or Down - June 4, 2:30PM-2:45PM ET",0x061b207481cf9dc7bad7c8bd43dc5ab08279152de197ef0c762d58cebb490386,Down,51.00,2.117646,,,0x4381a2e80038849ce8acb2d709685aa4dc57fc3183f2591b825ad1af5d44a6b4
2026-06-04 18:31:36,"XRP Up or Down - June 4, 2:30PM-2:35PM ET",0xc5313621721be12687f36dc6855de28a6e4ff03d38c5e6a4b8d7dd0904b5ff2e,Down,57.00,5,,,0xbe8ae3f51aeb9d1f87ab6da5f762057b7621af5c4894128197a2004c1ec069b7
2026-06-04 18:31:36,"Bitcoin Up or Down - June 4, 2:30PM-2:35PM ET",0x51dcfba27586c391de127ab5a8e9baa4680d301a39f09db459e9b05f49102973,Down,47.00,0.01,,,0x5d604936d38afbd83981198f826cd3f85aae82de936e0d9d63decffc7ff55e47
2026-06-04 18:31:36,"Bitcoin Up or Down - June 4, 2:30PM-2:35PM ET",0x51dcfba27586c391de127ab5a8e9baa4680d301a39f09db459e9b05f49102973,Down,48.00,4.166665,,,0x41a557557a26f12ea7ca7055358f880028769549d860aa19387da51d7c5ec96c
2026-06-04 18:31:36,"Bitcoin Up or Down - June 4, 2:30PM-2:35PM ET",0x51dcfba27586c391de127ab5a8e9baa4680d301a39f09db459e9b05f49102973,Up,53.00,1.886791,,,0xb264ee81b2ef8f215f0332b81bf63226185f92ef1753e85ef533cad015bec920
2026-06-04 18:31:36,"Ethereum Up or Down - June 4, 2:30PM-2:35PM ET",0x86ef98a9e5ca2ea5dc2e9053559b1221ff292d54ba6752bf6e3a5c5b5f426eef,Down,72.00,1.416664,,,0x3ed21e77fc5fa621e3ad52b4cd98697fb6eb179701cd9406d8f9089abbce496c
2026-06-04 18:31:36,"Will the price of Bitcoin be above $64,000 on June 5?",0x34ecf20e4baddd4062279778e96ce898d91a845dd1b60289aaaf05cdf7d64a38,No,50.40,0.32,,,0x2a9a42ad296086f61ed8196e4f7748303dcfb5d20e89d8f88b4a5f8aadd8dc83
2026-06-04 18:31:36,"Will the price of Bitcoin be above $64,000 on June 5?",0x34ecf20e4baddd4062279778e96ce898d91a845dd1b60289aaaf05cdf7d64a38,Yes,49.20,335,,,0x6f7d776d6fff75b04e312dbdfa1d0bc5015acf1b193bdb68603b08be67ce383a
2026-06-04 18:31:36,"Will the price of Bitcoin be above $64,000 on June 5?",0x34ecf20e4baddd4062279778e96ce898d91a845dd1b60289aaaf05cdf7d64a38,No,50.40,5.85,,,0xa9c540daac67720efb7232ca48c8abeb80c3c79cceb831bce64e4ea03b97d78c
2026-06-04 18:31:36,"Solana Up or Down - June 4, 2:30PM-2:35PM ET",0x4908916f4e744dc6dcdc604e790a5e2fa2a7c0174afa21cb1638dc2aaa665149,Down,53.00,5,,,0xefeae1fc3cb211e83817f0c252d2a3d3e0e31ef6435eaf85f12835f6541090aa
2026-06-04 18:31:36,LoL: ⁠Movistar KOI Fénix vs UCAM Esports Club - Game 1 Winner,0x700402e5952a00bc685485ee5cfa032ed60cdc29d6e32377309aa381ddfe631d,⁠Movistar KOI Fénix,99.90,697.65,,,0x784efa9f0ce0a6ded643a8428329191508abb077de9a92c2f57f972a1ef1e46f
2026-06-04 18:31:36,"Bitcoin Up or Down - June 4, 2:30PM-2:35PM ET",0x51dcfba27586c391de127ab5a8e9baa4680d301a39f09db459e9b05f49102973,Up,52.00,35,,,0xf3d43ed5339566926bb341dda6fac3f80f66dd4ff7f5162781438e059f094ba0
2026-06-04 18:31:36,"Will the price of Bitcoin be above $66,000 on June 5?",0xa4874d4eb4538bac79cd6b5b7717510e09872b4ee7ab1c5082d4edb9a6f5b9fa,Yes,11.55,216.391185,,,0xf82fe0a547e80153c8a5a3a23bb32abc9a1f0f73d97e45fb88c90deb77710dc9
2026-06-04 18:31:36,"Solana Up or Down - June 4, 2:30PM-2:35PM ET",0x4908916f4e744dc6dcdc604e790a5e2fa2a7c0174afa21cb1638dc2aaa665149,Down,53.00,5,,,0xaaa8f328d3bcca18b8c5aa9bbe432c3f413debfb1e253a2202396a58f7417ee9
2026-06-04 18:31:36,"Bitcoin Up or Down - June 4, 2:30PM-2:35PM ET",0x51dcfba27586c391de127ab5a8e9baa4680d301a39f09db459e9b05f49102973,Up,53.00,3.773582,,,0x09e69947cce1cbc05504032013c216fac1cdc5f025f5abc8ab7ed297f639b155
2026-06-04 18:31:36,Andorra vs. Liechtenstein: O/U 1.5,0x55e2210dc226d7f1c2e6454c0a7ff423e1652a17b89d0aa4bc6c9bd4aa9c2e87,Under,62.00,5.387094,,,0xf4541f5b51ae7bfe3641ba15d97b3348dce81cdcfeafa49414fdc8615b1de0a7
2026-06-04 18:31:36,Will Sweden win on 2026-06-04?,0xdb2128a475e15e341d4ea0a5e5b86daea6d4141be9c6771564b320221c41c54b,Yes,79.00,15.607593,,,0x31085c35a885973b1fcd73a830021d02a714cd7389bef09dcffc498ab4fc568f
2026-06-04 18:31:36,Will Sweden vs. Greece end in a draw?,0x30e2d0da24ebb970cf6ce4245402b03745692cfd1721d57f7c9b957899634b9e,Yes,18.00,256.82,,,0xff3b23325ae5a01468e5c8d6cf4e6ccdb6ea8f5ee626ecb2b0d36289aeeb1c08
2026-06-04 18:31:36,"Bitcoin Up or Down - June 4, 2:30PM-2:35PM ET",0x51dcfba27586c391de127ab5a8e9baa4680d301a39f09db459e9b05f49102973,Down,49.00,6.122447,,,0x6fe03e31a33cac152524df0e21fada7209a59a67384d8f7f66fe9c00654d5752
2026-06-04 18:31:36,"Bitcoin Up or Down - June 4, 2:30PM-2:45PM ET",0x061b207481cf9dc7bad7c8bd43dc5ab08279152de197ef0c762d58cebb490386,Down,50.00,50,,,0x63812a2bb4c01ad67f84b08824c948b6d9aff98cdefaeae9973b967cc25a9a9d
2026-06-04 18:31:36,Will Greece win on 2026-06-04?,0x7050a08e992792746d9198f03136ac5b9f1010547a6c77195841f9eace5c8719,Yes,3.00,180.666665,,,0xbdaabc3b550bfae3d18c853da9348e4810f670f334685eb6faecaaa2958b75d5
2026-06-04 18:31:36,"Bitcoin Up or Down - June 4, 2:30PM-2:45PM ET",0x061b207481cf9dc7bad7c8bd43dc5ab08279152de197ef0c762d58cebb490386,Up,50.00,50,,,0xddbb072f0f9e139efafa99a36221e5600be9a17391f4f1312168c09788315e30
2026-06-04 18:31:36,"Bitcoin Up or Down - June 4, 2:30PM-2:35PM ET",0x51dcfba27586c391de127ab5a8e9baa4680d301a39f09db459e9b05f49102973,Up,52.00,10,,,0x78e81282393413b621e04f94c4feae5e95f5e21d527ac6abd7363005cf5b0d86
2026-06-04 18:31:36,"Will the price of Bitcoin be above $64,000 on June 5?",0x34ecf20e4baddd4062279778e96ce898d91a845dd1b60289aaaf05cdf7d64a38,No,50.80,15,,,0x211cd8184a461c45d1ce7d3e0c9dae898f58fadf5058cb6f935520493eecb71d
2026-06-04 18:31:36,"Bitcoin Up or Down - June 4, 2:30PM-2:35PM ET",0x51dcfba27586c391de127ab5a8e9baa4680d301a39f09db459e9b05f49102973,Up,52.00,1.923075,,,0x6905d96083b194a73edcc56176cd4049a8ab3400dd2dd7edba5f27a5461f63c8
2026-06-04 18:31:36,"Will Databricks not IPO by June 30, 2026?",0x4a3fec7d1056cb56f28fb7b67d02caefd0e7644f5fc01ee2d1378ce407aa79e4,No,1.70,20,,,0xc5630d37e91ce630d513ee3f2d2a02158f452d673c5ea55536bc969f65a96bb6
2026-06-04 18:31:36,"Bitcoin Up or Down - June 4, 2:30PM-2:35PM ET",0x51dcfba27586c391de127ab5a8e9baa4680d301a39f09db459e9b05f49102973,Up,52.00,8.31,,,0xf54fb22976e1c71e12e6642191fd35d8a445d8890c94b741aafdb627e340177c
2026-06-04 18:31:36,Will Carlos Álvarez win the 2026 Peruvian presidential election?,0x9b14ba5cc37a35c0db2c9849e631d98195670be4a0f91233a81529f22a7a5949,Yes,0.10,7850,,,0xd6d4abc4928d5f33a06e11964355d9c19da666f67507f04dd9a134f426dac417
2026-06-04 18:31:36,Will Andorra vs. Liechtenstein end in a draw?,0x1cea1ffb7207241c8a1bffc6d67b6c86dd6a5d7e4cdcfac7636beff1d2e73a67,Yes,8.00,50,,,0x54319dabdde3da05fd3d1b41878fe4549032607e0808e6803b9ab6db85118851
2026-06-04 18:31:36,Foggia: Laura Mair vs Lucia Bronzetti,0x83455bdb2c9de8152352e9e7c5e1e32c227b18d7ded5a03d3ac644b9dcac8533,Laura Mair,6.00,100,,,0x88275f887cd0b46df237ab8c1a69f4231535f48e70fee0b252b4022fc3c92e38
2026-06-04 18:31:36,Will Andorra vs. Liechtenstein end in a draw?,0x1cea1ffb7207241c8a1bffc6d67b6c86dd6a5d7e4cdcfac7636beff1d2e73a67,Yes,8.00,28,,,0x2ca3e9d1c0689e66cebfdfe8f0405006b1d0dbe7c621edf4f6be476bc6346966
2026-06-04 18:31:36,"Solana Up or Down - June 4, 2:30PM-2:35PM ET",0x4908916f4e744dc6dcdc604e790a5e2fa2a7c0174afa21cb1638dc2aaa665149,Up,46.00,2.09,,,0xf8c557aacddcf9bc7fc7e4e2d7aafe594c7c1c836838902097aca9a5c1c80e64
2026-06-04 18:31:36,Will Andorra vs. Liechtenstein end in a draw?,0x1cea1ffb7207241c8a1bffc6d67b6c86dd6a5d7e4cdcfac7636beff1d2e73a67,Yes,8.00,50,,,0x58debe1d837f6b427d21537f25723806add5c836251502e1bd48a2e89eea2ec7
2026-06-04 18:31:36,Birmingham: Harry Wendelken vs Mark Lajal,0xbcee9b79dfe04ecc0d54de43b3930b678d85e5b443b6fe69296dbf7ede7bd245,Harry Wendelken,4.00,275,,,0x612116e5a6fe10f73b20de7ee76cbb55b40340017da85b4a9fc75f59853feaf5
2026-06-04 18:31:36,"Solana Up or Down - June 4, 2:30PM-2:35PM ET",0x4908916f4e744dc6dcdc604e790a5e2fa2a7c0174afa21cb1638dc2aaa665149,Up,46.00,9.6,,,0x565427fdb2d5cafe7b277b3e332e0ee9bac32ff6f90a12995134c35c0effee9a
2026-06-04 18:31:36,"Will the price of Bitcoin be above $64,000 on June 5?",0x34ecf20e4baddd4062279778e96ce898d91a845dd1b60289aaaf05cdf7d64a38,Yes,49.00,10,,,0x47d3ee0208f24310f635de6973b028b679dfc7138e1d94f7a68503c7f321b06b
2026-06-04 18:31:36,Sweden vs. Greece: O/U 2.5,0xe3f685835d7fc6afbbc5de38ef7400dee5c8d06d43d7fcf1f90044e0025298d9,Over,99.00,305.75,,,0x48af3cfe73390d4ee1298e18c032ef8e2163d9e601d06d79aef055cd8c90cea5
2026-06-04 18:31:36,Andorra vs. Liechtenstein: O/U 0.5,0x44c69ccab540f0eb29bf1a49ad46018e4cd6e91f6b80bbae12b27886e221ad2f,Over,99.00,175.6,,,0xaa1b84078bf55daa04c957deeaa46f295260771fa227d09a5e9b75c39f33bbfe
2026-06-04 18:31:36,"Solana Up or Down - June 4, 2:30PM-2:35PM ET",0x4908916f4e744dc6dcdc604e790a5e2fa2a7c0174afa21cb1638dc2aaa665149,Up,46.00,5.304346,,,0xafde196349a1dfddf2859d554cb0a7d9327d48545a200e33d78dc74e17b971ec
2026-06-04 18:31:36,"Ethereum Up or Down - June 4, 2:30PM-2:45PM ET",0x0eda108c856a95c6c7500d6d9f0c485369bf3b129f46fd2834abccaa800bd387,Up,36.26,8.274323,,,0x032741ce236c22c99419d211cda74d50be466bbb594c5c95d68b8291b726d2a0
2026-06-04 18:31:36,"Ethereum Up or Down - June 4, 2:30PM-2:35PM ET",0x86ef98a9e5ca2ea5dc2e9053559b1221ff292d54ba6752bf6e3a5c5b5f426eef,Up,29.00,11.724136,,,0xdae8e0265ee38deaf5b0a77e4abe0730c72a509e906727a2a814df558387176b
2026-06-04 18:31:36,"Bitcoin Up or Down - June 4, 2:30PM-2:35PM ET",0x51dcfba27586c391de127ab5a8e9baa4680d301a39f09db459e9b05f49102973,Up,53.00,47.16981,,,0xff9e64b55c351d492a06097e7721ca282688ec9b89ce21efa6879cf60e63a930
2026-06-04 18:31:36,"Bitcoin Up or Down - June 4, 2:30PM-2:35PM ET",0x51dcfba27586c391de127ab5a8e9baa4680d301a39f09db459e9b05f49102973,Down,48.00,2.083332,,,0x33629f1da4f1129bcc47c87f2b28a548309a69f8d25a723a080e36d8cca72cc9
2026-06-04 18:31:36,"Bitcoin Up or Down - June 4, 2:30PM-2:35PM ET",0x51dcfba27586c391de127ab5a8e9baa4680d301a39f09db459e9b05f49102973,Up,52.00,5,,,0x5b0940cffaba8fe22d76bbfe332df70c947f1b49f0ba95005971a3b1d1be9677
2026-06-04 18:31:36,"XRP Up or Down - June 4, 2:30PM-2:35PM ET",0xc5313621721be12687f36dc6855de28a6e4ff03d38c5e6a4b8d7dd0904b5ff2e,Down,58.00,1.965516,,,0x05686c27c71d6c6b9e9ed44b95742f34779d15a9d026709b8eb37ce91e845a73
2026-06-04 18:31:34,"Bitcoin Up or Down - June 4, 2:30PM-2:35PM ET",0x51dcfba27586c391de127ab5a8e9baa4680d301a39f09db459e9b05f49102973,Up,52.00,20,,,0x054e59863314d555683058f079a8e97a2caee9992ca074dd79be19991a444433
2026-06-04 18:31:34,Will the price of XRP be above $0.90 on June 5?,0xf2c01ed3ba4ddb0f89934b08ad515504af74413449237cf43386742277e76ffe,Yes,99.50,32.8,,,0x0211d5462b91a472829aed2bf2d526ff1c713b8a5609b41e7c1662205fba817c
2026-06-04 18:31:34,"Will the price of Bitcoin be above $66,000 on June 5?",0xa4874d4eb4538bac79cd6b5b7717510e09872b4ee7ab1c5082d4edb9a6f5b9fa,No,90.25,10,,,0x712973824aa0a68fc62a184609d58b0e44114c01d5a9f79870bb35ec9d62059d
2026-06-04 18:31:34,WTI Crude Oil (WTI) closes above $92 on June 4?,0x8d7570a3fcfbdb5ab9139e9619218279cd466c11a47c87de4edef6b1453df716,Yes,90.70,100,,,0x9a05eaf7323c4efbd5c3899ae27804191d064ca122c63798c2e5fd56f9675c6d
2026-06-04 18:31:34,Don Cheadle as James Rhodes / War Machine?,0x6fe9f26e476b3db70ddda41e130dae8afe499cb78ef247daaf3336217366ebde,No,50.00,2,,,0x0a492f9ca7a615b6e2966766940ae1b6b07b9e03a24b3abdec943af0c321bae5
2026-06-04 18:31:34,Will Sweden win on 2026-06-04?,0xdb2128a475e15e341d4ea0a5e5b86daea6d4141be9c6771564b320221c41c54b,Yes,79.00,5.06329,,,0x10605ac89486efa144987af758f89e6cc957e0696757dbb5dce55da0af6b1176
2026-06-04 18:31:34,Will Sweden vs. Greece end in a draw?,0x30e2d0da24ebb970cf6ce4245402b03745692cfd1721d57f7c9b957899634b9e,No,82.00,341.3,,,0xbc13a3433be12e1c54b1124e9ef9b9dfa0dea5e17adce0e2a7addedf6909be3b
2026-06-04 18:31:34,"Bitcoin Up or Down - June 4, 2:30PM-2:35PM ET",0x51dcfba27586c391de127ab5a8e9baa4680d301a39f09db459e9b05f49102973,Up,52.00,4,,,0x4b1b317c59af6a269cdbdc2fb1e35ed9d80b4ed40c897f4dd9879ad2575d1674
2026-06-04 18:31:34,"Solana Up or Down - June 4, 2:30PM-2:35PM ET",0x4908916f4e744dc6dcdc604e790a5e2fa2a7c0174afa21cb1638dc2aaa665149,Down,55.00,7.127271,,,0xe027c84a5594cd3b37b24b2803e08a30b75546051474672d71324fa8054c9d64
2026-06-04 18:31:34,"Ethereum Up or Down - June 4, 2:30PM-2:35PM ET",0x86ef98a9e5ca2ea5dc2e9053559b1221ff292d54ba6752bf6e3a5c5b5f426eef,Down,72.00,5.069442,,,0xbc1ea09b7e1ec058c425670b18e1e0ab180fb67be69815af1ec09dc0b2a2b36d
2026-06-04 18:31:34,"Will the price of Bitcoin be above $64,000 on June 5?",0x34ecf20e4baddd4062279778e96ce898d91a845dd1b60289aaaf05cdf7d64a38,No,51.00,0.09,,,0x3c02f1587426302c19514cac5c6ef1b074e8ff7c76e07cd16ffd2d3cf6acd695
2026-06-04 18:31:34,Will Slovenia win on 2026-06-04?,0x3c61b0299e7c058f2fb5124c54ed0bbd90e15e12762163bf15daf8267ff55572,No,99.90,164.35,,,0xb0aaf026d8bb6d832a1efc2420e38e2037a27ab33a420e2ce3e847a26d261ee4
2026-06-04 18:31:34,Will the price of XRP be between $0.90 and $1.00 on June 5?,0x999da6ab953d23404feba57c52f11aee188d2c77caa86a0d1a4134ccc6febb11,No,99.80,32.8,,,0x1e01fd19f26124585009bbc955125ae0159533a05da6ba94ddf6e32294366a17
2026-06-04 18:31:34,Will the price of XRP be less than $0.90 on June 5?,0x85f37ca34c093e8e19328c668546c7c2e47963794a40f842fccd13cfb92a15b1,No,99.80,32.8,,,0xf37178cd81f75c46d3f7df762171e0a9102e56b0c272a773b02da9467db047de
2026-06-04 18:31:34,Will the highest temperature in Toronto be 30°C or higher on June 4?,0x98a7b667b4f40b1584bb63a599bf49c145960e41417afb33a5423dc5665995b1,No,39.00,35.48,,,0x2bd3c22fce54fdd55a463398311f946804cb93f923cfa8de560f7b9ca3dc68f6
2026-06-04 18:31:34,Will the price of XRP be above $1.10 on June 5?,0x8eaedbeb969f9a791e4237a41e0ed8925b965550f976b4b5eb7241a42b08fbe1,No,1.40,32.8,,,0xf93f464b9c402f2b8499e846cf2359288931f23ff21c61f27032269cdf03a985
2026-06-04 18:31:34,Will the price of XRP be between $1.00 and $1.10 on June 5?,0x396be83556fcde33a6ce6cc1ee755567ccc945f4e7eba45a87a56074a4f9c85f,No,98.60,32.8,,,0x7e64e009e429c7c1fc92d1a51887253a0caef581f32b9aa6d195d6c77f5eb3b5
2026-06-04 18:31:34,WTI Crude Oil (WTI) closes above $91 on June 4?,0xedfe431542e7c00ac9c1778b37aefd92c7d167cc4a36a138a722896d0471c18b,No,5.70,103,,,0x12c4417f649e2a66dcf351d7cd1d9cd5e665e3698bdf48928e5525c36e15c7ac
2026-06-04 18:31:34,"Will the price of Bitcoin be above $64,000 on June 5?",0x34ecf20e4baddd4062279778e96ce898d91a845dd1b60289aaaf05cdf7d64a38,No,51.27,868,,,0x4bcd2057839a99bee738f607215ef1935e2dc2333ab3ad58bbd5452f1d6012a9
2026-06-04 18:31:34,Will Greece win on 2026-06-04?,0x7050a08e992792746d9198f03136ac5b9f1010547a6c77195841f9eace5c8719,Yes,1.00,100,,,0x318ce92c0fc15ba1fe87d8b247587aed4e484fb629506b14271c43b45ded63d5
2026-06-04 18:31:34,"Bitcoin Up or Down - June 4, 2:30PM-2:35PM ET",0x51dcfba27586c391de127ab5a8e9baa4680d301a39f09db459e9b05f49102973,Down,49.00,5.20408,,,0x5eb39772b90d33d4ffa48febe00303f711592f1e2e97c467fdbc088eb848a67a
2026-06-04 18:31:34,Will Sweden win on 2026-06-04?,0xdb2128a475e15e341d4ea0a5e5b86daea6d4141be9c6771564b320221c41c54b,Yes,78.00,20,,,0xeac566153130cc9f3511b5a3e00afca55bdbfe4e4a28350c07a1a9679c132879
2026-06-04 18:31:34,Will Sweden win on 2026-06-04?,0xdb2128a475e15e341d4ea0a5e5b86daea6d4141be9c6771564b320221c41c54b,Yes,79.00,1.265821,,,0x1cea67390b64a3d61170e9c7928f8253eaf394c4616c67d866c46c5512e05031
2026-06-04 18:31:34,Will the Fed decrease interest rates by 50+ bps after the June 2026 meeting?,0x4e4a7df876b0c04f0b8b29b9073eddfbaf5c787192da825ae7ca1031bc8cfd15,No,99.50,73.42,,,0x05457360f0084655827f8a277710c6a60dfb06978c27a0325d1d4adf8de7678b
2026-06-04 18:31:34,"Dogecoin Up or Down - June 4, 2:30PM-2:45PM ET",0xb632869fc3f29a043c588d5a588baad9779a51e8570012a4d1d30c01b7d486a5,Up,44.00,1.56,,,0xfef3149e76ab6970f34dd59334ea2ee5f4593b33e1672b4cdac72f5cf428ad98
2026-06-04 18:31:34,"Bitcoin Up or Down - June 4, 2:30PM-2:35PM ET",0x51dcfba27586c391de127ab5a8e9baa4680d301a39f09db459e9b05f49102973,Down,49.00,4.081631,,,0xd0597f6766576dd0971ec151a1ff1307d8dd8d7e13e63b66b266b36419b2e967
2026-06-04 18:31:34,"Ethereum Up or Down - June 4, 2:30PM-2:35PM ET",0x86ef98a9e5ca2ea5dc2e9053559b1221ff292d54ba6752bf6e3a5c5b5f426eef,Down,73.00,2.054792,,,0xe114dacefc787139582fdec1c801373aeb7b5761c874f1fba0338f4fa0d47616
2026-06-04 18:31:34,"Bitcoin Up or Down - June 4, 2:30PM-2:35PM ET",0x51dcfba27586c391de127ab5a8e9baa4680d301a39f09db459e9b05f49102973,Down,48.00,35,,,0xa86d949be3c09821a424ea1952af5ddabbad5e7f4f1c0e1888a253b3fdeae951
2026-06-04 18:31:34,"Bitcoin Up or Down - June 4, 2:30PM-2:35PM ET",0x51dcfba27586c391de127ab5a8e9baa4680d301a39f09db459e9b05f49102973,Down,49.00,4.081631,,,0x9c4e3813c3c988aa4ceadc9c47143c911de4ed7399636e0b202614e462b813de
2026-06-04 18:31:34,"Solana Up or Down - June 4, 2:30PM-2:35PM ET",0x4908916f4e744dc6dcdc604e790a5e2fa2a7c0174afa21cb1638dc2aaa665149,Down,55.00,2,,,0x8f055a85aded0fc666fb2f71d268981218dd6e2716f109d179d3ae3e376025d5
2026-06-04 18:31:34,San Francisco Giants vs. Milwaukee Brewers,0xea40d14a5a09949432159e0c40b9f4ebaf86e2bfc5f542246516c75ef6da385d,San Francisco Giants,56.00,44.25,,,0xed9309c1af89f42ebbaaf7dd1714b7738114e1e2d40b82bd752d54eec49fbf46
2026-06-04 18:31:34,"Bitcoin Up or Down - June 4, 2:30PM-2:35PM ET",0x51dcfba27586c391de127ab5a8e9baa4680d301a39f09db459e9b05f49102973,Down,48.00,2.63,,,0x4ee9ef6124c886fdc8214d6d8402eebe6e1a89071be4d95a932082312be77dae
2026-06-04 18:31:34,Will Eric Trump win the 2028 Republican presidential nomination?,0xca68152902c3581ab42feb04921b8b1cd3c4e80d06f255ae077259fca0bba15c,No,99.30,1.923428,,,0x5702b0f62002cbecc1a138a13363a0eb226e7a68f0ee3e31f53c39c3146a9a44
2026-06-04 18:31:34,"Bitcoin Up or Down - June 4, 2:30PM-2:35PM ET",0x51dcfba27586c391de127ab5a8e9baa4680d301a39f09db459e9b05f49102973,Down,48.00,3.33,,,0x9e097e54b69367aa5795f7b4479d2233917a277144fce6075fd83295503edb16
2026-06-04 18:31:34,"Ethereum Up or Down - June 4, 2:30PM-2:35PM ET",0x86ef98a9e5ca2ea5dc2e9053559b1221ff292d54ba6752bf6e3a5c5b5f426eef,Up,28.00,17.857141,,,0xab833a83a80369a10595ea227fe6fab195da8f1fb812a6d6d6d8ebdfa939b3d5
2026-06-04 18:31:34,"XRP Up or Down - June 4, 2:30PM-2:35PM ET",0xc5313621721be12687f36dc6855de28a6e4ff03d38c5e6a4b8d7dd0904b5ff2e,Up,40.00,5,,,0xae7d7eefbcb99d0b3f3eca8663abad8101768fe6896070c279d0c622a05b817d
2026-06-04 18:31:34,"Bitcoin Up or Down - June 4, 2:30PM-2:35PM ET",0x51dcfba27586c391de127ab5a8e9baa4680d301a39f09db459e9b05f49102973,Down,48.00,12,,,0x27bf7d40e21d3884280d532370372cc4057d61c8274a45953b37fe4a58ff16dd
2026-06-04 18:31:34,"Bitcoin Up or Down - June 4, 2:30PM-2:35PM ET",0x51dcfba27586c391de127ab5a8e9baa4680d301a39f09db459e9b05f49102973,Down,48.00,30,,,0x9f68237a578917e2f5b0d15de8eec608a02899415f9c885c1c477433dcbe4382
2026-06-04 18:31:34,"Bitcoin Up or Down - June 4, 2:30PM-2:35PM ET",0x51dcfba27586c391de127ab5a8e9baa4680d301a39f09db459e9b05f49102973,Down,48.00,11.270832,,,0xfec73a9355ede882d560aa795f084b9b4289289f03cdb0aa322aad1133be5fd7
2026-06-04 18:31:33,"Bitcoin Up or Down - June 4, 2:30PM-2:35PM ET",0x51dcfba27586c391de127ab5a8e9baa4680d301a39f09db459e9b05f49102973,Up,53.00,23.773582,,,0x636d43a018ef7a748e4e2fe3ff02c95824c5208782b722d0e1fb47c5f42fdc8e
2026-06-04 18:31:33,Will Sweden vs. Greece end in a draw?,0x30e2d0da24ebb970cf6ce4245402b03745692cfd1721d57f7c9b957899634b9e,No,82.00,64.4,,,0x277b9fe9d4a723c844310f5a851a6bf4c85fb3d0b5b04ecf8ea11e4129f84ea6
2026-06-04 18:31:33,"Bitcoin Up or Down - June 4, 2:30PM-2:45PM ET",0x061b207481cf9dc7bad7c8bd43dc5ab08279152de197ef0c762d58cebb490386,Down,51.00,1.960783,,,0x27b0f53a00560e7e8d758e4cd9cff542ad47b0fa7517aca442fc80e3ac4d68bd
2026-06-04 18:31:33,"Bitcoin Up or Down - June 4, 2:30PM-2:35PM ET",0x51dcfba27586c391de127ab5a8e9baa4680d301a39f09db459e9b05f49102973,Down,48.00,2.25,,,0x2c053cf125fe4195b1d3bbf283ccb7774b85b94af7a6981fc5fe3f134537369c
2026-06-04 18:31:33,"Bitcoin Up or Down - June 4, 2:30PM-2:35PM ET",0x51dcfba27586c391de127ab5a8e9baa4680d301a39f09db459e9b05f49102973,Down,48.00,22,,,0x8f7f4c6b49d45d678fd915095405b4039726258afc6a017ada3f202c74bb40ef
2026-06-04 18:31:33,"Bitcoin Up or Down - June 4, 2:30PM-2:35PM ET",0x51dcfba27586c391de127ab5a8e9baa4680d301a39f09db459e9b05f49102973,Down,48.00,18.75,,,0x4a8a1c475c25d85f86176a779242456b29339e8332ff7ed932d170ba9df23156
2026-06-04 18:31:33,"Bitcoin Up or Down - June 4, 2:30PM-2:35PM ET",0x51dcfba27586c391de127ab5a8e9baa4680d301a39f09db459e9b05f49102973,Up,53.00,1.886791,,,0x6fbb1d527568a7df1caac862ca9cb869f214b0c00d0ef05de16fec92c8dd8f53
2026-06-04 18:31:33,"Bitcoin Up or Down - June 4, 2:30PM-2:35PM ET",0x51dcfba27586c391de127ab5a8e9baa4680d301a39f09db459e9b05f49102973,Down,48.00,31.25,,,0x461a558904d73beafd59199b7beec7327ee1af6656c46b206f3562a63b703581
2026-06-04 18:31:33,"Bitcoin Up or Down - June 4, 2:30PM-2:45PM ET",0x061b207481cf9dc7bad7c8bd43dc5ab08279152de197ef0c762d58cebb490386,Up,50.00,12.24,,,0x050a0018371f948327189365434f64b2b383f169c986b0bc0bf56084854c3a4c
2026-06-04 18:31:33,"Bitcoin Up or Down - June 4, 2:30PM-2:35PM ET",0x51dcfba27586c391de127ab5a8e9baa4680d301a39f09db459e9b05f49102973,Up,53.00,6.9,,,0xeb3c5b807407b3e7fe5abf5be2e78f26d7ebb7c1c7a19d547efb3ec80c6402da
2026-06-04 18:31:33,"Bitcoin Up or Down - June 4, 2:30PM-2:35PM ET",0x51dcfba27586c391de127ab5a8e9baa4680d301a39f09db459e9b05f49102973,Down,48.00,20,,,0xb08b5ef5762808635591ae1672068bc497fce971cca2a218bcd24a784084c3c7
2026-06-04 18:31:33,"Ethereum Up or Down - June 4, 2:30PM-2:35PM ET",0x86ef98a9e5ca2ea5dc2e9053559b1221ff292d54ba6752bf6e3a5c5b5f426eef,Down,73.00,3.424655,,,0x72aacfd5376ebb3c9d423c3aa118115b3c495a5eac91e9ff4e76abc0cb78d201
2026-06-04 18:31:33,Will Andorra win on 2026-06-04?,0xab776168534d01a100f266e885dee0cd5ac1a9166edcda9aa89773da0a761b38,No,10.00,61.9,,,0x68cbf51b3ef7322e8acd403d297aeec6b7d105e3057ca8565cd8edc780bcf0ab
2026-06-04 18:31:33,Perugia: Andrea Pellegrino vs Roberto Carballes Baena,0x280f8e4b00877ddf567c6f95604ccefd5d08c171bffe80d71b0c0eb839e3b177,Roberto Carballes Baena,44.00,2.54,,,0x26729fc4e0b9c279756e7983ea0b4b6a2cfde95465e6771c7e00fe0a18096df5
2026-06-04 18:31:33,Counter-Strike: M80 vs NRG - Map 2 Winner,0x57713f6aa15c35ce6185819f4b554fa3f3cac40a7617116f1098bef9afec829f,M80,30.00,77.08,,,0x73931241ba152b17d6dd0d0e90d5b932ad62b7ccd7f1caa0711bbdf352584374
2026-06-04 18:31:33,Sweden vs. Greece: O/U 3.5,0x3b5cdaa6bdb4082fbb042b0411d7778a376d94d62c876b0afb38c9d7133dbe22,Over,54.00,1.85185,,,0x5fe39bdd16cd0eed72544cc6a8013a53cf40bf06db3d0d408304c8d566b681c7
2026-06-04 18:28:37,San Francisco Giants vs. Milwaukee Brewers: O/U 8.5,0x7d6a164765d17eb7cc77d9eff077fcbec33b8efc08a044522ef2118a920dfc8c,Under,22.00,5.227271,,,0xd2a98e029258fd30d7674008044850e51ddefa616922e248561c051d0899fee8
2026-06-04 18:28:37,"Bitcoin Up or Down - June 4, 2:25PM-2:30PM ET",0xf6e7e0c94cba17f17c011726a07b4fd334b9ff8592cbe6136bb54b3a38a20f76,Down,44.00,45,,,0x56ed9d8dec10479ffd5a6293b3ca018f5accfbe8ff5fcbf18d7513fcf4c4b0c8
2026-06-04 18:28:37,"XRP Up or Down - June 4, 2:25PM-2:30PM ET",0x1dda94c24b0e85e81306fd852ef834d4205674fb324b75d33ac401ca0010161c,Up,86.96,23,,,0xbf8af8365c3bd2755d11bb72301c31afc3be5577736b419f7a78fe3396bbdb08
2026-06-04 18:28:37,Will Portugal win the 2026 FIFA World Cup?,0x4f3421fb2daf5cca7430ed8d8132463963081572d75434393a1808fdb8829fe8,Yes,9.40,95.744679,,,0x6affd50b9fd0224ea529cbc786a2d6f54d1704a8e6af5127cd93cd33f9f7b294
2026-06-04 18:28:37,"Bitcoin Up or Down - June 4, 2:25PM-2:30PM ET",0xf6e7e0c94cba17f17c011726a07b4fd334b9ff8592cbe6136bb54b3a38a20f76,Down,45.00,4.866665,,,0xdf0a13e8d004ed76d56bf5a114f370350885687d96d84da4ab8d4d9ba19b3372
2026-06-04 18:28:37,Will the highest temperature in Sao Paulo be 17°C on June 5?,0x49af9b7570076e10746a563517f8f75f4473a372abb54499f7b19165d5368e71,No,99.77,499.141281,,,0xd89a5ce9bfb75d7dc80336e8591fc92bbde0a62a5e5c74948033e4f4f279641a
2026-06-04 18:28:37,"Bitcoin Up or Down - June 4, 2:25PM-2:30PM ET",0xf6e7e0c94cba17f17c011726a07b4fd334b9ff8592cbe6136bb54b3a38a20f76,Up,55.00,141.66,,,0xe1d5b07c99b6bfab921d6ffbf896448a28af2abb3884bf2fd2034161568bb57b
2026-06-04 18:28:37,Will Liechtenstein win on 2026-06-04?,0x0b161a0d30523fc1f4181fdd35834ffc1987188e682237ff3c9059c3acca6cfe,No,92.00,25,,,0x09c2b07658fa6b28f6aeb7b9e6c16d6d27701eca1aec4fe66140fdf063c8ced7
2026-06-04 18:28:37,LoL: ⁠Movistar KOI Fénix vs UCAM Esports Club - Game 4 Winner,0x258e411eef2cb422cfbc113866efa369b848738d23d28e9ed64a27709846b394,UCAM Esports Club,64.54,535.33,,,0xeed781b7a27011b369e45e552224edf02d5a8297df825f311be3f39d2969b6be
2026-06-04 18:28:37,"Bitcoin Up or Down - June 4, 2:25PM-2:30PM ET",0xf6e7e0c94cba17f17c011726a07b4fd334b9ff8592cbe6136bb54b3a38a20f76,Up,56.00,40,,,0x66489a1fd5dd52a4e9085b359ad55be9ead1aab0a7f4911a8b0b3067094af206
2026-06-04 18:28:37,"US x Iran permanent peace deal by June 7, 2026?",0x366f89649caea042c96ee741b185461ec7faa408a2664ec44469a0061924b537,No,95.90,7.73,,,0x9ced3b5c9efe312c45ac0c4f94d587c36701bdf8cd4dad823751f7ca855d2517
2026-06-04 18:28:37,Guatemala vs. Czechia: O/U 5.5,0x5afa1e1e19644a3deea3997f4220fd3fa218ad4259a290a98d278dc9a2d60c1a,Over,9.00,44.444443,,,0x1c8e001e5075444320c2a32edbb5b6208fd1f091856a40eb2a407e99299e9197
2026-06-04 18:28:37,"Bitcoin Up or Down - June 4, 2:25PM-2:30PM ET",0xf6e7e0c94cba17f17c011726a07b4fd334b9ff8592cbe6136bb54b3a38a20f76,Down,45.00,2.222221,,,0x5ed10f4eb3e47aba62c040abb949b66446486114659333d54b55aa503e8a1409
2026-06-04 18:28:37,"Bitcoin Up or Down - June 4, 2:25PM-2:30PM ET",0xf6e7e0c94cba17f17c011726a07b4fd334b9ff8592cbe6136bb54b3a38a20f76,Down,45.00,111.11111,,,0x30922f3f3cde85d4f82480f1a458bc57d4051f7a2ba5b54785068e6f4cd7d870
2026-06-04 18:28:37,"Bitcoin Up or Down - June 4, 2:25PM-2:30PM ET",0xf6e7e0c94cba17f17c011726a07b4fd334b9ff8592cbe6136bb54b3a38a20f76,Up,56.00,3.571427,,,0x4d4247b1e39ce7035d1199b7232c97aee5d6c28de13def94e3f0cd30b764bade
2026-06-04 18:28:37,"Bitcoin Up or Down - June 4, 2:25PM-2:30PM ET",0xf6e7e0c94cba17f17c011726a07b4fd334b9ff8592cbe6136bb54b3a38a20f76,Up,56.00,44.642856,,,0xff2f42afcc167bfbf71a0aab0c020177b0a2e65bb0f27a2bd2c7551135059efc
2026-06-04 18:28:37,"Solana Up or Down - June 4, 2:25PM-2:30PM ET",0xaa3b1523de28d0a85a75bb16666b6690cd278f91014c089e37d8c2a240d9e0f2,Down,64.00,8.25,,,0x4f95f42b094ce423b71de15730939b501cdd003f1889161ed62f9fc3555973e5
2026-06-04 18:28:37,WTI Crude Oil (WTI) closes above $92 on June 4?,0x8d7570a3fcfbdb5ab9139e9619218279cd466c11a47c87de4edef6b1453df716,Yes,90.00,100,,,0xf7771cdba8fd988c9927373b11b64e5e5cae4f1a01ec1ce6fdaa4673adba00bd
2026-06-04 18:28:37,"Solana Up or Down - June 4, 2:25PM-2:30PM ET",0xaa3b1523de28d0a85a75bb16666b6690cd278f91014c089e37d8c2a240d9e0f2,Down,64.00,18.75,,,0x9985ca913f2339c2413c2c5e4bf029e1be374470d0723d9e0172cd40743f8263
2026-06-04 18:28:37,Will Crude Oil (CL) hit (HIGH) $105 by end of June?,0x86c4455035d81c512138b8e38ade7defdb46708d3ee43098cdc8429a7d3b9bd9,No,66.00,105,,,0x998880ddfabeccfffcecac1e94cd39067f965a9ac2b126f12236f410ad76ee8a
2026-06-04 18:28:36,Will Belgium score the most goals at the 2026 FIFA World Cup?,0x6dd30fcc606070eb95cb81a3863a7293a7ed5014592415f4b3fa9f848189e35b,Yes,7.89,126.672665,,,0x664e723055d52e26d129b1c116c137ce9a5f88b57589d3e2b1393bbaee3bbde0
2026-06-04 18:28:36,"Bitcoin Up or Down - June 4, 2:25PM-2:30PM ET",0xf6e7e0c94cba17f17c011726a07b4fd334b9ff8592cbe6136bb54b3a38a20f76,Up,56.00,20,,,0x307aed66e52441c27b412c1d7e474b30f456d5b7f0b94659dd1b967cc46900ff
2026-06-04 18:28:36,"Bitcoin Up or Down - June 4, 2:25PM-2:30PM ET",0xf6e7e0c94cba17f17c011726a07b4fd334b9ff8592cbe6136bb54b3a38a20f76,Up,56.00,2.67857,,,0x6fa71394669b5dea2ce27318ef4b5341aa2eb188b1a6bfe1bf29be3e6e8b7ac0
2026-06-04 18:28:36,Will the Fed decrease interest rates by 50+ bps after the June 2026 meeting?,0x4e4a7df876b0c04f0b8b29b9073eddfbaf5c787192da825ae7ca1031bc8cfd15,No,99.60,76.054,,,0xf8892b7b35339a5a3d295d9094bc11030cfd995228456f83ce18c361a48013a7
2026-06-04 18:28:36,Counter-Strike: M80 vs NRG (BO3) - IEM Cologne Major Stage 1,0xca57b20c69fc5219ae2e4c2d747689ebdcea7702558b86d99d25ae958908262f,M80,70.00,586.16,,,0x7ce4e9e4e110d789c640951893d4c33f48dd121ef42227e991e6043d5ab78ca6
2026-06-04 18:28:36,LoL: ⁠Movistar KOI Fénix vs UCAM Esports Club - Game 4 Winner,0x258e411eef2cb422cfbc113866efa369b848738d23d28e9ed64a27709846b394,UCAM Esports Club,61.77,194.258063,,,0x1b68ba525a8bf950358bfee6405c2e828f2feba9de43995e3102d83c31e1fe2e
2026-06-04 18:28:36,Will Andorra vs. Liechtenstein end in a draw?,0x1cea1ffb7207241c8a1bffc6d67b6c86dd6a5d7e4cdcfac7636beff1d2e73a67,No,43.00,11.627905,,,0xc29798a53be68220293add3092d51c4cfb88238f20b8c6f4f9f9d609ec1a1215
2026-06-04 18:28:36,Will IR Iran win on 2026-06-04?,0x9abb037df729683b3e26bfd93427fd6af3bb56799baf4b6a4ac824b527eb30e8,Yes,99.00,4.44,,,0x942859a7b86823503376cbb0ddcd1336eebbe291b792fe01ca08f7fad757b6c9
2026-06-04 18:28:36,Will Alexander Albon get pole position at the 2026 F1 Monaco Grand Prix?,0x6e59c0001f4af752df541700396130960cd46d43da735ec4e811ff42a1030a55,Yes,0.20,20,,,0x2602496936753df1ba62c902443eb6451ba670f91ca0b023600dd8dfc17f48f9
2026-06-04 18:28:36,"Bitcoin Up or Down - June 4, 2:25PM-2:30PM ET",0xf6e7e0c94cba17f17c011726a07b4fd334b9ff8592cbe6136bb54b3a38a20f76,Down,45.00,10.444443,,,0x547a59ea311f0dc610d01529ef7cca1960285db1c6335c11381ab788f4ab5784
2026-06-04 18:28:36,"Bitcoin Up or Down - June 4, 2:25PM-2:30PM ET",0xf6e7e0c94cba17f17c011726a07b4fd334b9ff8592cbe6136bb54b3a38a20f76,Down,45.00,45,,,0x756358a5a7be76cc379017d812012e55ab091e42b2f748df27ad693f17855293
2026-06-04 18:28:36,"Bitcoin Up or Down - June 4, 2:25PM-2:30PM ET",0xf6e7e0c94cba17f17c011726a07b4fd334b9ff8592cbe6136bb54b3a38a20f76,Down,45.00,2.222221,,,0xa777b40ed989b0fcda5aac98242398828355d19be8986b5dad43c17a644cbe2b
2026-06-04 18:28:36,"Will the price of Bitcoin be above $64,000 on June 5?",0x34ecf20e4baddd4062279778e96ce898d91a845dd1b60289aaaf05cdf7d64a38,No,60.50,10,,,0xfb758cb4b85b37642fd6c57cbebc3d47d4dc06f0476f3bbc1de3ff09f81e1cb2
2026-06-04 18:28:36,Heilbronn: Luka Mikrut vs Marvin Moeller,0x518b064f14ec0402eab8038175ef415ff2e7a68a4cb1813d0dd318edfe01e7f2,Luka Mikrut,62.72,79.164922,,,0x0058aaa359f56ce61a3de7ed8d44c3f5051d5c789041cf96701346d1fe33df5a
2026-06-04 18:28:36,"Bitcoin Up or Down - June 4, 2:25PM-2:30PM ET",0xf6e7e0c94cba17f17c011726a07b4fd334b9ff8592cbe6136bb54b3a38a20f76,Up,55.00,5,,,0xcc86465bf50846b445f59e41c496dec0b43dee39b14a3254a782bf5a1f755721
2026-06-04 18:28:36,"Bitcoin Up or Down - June 4, 2:25PM-2:30PM ET",0xf6e7e0c94cba17f17c011726a07b4fd334b9ff8592cbe6136bb54b3a38a20f76,Up,55.00,1.81818,,,0x29a30f31c2f125a3b6b2022ff2fd0908bc4b1161c6c9aeaaa6e1b7ecfb9383ef
2026-06-04 18:28:36,Will Zelenskyy talk to Putin by December 31?,0x74778c328104cd816f606f44ca9717fe83036d86417de3910ccc0c1fed5d0054,Yes,29.92,100,,,0xbae665d1a5053e9c560b10b1bf360e01cf1a356f8b9a1aee90d0451273478c59
2026-06-04 18:28:36,Makarska: Elina Avanesyan vs Dominika Salkova,0xd3c6d40aff15bad564a6421cd9011c149c488b657863e373ae23f70a9fc4c1a0,Elina Avanesyan,89.00,78.707863,,,0xaf3b520407c38afab97fb67ed9ab5a84f905ac9c4cb454a275441677b8c53ed5
2026-06-04 18:28:36,"Bitcoin Up or Down - June 4, 2:25PM-2:30PM ET",0xf6e7e0c94cba17f17c011726a07b4fd334b9ff8592cbe6136bb54b3a38a20f76,Up,55.00,40,,,0x4e3c40d8c126cee6f8a9e7e9db32e79b4a5304aa1d0df563deb991ba8d87f3e4
2026-06-04 18:28:36,Spread: Andorra (-1.5),0xd131c2a9b02e875e260e071829cd2c73152e6e5c527a6a9bed658ae0cd30a5cb,Andorra,6.00,5,,,0xac7893efb2775471ce621fa62f5af745db95d44b5fea5f5c7acab75c531385d9
2026-06-04 18:28:34,"Bitcoin Up or Down - June 4, 2:25PM-2:30PM ET",0xf6e7e0c94cba17f17c011726a07b4fd334b9ff8592cbe6136bb54b3a38a20f76,Down,46.00,5,,,0xb0f4f1c227113bc6d96b1c958ebdcf19eaa039aa6eab97b5744f177e23e02a3f
2026-06-04 18:28:34,San Diego Padres vs. Philadelphia Phillies: O/U 7.5,0xcf3996e80d45930ff9f698d1a9597347817cc6f8c48b5f7348a36be706e89d69,Over,35.00,14.285713,,,0xc17bbcbdd52e651b060dee63b7baa3f7bfada0c6e7cc8d322064570307fc9f88
2026-06-04 18:28:34,Cleveland Guardians vs. New York Yankees: O/U 5.5,0xb7ce80cd42f5cf0ba851002e984ad82bcdffc4f25793b5e3d59c99855d12a69c,Over,61.00,8.19672,,,0xbbd53f49eb1f29d74a91ca932637b756745c8b9857a666c6a5ac04cf138b41be
2026-06-04 18:28:34,"XRP Up or Down - June 4, 2:25PM-2:30PM ET",0x1dda94c24b0e85e81306fd852ef834d4205674fb324b75d33ac401ca0010161c,Up,86.00,2.31395,,,0xffd5148bfbf6d4cfbfc6e973da80b8bd3762458bc6af0a96e7babb856c237d39
2026-06-04 18:28:34,"Bitcoin Up or Down - June 4, 2:25PM-2:30PM ET",0xf6e7e0c94cba17f17c011726a07b4fd334b9ff8592cbe6136bb54b3a38a20f76,Up,54.00,5,,,0xf35d426ea97009b5b74fa6bd65319d5a7fb6d44a8211738f462b3c85b91cc13f
2026-06-04 18:28:34,Will Sweden win on 2026-06-04?,0xdb2128a475e15e341d4ea0a5e5b86daea6d4141be9c6771564b320221c41c54b,No,68.00,7.46,,,0x3cf4239be3fc1d01886aa8ac511b0d13a587ff2ad722af2e479c981ce0a2e106
2026-06-04 18:28:34,Spread: Andorra (-1.5),0xd131c2a9b02e875e260e071829cd2c73152e6e5c527a6a9bed658ae0cd30a5cb,Andorra,2.00,8.22,,,0x3ae929fe4ecbd26fc47d31e10728fb521c018326aac71616f2154684817c8d63
2026-06-04 18:28:34,Will Liechtenstein win on 2026-06-04?,0x0b161a0d30523fc1f4181fdd35834ffc1987188e682237ff3c9059c3acca6cfe,No,92.00,7,,,0x7df174793d530bbfe8465153bb6c56fa8efaa7d09ae40bb790fdbeb9b821f5a1
2026-06-04 18:28:34,"Bitcoin Up or Down - June 4, 2:25PM-2:30PM ET",0xf6e7e0c94cba17f17c011726a07b4fd334b9ff8592cbe6136bb54b3a38a20f76,Up,54.00,6.62,,,0x3add2b973b21324e616d3e83dd6d58d0a516442bcb8aab17a873f4a37d438d17
2026-06-04 18:28:34,"Bitcoin Up or Down - June 4, 2:25PM-2:30PM ET",0xf6e7e0c94cba17f17c011726a07b4fd334b9ff8592cbe6136bb54b3a38a20f76,Up,54.00,5,,,0x6b10afa6d92f4c877de8a8295689cce3bb0b592cd8bb50ce3ce529355502f85c
2026-06-04 18:28:34,"Solana Up or Down - June 4, 2:25PM-2:30PM ET",0xaa3b1523de28d0a85a75bb16666b6690cd278f91014c089e37d8c2a240d9e0f2,Up,37.00,2.702701,,,0x65891c10c0a437ba6b406f41345dfcb2c8bc7ad750c66fb8a22b796bb048ee80
2026-06-04 18:28:34,Heilbronn: Luka Mikrut vs Marvin Moeller,0x518b064f14ec0402eab8038175ef415ff2e7a68a4cb1813d0dd318edfe01e7f2,Luka Mikrut,58.00,35.97,,,0x312293c5c424de4f3589d2c56aabb55c79ab56a64c4ff3a55fe379e8f4682825
2026-06-04 18:28:34,Will Karen Bass & Spencer Pratt advance to the second round of the 2026 Los Angeles mayoral election?,0x0e2e5c0146c730a2e4ef8031c9128b4efef451a9f4832f42b46997926f9e1303,No,65.00,4.169228,,,0xe47b49f257d95d4d09c504d05ed496e39f7317f3facf4f4ce4efe77423c92217
2026-06-04 18:28:34,"Bitcoin Up or Down - June 4, 2:25PM-2:30PM ET",0xf6e7e0c94cba17f17c011726a07b4fd334b9ff8592cbe6136bb54b3a38a20f76,Up,55.00,5,,,0x799656a1ae6cfaaf507f576ad539d030341337f3d1b86ca93123fdd83d6f67b3
2026-06-04 18:28:34,Will the highest temperature in Moscow be 26°C or higher on June 4?,0xe7bdf679525060fab76ef2d51a05763d16aa06fc03dd779fcb97e90616b0e5e0,No,99.90,5,,,0x6b9b87f3e878dd892ed2dd111ca5916739e2fe776adcfe0b338a19bed5cbef5a
2026-06-04 18:28:34,"Bitcoin Up or Down - June 4, 2:25PM-2:30PM ET",0xf6e7e0c94cba17f17c011726a07b4fd334b9ff8592cbe6136bb54b3a38a20f76,Up,55.00,5,,,0xd6ef8c59b47b2f5fcd2fef1ebd69d04ab5e26f28c26babb7b2f860e0b340aa3a
2026-06-04 18:28:34,Will France vs. Côte d'Ivoire end in a draw?,0x3a2fe24ea92d68a902081281c970a5b3550b1bb1381d5013578b90f92b64f27c,No,88.00,170.45,,,0x262742060d3fd3ea28f64a7eaf7f304d2f8376c78b8d868ef3f5ab74b1b41cee
2026-06-04 18:28:34,"Bitcoin Up or Down - June 4, 2:25PM-2:30PM ET",0xf6e7e0c94cba17f17c011726a07b4fd334b9ff8592cbe6136bb54b3a38a20f76,Down,46.00,10.869564,,,0x8e364d8cc9d3facc27daa24509842c16cb916bff4d659461ffde866e4a47493e
2026-06-04 18:28:34,"Ethereum Up or Down - June 4, 2:25PM-2:30PM ET",0x26442be9d9b6ec037e586102fb23739181eec19ce2f790083a7bad87b0abe5cc,Up,34.00,2.941175,,,0x9da376c5a5612de11ffbb0c80f04b9ad4f18bda4d04ce2f84e5b230d8576cb59
2026-06-04 18:28:34,"Bitcoin Up or Down - June 4, 2:25PM-2:30PM ET",0xf6e7e0c94cba17f17c011726a07b4fd334b9ff8592cbe6136bb54b3a38a20f76,Up,55.00,1.81818,,,0xf6069da376a7b22efa342eea6dae7bece70fb21b3921546de7eb8e2bcb7b7dc9
2026-06-04 18:28:34,San Diego Padres vs. Philadelphia Phillies,0x688fc364252fa2059687177955af02b7bfd5a21778b6f8c168dd174ec422ee98,Philadelphia Phillies,92.00,32.05,,,0xad0a90cad1b31891e8ce9c0dfcfa5cac1ca03668cdfb8f1fc07502cd0b73296d
2026-06-04 18:28:34,"Bitcoin Up or Down - June 4, 2:25PM-2:30PM ET",0xf6e7e0c94cba17f17c011726a07b4fd334b9ff8592cbe6136bb54b3a38a20f76,Down,46.00,3,,,0x0772512066e55709eeeb49a683a3308a46c5c7e85aa509ea1554808a31024270
2026-06-04 18:28:34,San Francisco Giants vs. Milwaukee Brewers,0xea40d14a5a09949432159e0c40b9f4ebaf86e2bfc5f542246516c75ef6da385d,San Francisco Giants,65.00,1.53846,,,0xdb3002847e157d707b15e921a0cf4909149a1513ce23a74c16b70c3c7f434cb3
2026-06-04 18:28:34,Counter-Strike: M80 vs NRG (BO3) - IEM Cologne Major Stage 1,0xca57b20c69fc5219ae2e4c2d747689ebdcea7702558b86d99d25ae958908262f,M80,70.36,1368.7,,,0xfbdc62428c4310fec20294459eb4812637a46c3d6dc77c0d0a515e8440ecd5a0
2026-06-04 18:28:33,"Bitcoin Up or Down - June 4, 2:25PM-2:30PM ET",0xf6e7e0c94cba17f17c011726a07b4fd334b9ff8592cbe6136bb54b3a38a20f76,Up,55.00,20.090908,,,0xc61706dd85c75877d9fe615b6182a8cf185ca6df8f43aed5b7760e34d3309757
2026-06-04 18:28:33,"Solana Up or Down - June 4, 2:15PM-2:30PM ET",0xb65b86b3ed7be121c992ed3654bcd15043cfce4772c3a5ec3bef5af1f11b7de7,Down,1.00,16,,,0xc1f8a04179f7d13e9c0a2f4b78fbd3f02feb092aa00bb2c67985dbacd96bc46c
2026-06-04 18:28:33,Makarska: Elina Avanesyan vs Dominika Salkova,0xd3c6d40aff15bad564a6421cd9011c149c488b657863e373ae23f70a9fc4c1a0,Elina Avanesyan,89.00,15.674154,,,0xadfb31e245b9e65e5a1416251d06f2f7203fbbf25ed1f7116968d72fcc9d46f8
2026-06-04 18:28:33,Makarska: Elina Avanesyan vs Dominika Salkova,0xd3c6d40aff15bad564a6421cd9011c149c488b657863e373ae23f70a9fc4c1a0,Elina Avanesyan,89.00,2.584263,,,0x29b29a4cac755fa2eb2aabcc882cf8a09deb232e5c58296113ff1997fc8340e6
2026-06-04 18:28:33,"Bitcoin Up or Down - June 4, 2:25PM-2:30PM ET",0xf6e7e0c94cba17f17c011726a07b4fd334b9ff8592cbe6136bb54b3a38a20f76,Down,46.00,3,,,0xffd426465a81bc11b9b93f96817cc3a9a5a2ef7b88007f9d15f4b2b7acdbc9a3
2026-06-04 18:28:33,Makarska: Elina Avanesyan vs Dominika Salkova,0xd3c6d40aff15bad564a6421cd9011c149c488b657863e373ae23f70a9fc4c1a0,Elina Avanesyan,89.00,33.24,,,0xb30363ab999bd9f68ac401d879d3bdbac51d3a44c9f3123430432f5dc44853a9
2026-06-04 18:28:33,"Will Bitcoin dip to $62,000 on June 4?",0x15cc16d6a9cc568d3cd07606a76baf6e84d10d7e93f803ea111611ff9ec2f4b4,Yes,18.00,59.99,,,0x7a5dcf43d755bc45624ab06a7a81a27cf19ef7b3b65d79d5c84a8bd85efe8fee
2026-06-04 18:28:33,"Bitcoin Up or Down - June 4, 2:25PM-2:30PM ET",0xf6e7e0c94cba17f17c011726a07b4fd334b9ff8592cbe6136bb54b3a38a20f76,Up,54.00,5.5,,,0xbc0103d498e4c429cc7bc0664e8ae5fa2eb7f196f8fc945bc4c216684c916187
2026-06-04 18:28:33,Will Karen Bass & Spencer Pratt advance to the second round of the 2026 Los Angeles mayoral election?,0x0e2e5c0146c730a2e4ef8031c9128b4efef451a9f4832f42b46997926f9e1303,No,65.00,1.53846,,,0xeb8a1dff76b09af091beddd6b2499cb77130ef9625fe7189ed98093d058777f5
2026-06-04 18:28:33,"Bitcoin Up or Down - June 4, 2:25PM-2:30PM ET",0xf6e7e0c94cba17f17c011726a07b4fd334b9ff8592cbe6136bb54b3a38a20f76,Up,54.18,40,,,0x0cc83274fa10e9979006d90c791510725c22505596a17905df185ec96d73daef
2026-06-04 18:28:33,"Bitcoin Up or Down - June 4, 2:25PM-2:30PM ET",0xf6e7e0c94cba17f17c011726a07b4fd334b9ff8592cbe6136bb54b3a38a20f76,Up,55.00,46.545453,,,0x4e656bda65c354b8e573bbe2ea0d3139c490459ac96879a8dd7d8672133b49ab
2026-06-04 18:28:33,"Bitcoin Up or Down - June 4, 2:25PM-2:30PM ET",0xf6e7e0c94cba17f17c011726a07b4fd334b9ff8592cbe6136bb54b3a38a20f76,Up,55.00,5,,,0x714781e524cf7521736e6c121d1b6d9b1db332833080552c4d8061a839131831
2026-06-04 18:28:33,Counter-Strike: M80 vs NRG (BO3) - IEM Cologne Major Stage 1,0xca57b20c69fc5219ae2e4c2d747689ebdcea7702558b86d99d25ae958908262f,M80,72.00,29.166664,,,0x5e5137585ddaee525d6fc0007c1f6fda138fdb42df9a8e3b13160ba49e1db5b9
2026-06-04 18:28:33,"Bitcoin Up or Down - June 4, 2:25PM-2:30PM ET",0xf6e7e0c94cba17f17c011726a07b4fd334b9ff8592cbe6136bb54b3a38a20f76,Up,54.00,2,,,0x5c1ec7390a174c50f8b20ec05f86e321a2af882867dc10c11f3d06fd3dfeeae4
2026-06-04 18:28:33,Counter-Strike: Liquid vs Heroic - Map 2 Winner,0xff5ee1b61898d96c561eafefb9da580a67f07848a33ab3257a53c32ae4634223,Liquid,85.00,8,,,0x1e64d38c5e79ebdfc8b584708b0fd142aba29940f189152c05f42aa4d2e2d230
2026-06-04 18:28:33,"Bitcoin Up or Down - June 4, 2:25PM-2:30PM ET",0xf6e7e0c94cba17f17c011726a07b4fd334b9ff8592cbe6136bb54b3a38a20f76,Up,54.00,10,,,0x978b2a7187c695a8e159ab175df924f0a70258b3ffaacf67fa7cc3b99c75343f
2026-06-04 18:28:33,"Ethereum Up or Down - June 4, 2:25PM-2:30PM ET",0x26442be9d9b6ec037e586102fb23739181eec19ce2f790083a7bad87b0abe5cc,Up,33.00,5,,,0xda8c8c318822f9ba0ed7444147d9137681e18a4dd4b545946851369f79d60575
2026-06-04 18:28:33,"Ethereum Up or Down - June 4, 2:25PM-2:30PM ET",0x26442be9d9b6ec037e586102fb23739181eec19ce2f790083a7bad87b0abe5cc,Up,32.00,2.38,,,0x2057bdbcfb0164a802e68939d5d1da81f6aa078004179cb4758853fdecd93294
2026-06-04 18:28:33,Will Karen Bass & Spencer Pratt advance to the second round of the 2026 Los Angeles mayoral election?,0x0e2e5c0146c730a2e4ef8031c9128b4efef451a9f4832f42b46997926f9e1303,No,65.00,1.53846,,,0x4c5a3869b0b739aa6f37bf1fc765a270f5b24a6a112e7f9239c1244d039c2893
2026-06-04 18:28:33,Will Karen Bass & Spencer Pratt advance to the second round of the 2026 Los Angeles mayoral election?,0x0e2e5c0146c730a2e4ef8031c9128b4efef451a9f4832f42b46997926f9e1303,No,65.00,1.53846,,,0x880c33fb0970a4e7d8f23176b0c0d38fe5f45eab903e998ccad423331cf7405a
2026-06-04 18:28:33,"Bitcoin Up or Down - June 4, 2:25PM-2:30PM ET",0xf6e7e0c94cba17f17c011726a07b4fd334b9ff8592cbe6136bb54b3a38a20f76,Down,47.00,2.127658,,,0x420a4411bbde9d8cc5b098f7951620dccac53b30dc4cfb380422edaf5f8c2f84
2026-06-04 18:28:33,Will Karen Bass & Spencer Pratt advance to the second round of the 2026 Los Angeles mayoral election?,0x0e2e5c0146c730a2e4ef8031c9128b4efef451a9f4832f42b46997926f9e1303,No,65.00,1.53846,,,0xdfe5959eb984e5133fd799aeeab62b85c0572261562747fc6a1d36ff5599943a
2026-06-04 18:28:33,"Bitcoin Up or Down - June 4, 2:25PM-2:30PM ET",0xf6e7e0c94cba17f17c011726a07b4fd334b9ff8592cbe6136bb54b3a38a20f76,Down,47.00,5,,,0x8d4d7b18a8e8c01c7bdb4f98e948b4c36f156869c5761de77de59d3d87ef7594
2026-06-04 18:28:33,Will Karen Bass & Spencer Pratt advance to the second round of the 2026 Los Angeles mayoral election?,0x0e2e5c0146c730a2e4ef8031c9128b4efef451a9f4832f42b46997926f9e1303,No,65.00,1.53846,,,0x2da212378a644ddb2ea6929ff1a77a3ff997eca62c3c6810fbb5f0b37ed2af64
2026-06-04 18:28:33,Makarska: Elina Avanesyan vs Dominika Salkova,0xd3c6d40aff15bad564a6421cd9011c149c488b657863e373ae23f70a9fc4c1a0,Elina Avanesyan,89.00,5,,,0x118ec555707104333e993117212694e300aa6664aaeda3d07bbf02de53f82ac8
2026-06-04 18:28:33,"Bitcoin Up or Down - June 4, 2:25PM-2:30PM ET",0xf6e7e0c94cba17f17c011726a07b4fd334b9ff8592cbe6136bb54b3a38a20f76,Down,47.00,20,,,0xeae6182142dd35bb6597aa80bb7dae13b6a692de8cd1cc2c14f6f5fbb455d7bb
2026-06-04 18:28:33,Foggia: Mayar Sherif vs Giorgia Pedone,0x73228e7ba976545fdc2f33c8aeae46ccc8fc7b7c24f8e20ad91b38da5503ac50,Giorgia Pedone,99.90,120.48,,,0x750fa85e9c78b676b63ed669eb89136a4dbaf5d0e448f0a05f12ae39451352fb
2026-06-04 18:28:33,Guatemala vs. Czechia: O/U 4.5,0x59c5f2098b9bc61cd0007c3d0b73e0e84263d7d7634ac839d3a4d16a1f252444,Over,21.00,25.190475,,,0x2ed214ea2c25d2e5efc3f8fbb60cd8d100305e02e675437adca6501fc15613ee
2026-06-04 18:28:33,Will IR Iran win on 2026-06-04?,0x9abb037df729683b3e26bfd93427fd6af3bb56799baf4b6a4ac824b527eb30e8,Yes,99.00,21.91,,,0x2df4b02030b25293271f0767d904fd65765639cdaf6cf5f866e4da9c6f86fb75
2026-06-04 18:28:33,Counter-Strike: Liquid vs Heroic (BO3) - IEM Cologne Major Stage 1,0x351383a1548b4900556493b770b0a95b6879cd94f1bf3995b66e96381b687ea2,Heroic,8.00,45.66,,,0xe7b9f884d6a4266988372e596acca86037e6266b12f359dcfe3d583d378edd86
2026-06-04 18:28:33,LoL: ⁠Movistar KOI Fénix vs UCAM Esports Club (BO5) - LES Playoffs,0x19e5fe2c444f9a696482c66e66485c5b6c373e7a9a8bf6baa368c9ff3aa0dbba,⁠Movistar KOI Fénix,20.00,35,,,0x740d47b8e52727926b498be6cbd16749e188e05e47417db91a35a5fd8f7b636f
2026-06-04 18:28:33,"Bitcoin Up or Down - June 4, 2:25PM-2:30PM ET",0xf6e7e0c94cba17f17c011726a07b4fd334b9ff8592cbe6136bb54b3a38a20f76,Down,46.00,5,,,0x8263794bcf9e7374ddfe1a7bf9adcc5c5a86266549850dfe37c99569b7aedca3
2026-06-04 18:28:33,"Bitcoin Up or Down - June 4, 2:25PM-2:30PM ET",0xf6e7e0c94cba17f17c011726a07b4fd334b9ff8592cbe6136bb54b3a38a20f76,Down,47.00,17.723403,,,0xd8499415e71d9cc75a22872eb66eb9c05cc2f1539d4436db53134d7bc049fd0f
2026-06-04 18:28:33,"Solana Up or Down - June 4, 2:25PM-2:30PM ET",0xaa3b1523de28d0a85a75bb16666b6690cd278f91014c089e37d8c2a240d9e0f2,Up,34.00,2.941175,,,0xb5ec3d02e3e7ff2134bcdbd1246db84eb62da669ee0d247ef3159c25e725b656
2026-06-04 18:28:33,Will the highest temperature in Los Angeles be 55°F or below on June 5?,0x59cf9701f9af1a2efe2b71d922d584adc02782a6ba820836866621b99ed71363,No,99.90,30.03,,,0xbfb6f430088007108b3158378250b6f9eddb38c9067a5a738d15e289ad0362fb
2026-06-04 18:28:33,San Francisco Giants vs. Milwaukee Brewers,0xea40d14a5a09949432159e0c40b9f4ebaf86e2bfc5f542246516c75ef6da385d,San Francisco Giants,65.00,30,,,0xb535bcfbdadc86dcf2e91fc0fd23ba9ec984758fa70c6246f6a8b9e0c35c9cd1
2026-06-04 18:28:33,"Solana Up or Down - June 4, 2:25PM-2:30PM ET",0xaa3b1523de28d0a85a75bb16666b6690cd278f91014c089e37d8c2a240d9e0f2,Down,61.00,12.19,,,0x96150df68f5f85236cdd23525cb486a60181f5990fa16a230b6cdd5a3d11cbe4
2026-06-04 18:28:33,"Bitcoin Up or Down - June 4, 2:25PM-2:30PM ET",0xf6e7e0c94cba17f17c011726a07b4fd334b9ff8592cbe6136bb54b3a38a20f76,Up,55.00,8.345453,,,0x37a63ba0c52fca6cf2b3c55f99b68e71d5ff6e4addff8ccb14f4cc37dccc0fb6
2026-06-04 18:28:33,"Bitcoin Up or Down - June 4, 2:25PM-2:30PM ET",0xf6e7e0c94cba17f17c011726a07b4fd334b9ff8592cbe6136bb54b3a38a20f76,Down,46.00,5.086955,,,0xe88c82ba9969d078f20ec49e365cad99128d90410566f324bb9e54b12ecf6d82
2026-06-04 18:28:31,"Bitcoin Up or Down - June 4, 2:25PM-2:30PM ET",0xf6e7e0c94cba17f17c011726a07b4fd334b9ff8592cbe6136bb54b3a38a20f76,Up,54.00,185.185184,,,0x888aae5f72315c5cd706dbcb59cb8f0b378a9111da24e96a5be48cbed4c72d99
2026-06-04 18:28:31,Will Ahmed al-Sharaa win the Nobel Peace Prize in 2026?,0x0d58510591b53c9837c30c1f5a202232da376460634aee9da71a6bfeb15350bb,No,99.10,53.935333,,,0xb768f71136d323fa53e655c2b4c68472196b995079e963056ddeb3b2b0fb978a
2026-06-04 18:28:31,Strait of Hormuz traffic returns to normal by June 15?,0x46666ceb4c63814f38a8c83784ae10e1c2e1ef52e2db648372bd86dea521cf64,No,96.58,362.393814,,,0xa29631613d421b6727a6500400afcae76b9a1ea5fbbd4ae930a9f444c9428180
2026-06-04 18:28:31,"Bitcoin Up or Down - June 4, 2:25PM-2:30PM ET",0xf6e7e0c94cba17f17c011726a07b4fd334b9ff8592cbe6136bb54b3a38a20f76,Down,47.00,5,,,0xe770c8ee53bfd1eaa8b089c797e4eb715a0444b287b0e712804fec810abcf8ff
2026-06-04 18:28:31,"Will Gold (XAUUSD) hit (LOW) $4,300 Week of June 1 2026?",0xecd936677549d389cdf610d7d5a4b69cbe68412208bb25d918d67cf547465a06,Yes,3.00,31.25,,,0x408096663ac4bd9e265681867cde199942a0a92332be00c3f833948900b05969
2026-06-04 18:28:31,"XRP Up or Down - June 4, 2PM ET",0x5d9aa19269933ef8dd98d3cb3f06ebe4adee0ab4e29e9d7bf12426277fbef93f,Up,75.00,1.68,,,0xfe13a7595a860f806026f413b75841cafaebc215926ffa7b8b1309120ca04ff7
2026-06-04 18:28:31,Makarska: Elina Avanesyan vs Dominika Salkova,0xd3c6d40aff15bad564a6421cd9011c149c488b657863e373ae23f70a9fc4c1a0,Elina Avanesyan,90.00,5189,,,0x90c477539f679618cbd7a7ccce2f02b7d9a87108bf5b8a494fb7a2fa6d7be49e
2026-06-04 18:28:31,Will Sweden win on 2026-06-04?,0xdb2128a475e15e341d4ea0a5e5b86daea6d4141be9c6771564b320221c41c54b,Yes,31.00,120.76,,,0xe3dc8459be65c42f109ed5367d588f404a239b4d8a30322df1be509078dea523
2026-06-04 18:28:31,"Will Hyperliquid reach $100 by December 31, 2026?",0xeae133a71045c94ab57717d3f4aab62758e2a915a27f9606e383024975264467,Yes,41.00,500,,,0x895af3b3ff8b093369e5e4d0738cb1742944eebba48abe8d6e074b73ccb3cdfe
2026-06-04 18:28:31,"Ethereum Up or Down - June 4, 2:25PM-2:30PM ET",0x26442be9d9b6ec037e586102fb23739181eec19ce2f790083a7bad87b0abe5cc,Up,32.00,5.78125,,,0xabd5b53b6650d274c480d9f59fc5bb7682f78d122d5fd34c77cb405befc6ac9f
2026-06-04 18:28:31,Makarska: Elina Avanesyan vs Dominika Salkova,0xd3c6d40aff15bad564a6421cd9011c149c488b657863e373ae23f70a9fc4c1a0,Elina Avanesyan,89.00,20,,,0x48b53c03d4c1b625a664a84acd72079db7504f53afb11db4d125752a8f6b25c9
2026-06-04 18:28:31,Makarska: Elina Avanesyan vs Dominika Salkova,0xd3c6d40aff15bad564a6421cd9011c149c488b657863e373ae23f70a9fc4c1a0,Dominika Salkova,11.00,141,,,0xde230e712a76a5c96548c332dcff106bae533ad0a2e8f1a8238c3bd3b1dba02b
2026-06-04 18:28:31,"Bitcoin Up or Down - June 4, 2:25PM-2:30PM ET",0xf6e7e0c94cba17f17c011726a07b4fd334b9ff8592cbe6136bb54b3a38a20f76,Up,54.00,7.907406,,,0x5bdb81faa8f5bb66fc708cde6ca2fc53618c8f23778fe6120414e9afb69d8199
2026-06-04 18:28:31,"Bitcoin Up or Down - June 4, 2:25PM-2:30PM ET",0xf6e7e0c94cba17f17c011726a07b4fd334b9ff8592cbe6136bb54b3a38a20f76,Up,53.00,2.08,,,0xa5d26a74e4b983a6fd03db7dac229e6f02febb167b0ce1aa2f955e520cfe9bfe
2026-06-04 18:28:31,"Solana Up or Down - June 4, 2:25PM-2:30PM ET",0xaa3b1523de28d0a85a75bb16666b6690cd278f91014c089e37d8c2a240d9e0f2,Up,34.00,2.941175,,,0x9ca837af7eaba5e4e9cca31646936cc37e38500bd27704550c11dea3818c0056
2026-06-04 18:28:31,Makarska: Elina Avanesyan vs Dominika Salkova,0xd3c6d40aff15bad564a6421cd9011c149c488b657863e373ae23f70a9fc4c1a0,Elina Avanesyan,89.00,20,,,0x883e2fb06e696a8cc5e2e060a466514086228c82ff3a3247d63966cc5fa1dedb
2026-06-04 18:28:31,Andorra vs. Liechtenstein: O/U 0.5,0x44c69ccab540f0eb29bf1a49ad46018e4cd6e91f6b80bbae12b27886e221ad2f,Over,47.81,41.3125,,,0xd3f0f29b36e58c86424463395bb1e32a1a6189b6c46566512f1ff90218f8756e
2026-06-04 18:28:31,Makarska: Elina Avanesyan vs Dominika Salkova,0xd3c6d40aff15bad564a6421cd9011c149c488b657863e373ae23f70a9fc4c1a0,Elina Avanesyan,90.00,20,,,0x1b97a12f9cc9ea23311fb79d0f3fb80d994ce8461f18976a6100c718c2a855ee
2026-06-04 18:28:31,Counter-Strike: Liquid vs Heroic - Map 2 Winner,0xff5ee1b61898d96c561eafefb9da580a67f07848a33ab3257a53c32ae4634223,Liquid,85.00,8,,,0x09acda1ece7a5e28ece0dea554f16fc1b863137a7336e00aa9eaa2f8514072c2
2026-06-04 18:28:31,Cleveland Guardians vs. New York Yankees,0xfdbba7f905701ebf33b6c83d38d8d39a1c40c49ea0f36d86bf0571aed682f2c6,Cleveland Guardians,53.00,69.811319,,,0x08e8fb9a729bf6c786b96a2dc1d71c3cec52989ad07e71af85efb1735cf95523
2026-06-04 18:28:31,"Bitcoin Up or Down - June 4, 2:25PM-2:30PM ET",0xf6e7e0c94cba17f17c011726a07b4fd334b9ff8592cbe6136bb54b3a38a20f76,Down,46.00,6,,,0x9044231ff7972587cfe800de258f978aa0a162a49b2c0a4463a8e804945e98da
2026-06-04 18:28:31,"Bitcoin Up or Down - June 4, 2:25PM-2:30PM ET",0xf6e7e0c94cba17f17c011726a07b4fd334b9ff8592cbe6136bb54b3a38a20f76,Up,53.00,16.99,,,0x315a1850c9ea88dfd4cd6f81d0f70e32804e2d5b2cd3bb9bed1198ea379d2d5d
2026-06-04 18:28:31,Will Norway win the 2026 FIFA World Cup?,0x7b52405ad0e0d31bfe970940b67d77f24ecedeab8a2361c11148c02a006e325c,Yes,2.50,115.38,,,0xffcca8b1ebb0855cb2203b6392820071dd353fd2b09ee87d04b39b39edf85908
2026-06-04 18:28:31,"XRP Up or Down - June 4, 2PM ET",0x5d9aa19269933ef8dd98d3cb3f06ebe4adee0ab4e29e9d7bf12426277fbef93f,Up,75.00,1.88,,,0x473b3970dc23f5a75bcad039d6af90359714d0fc57d5a4af572873ab3035dd11
2026-06-04 18:28:31,"Bitcoin Up or Down - June 4, 2:25PM-2:30PM ET",0xf6e7e0c94cba17f17c011726a07b4fd334b9ff8592cbe6136bb54b3a38a20f76,Down,46.00,3,,,0x1a45073ed0303555872eb8b3ea96a5a985c5f0488908be193eb8033181be3e97
2026-06-04 18:28:31,"Bitcoin Up or Down - June 4, 2:25PM-2:30PM ET",0xf6e7e0c94cba17f17c011726a07b4fd334b9ff8592cbe6136bb54b3a38a20f76,Down,47.00,53.191488,,,0x9e1a72ccc0ed761dc37c499dd9eb1a1b40f81d3054f69f355423e5876ae41e9b
2026-06-04 18:28:31,"Bitcoin Up or Down - June 4, 2:25PM-2:30PM ET",0xf6e7e0c94cba17f17c011726a07b4fd334b9ff8592cbe6136bb54b3a38a20f76,Up,54.00,10.31,,,0xaea1643d789ac3f757a9a651fa3548dd76bf11902c47e2d1a2b7cde4b0120cb3
2026-06-04 18:28:31,"Bitcoin Up or Down - June 4, 2:25PM-2:30PM ET",0xf6e7e0c94cba17f17c011726a07b4fd334b9ff8592cbe6136bb54b3a38a20f76,Down,47.00,19,,,0xc78c494f8606a4ac68d032f64f6c974cc08da3ce237c845c268360b86a513831
2026-06-04 18:28:31,"Bitcoin Up or Down - June 4, 2:25PM-2:30PM ET",0xf6e7e0c94cba17f17c011726a07b4fd334b9ff8592cbe6136bb54b3a38a20f76,Down,47.00,2.127658,,,0x063de21399c8f8a01c1f8d258dde261f8db57790fc74a3650d91bfce7282a2a8
2026-06-04 18:28:31,"Solana Up or Down - June 4, 2:25PM-2:30PM ET",0xaa3b1523de28d0a85a75bb16666b6690cd278f91014c089e37d8c2a240d9e0f2,Up,33.00,4.16,,,0xc35579e69d04cd7039e1ab6253c191809da852529045781877b7a72e5e4212ae
2026-06-04 18:28:31,"Bitcoin Up or Down - June 4, 2:25PM-2:30PM ET",0xf6e7e0c94cba17f17c011726a07b4fd334b9ff8592cbe6136bb54b3a38a20f76,Down,46.00,6.06,,,0xc9f306c709b4c827418aa0cd3ad73037a1fad185798105a3de0f12344f9f6dc1
2026-06-04 18:28:31,"Bitcoin Up or Down - June 4, 2:25PM-2:30PM ET",0xf6e7e0c94cba17f17c011726a07b4fd334b9ff8592cbe6136bb54b3a38a20f76,Down,46.00,3,,,0xa925cab6f98175d01cccaa46da7cf31132de35ad3412cb286d436cd753933d6b
2026-06-04 18:28:31,Counter-Strike: AM Gaming vs ex-RUBY - Map 2 Winner,0xa52d29eeea17288a74e7130544ab81ed81122c60894dfb2b7893ae74c8f1a889,ex-RUBY,64.00,100,,,0x2e5425f71bf42ac578097b8a73fe7ea4db37a5977cb8307da5f7bc75beafb15a
2026-06-04 18:28:31,Sweden vs. Greece: O/U 2.5,0xe3f685835d7fc6afbbc5de38ef7400dee5c8d06d43d7fcf1f90044e0025298d9,Under,43.00,5,,,0x4cffb65793f89fe35ab53b8425b322f0276d21a559edf96f7fa177ec51a4d63a
2026-06-04 18:28:30,"Bitcoin Up or Down - June 4, 2:25PM-2:30PM ET",0xf6e7e0c94cba17f17c011726a07b4fd334b9ff8592cbe6136bb54b3a38a20f76,Down,46.00,3,,,0x0abc2a4c3a0de3710b213b18e15d7822cda4a602ab7012b0e8bcb51fc134bec0
2026-06-04 18:28:30,Cleveland Guardians vs. New York Yankees: O/U 6.5,0x383d3adf49e1607aaae6447e30b79942189c9662313a141b044fb5c323c028d2,Under,49.00,34.897958,,,0x9889302419c8dbddc3f9a1221978fb69b0eb3153183f52adace616754692fd21
2026-06-04 18:28:30,"Bitcoin Up or Down - June 4, 2:25PM-2:30PM ET",0xf6e7e0c94cba17f17c011726a07b4fd334b9ff8592cbe6136bb54b3a38a20f76,Down,47.00,10,,,0xd2c644d031cea1138ebc1b5622cdb11f93dd3e708c2017c408b7d209282b72a4
2026-06-04 18:28:30,"Bitcoin Up or Down - June 4, 2:25PM-2:30PM ET",0xf6e7e0c94cba17f17c011726a07b4fd334b9ff8592cbe6136bb54b3a38a20f76,Down,47.00,53,,,0xcb4a24a745d983f834e9566b1f40b53230290b7dcdf3596c029bf7c68dfbc29e
2026-06-04 18:28:30,Counter-Strike: Liquid vs Heroic - Map 2 Winner,0xff5ee1b61898d96c561eafefb9da580a67f07848a33ab3257a53c32ae4634223,Liquid,85.00,8,,,0x11aa6dbe6f84660e5aaaaf7c7b198c67ca1401e41017d1f549baa3a0dd5b16de
2026-06-04 18:28:30,"Bitcoin Up or Down - June 4, 2:25PM-2:30PM ET",0xf6e7e0c94cba17f17c011726a07b4fd334b9ff8592cbe6136bb54b3a38a20f76,Up,54.00,25,,,0x21ead64a04902d64c1a5403eb7c2b3d421bbe5c07d83cb2b0b7a0243f6f80e6e
2026-06-04 18:28:30,"Bitcoin Up or Down - June 4, 2:25PM-2:30PM ET",0xf6e7e0c94cba17f17c011726a07b4fd334b9ff8592cbe6136bb54b3a38a20f76,Up,54.00,1.85185,,,0x0b15ca0bf0fd1607c331fcef7e5a17e5138becfdb5207dc0c2c7d772573c4882
2026-06-04 18:28:30,Counter-Strike: M80 vs NRG - Map 2 Winner,0x57713f6aa15c35ce6185819f4b554fa3f3cac40a7617116f1098bef9afec829f,NRG,63.00,15.873013,,,0x9f299e636716de2ae93aca5ef55db89f2a6025609a721235e616e8de4d791e33
2026-06-04 18:28:30,Will the highest temperature in Miami be between 82-83°F on June 4?,0xea37de4551203d4bbe759ee5c29ec56d681fc90a2ced24377b8a4ff767ea9723,Yes,64.00,5,,,0x20be48b729ae8c3e66c1e5071ab5f12f11e56c6cecf8767da32c0c1b9e07ca56
2026-06-04 18:28:30,"Bitcoin Up or Down - June 4, 2:25PM-2:30PM ET",0xf6e7e0c94cba17f17c011726a07b4fd334b9ff8592cbe6136bb54b3a38a20f76,Up,56.00,1.785713,,,0x97130be9cd5bc6342dd8a2610716291baa46070eb85107b14e08e6b3a68fa5e2
2026-06-04 18:28:30,"XRP Up or Down - June 4, 2:25PM-2:30PM ET",0x1dda94c24b0e85e81306fd852ef834d4205674fb324b75d33ac401ca0010161c,Up,79.00,5,,,0xc6503caf6cb4fe56f2ab634226b8c22978559c75a85de0ed86881da02a365bc3
2026-06-04 18:28:30,"Bitcoin Up or Down - June 4, 2:30PM-2:35PM ET",0x51dcfba27586c391de127ab5a8e9baa4680d301a39f09db459e9b05f49102973,Up,51.00,9.80392,,,0xcbba7baa0de70fe2b35113babb98d54a3df12a3ca3e7b31ab6b12a937a3a2060
2026-06-04 18:28:30,Makarska: Elina Avanesyan vs Dominika Salkova,0xd3c6d40aff15bad564a6421cd9011c149c488b657863e373ae23f70a9fc4c1a0,Elina Avanesyan,90.00,32,,,0xb9e51ac78672587d0b18784da9d87da420b4456daa14bd961ec7cf2cab5fab2b
2026-06-04 18:28:30,Makarska: Elina Avanesyan vs Dominika Salkova,0xd3c6d40aff15bad564a6421cd9011c149c488b657863e373ae23f70a9fc4c1a0,Elina Avanesyan,90.00,5,,,0x88641bdcf50b36eae24bb7caa9574eaaba25d12dfe7c28d7baa5ba7796973048
2026-06-04 18:28:30,Makarska: Elina Avanesyan vs Dominika Salkova,0xd3c6d40aff15bad564a6421cd9011c149c488b657863e373ae23f70a9fc4c1a0,Elina Avanesyan,90.00,5,,,0x0f7e34516b4051d73f0156d21c2f97927b8888e51a975d4c64b8421bfd0b2f3b
2026-06-04 18:28:30,Makarska: Elina Avanesyan vs Dominika Salkova,0xd3c6d40aff15bad564a6421cd9011c149c488b657863e373ae23f70a9fc4c1a0,Dominika Salkova,10.00,60,,,0xbf9d6deb9b89f039e0e911d505849954fd6a93425e20610471262a21a14bc91f
2026-06-04 18:28:30,"Bitcoin Up or Down - June 4, 2:25PM-2:30PM ET",0xf6e7e0c94cba17f17c011726a07b4fd334b9ff8592cbe6136bb54b3a38a20f76,Down,47.00,15,,,0x7aa13def992f309f66970d5ffff4c1f5f6c3aadf0d55a7f933f86b5c725285a7
2026-06-04 18:28:30,Will Karen Bass & Spencer Pratt advance to the second round of the 2026 Los Angeles mayoral election?,0x0e2e5c0146c730a2e4ef8031c9128b4efef451a9f4832f42b46997926f9e1303,No,65.00,2,,,0xbe2bc1504fa566721f55f420c3287fb9909120711f3249d18f4fdb559ca4ba77
2026-06-04 18:28:30,"Bitcoin Up or Down - June 4, 2:25PM-2:30PM ET",0xf6e7e0c94cba17f17c011726a07b4fd334b9ff8592cbe6136bb54b3a38a20f76,Down,48.25,19.57,,,0x1456aa407a01fc7880f3faecc4dd1f4ce39725477d897d17395aab490b0eaa43
2026-06-04 18:28:30,"XRP Up or Down - June 4, 2:25PM-2:30PM ET",0x1dda94c24b0e85e81306fd852ef834d4205674fb324b75d33ac401ca0010161c,Up,79.00,10,,,0xc347d5242c8bd32a1697ab501539aaa88097415896c4e8e56235ca1f7a6b90d9
2026-06-04 18:28:30,"Ethereum Up or Down - June 4, 2:25PM-2:30PM ET",0x26442be9d9b6ec037e586102fb23739181eec19ce2f790083a7bad87b0abe5cc,Up,31.00,17.3,,,0xa5240f7ebb25f7a5cb180ec6dc75bfbc8a1f82843fd03fa9daf2549e5ed31577
2026-06-04 18:28:30,Will the highest temperature in Miami be between 82-83°F on June 4?,0xea37de4551203d4bbe759ee5c29ec56d681fc90a2ced24377b8a4ff767ea9723,No,36.00,42.61,,,0x32ad927b7dafee75ec27d61e3cbdad32e4f502841c2554cb0cb3d21dc230f3e5
2026-06-04 18:28:30,"Bitcoin Up or Down - June 4, 2:25PM-2:30PM ET",0xf6e7e0c94cba17f17c011726a07b4fd334b9ff8592cbe6136bb54b3a38a20f76,Down,47.88,40,,,0xa787a7b33bc38583b5d015d84e387c55bba027ee13b3c889af041cc517110e89
2026-06-04 18:28:30,"Bitcoin Up or Down - June 4, 2:25PM-2:30PM ET",0xf6e7e0c94cba17f17c011726a07b4fd334b9ff8592cbe6136bb54b3a38a20f76,Up,51.00,4.87,,,0x75892cd128d8b7423e4e5cbf2f147e1fecca8e001672fe4bfa4b10c3eb0af586
2026-06-04 18:28:30,Perugia: Marco Cecchinato vs Timofey Skatov,0x508bd7c41d8e24db2331cf59de045395f0d067bb21fdb2d0e6b288dec27197dd,Timofey Skatov,43.00,212.76,,,0x3f581e9aee86013403575227afda1ddde6c0a62a98da80e5869637eaf39bca3f
2026-06-04 18:28:30,"Bitcoin Up or Down - June 4, 2:25PM-2:30PM ET",0xf6e7e0c94cba17f17c011726a07b4fd334b9ff8592cbe6136bb54b3a38a20f76,Down,46.35,15.276594,,,0x6246954e4496284070d8b264717c21e2226a4bf66bef9efe75abf85cfb4d568e
2026-06-04 18:28:30,"Bitcoin Up or Down - June 4, 2:25PM-2:30PM ET",0xf6e7e0c94cba17f17c011726a07b4fd334b9ff8592cbe6136bb54b3a38a20f76,Up,57.00,41.2,,,0x109f71d06ec6df3fad7d847a33baae4bd7e637c36d6922128e5ec38e3533728c
2026-06-04 18:28:30,"Ethereum Up or Down - June 4, 2:25PM-2:30PM ET",0x26442be9d9b6ec037e586102fb23739181eec19ce2f790083a7bad87b0abe5cc,Up,31.00,9.63,,,0x5de4a419294c264e8c278c88264163ce0bf31caf069adfa9f6dec791b436b942
2026-06-04 18:28:30,Will Northern Ireland win on 2026-06-04?,0x0dac89b452e071241361b7d0a0d7b1eded82c6cf8bc4b3aa596c6224fb1af145,Yes,99.90,13.04,,,0xe7a1cd2cd7fce8e151390a7557e0d3dca72e6a778be4a72138079641b61dab97
2026-06-04 18:28:30,Will IR Iran win on 2026-06-04?,0x9abb037df729683b3e26bfd93427fd6af3bb56799baf4b6a4ac824b527eb30e8,Yes,99.00,175.9,,,0x4e359d13a483dc915ebdf6890636a5959950433515394eb683409bd1a87a9539
2026-06-04 18:28:30,"Will the price of Bitcoin be above $62,000 on June 5?",0x190fc95b15669ac1c463a3606ae451e576ec0b347903b064d1a4a9521327735b,Yes,82.00,8.719511,,,0xb59f47a3e4aa0488ef6b193382796ef223ef8fde9aa6e35076e481d6c7559593
2026-06-04 18:28:30,Will Marco Rubio win the 2028 Republican presidential nomination?,0x21ad31a46bfaa51650766eff6dc69c866959e32d965ffb116020e37694b6317d,No,33.30,3.49,,,0x09512d3021913176d2ae1f8b6b361d9b7819af33813f8354f84bb79164b09b15
2026-06-04 18:28:30,Counter-Strike: Liquid vs Heroic - Map 2 Winner,0xff5ee1b61898d96c561eafefb9da580a67f07848a33ab3257a53c32ae4634223,Liquid,85.00,8,,,0x72c581e4579020e86ad62f5d597620e0199d739841777e95b494cb441b736ceb
2026-06-04 18:28:30,Will Karen Bass & Spencer Pratt advance to the second round of the 2026 Los Angeles mayoral election?,0x0e2e5c0146c730a2e4ef8031c9128b4efef451a9f4832f42b46997926f9e1303,Yes,36.00,733.416665,,,0x8ee50687b99f4b0c3f8a4c2b3a83adef37eb82aecab89bf129aea55c841fa83c
2026-06-04 18:28:30,"Bitcoin Up or Down - June 4, 2:25PM-2:30PM ET",0xf6e7e0c94cba17f17c011726a07b4fd334b9ff8592cbe6136bb54b3a38a20f76,Down,44.35,1014.76311,,,0x99251165fafebca1fb1e306e1d84cc9708579b6ecf542dd85d26279e015eb0b7
2026-06-04 18:28:28,"Will the price of Bitcoin be above $62,000 on June 5?",0x190fc95b15669ac1c463a3606ae451e576ec0b347903b064d1a4a9521327735b,Yes,80.44,18,,,0xbd6ffe12071a4b448bf33edc0d8da172b0027ebeb8385353c1d7eee943a0656f
2026-06-04 18:28:28,"Bitcoin Up or Down - June 4, 2:25PM-2:30PM ET",0xf6e7e0c94cba17f17c011726a07b4fd334b9ff8592cbe6136bb54b3a38a20f76,Up,56.00,1.61,,,0x29fc7d225753fd57cc253ff46b20236b09d1ed485bb6eeb961a9f57a7467b4dc
2026-06-04 18:28:28,Will the highest temperature in San Francisco be between 64-65°F on June 4?,0x2590e4d7afdcd54b1a44ead2465f46ccd1c913918e36fe02271c41ee13a90635,Yes,0.10,0.02,,,0x9c7cc00cff812617f9b5f1d3fb7500f5ea904944cea2f269bde2fdbc3b869ca1
2026-06-04 18:28:28,"Will the price of Bitcoin be above $72,000 on June 5?",0xa9910ca00192109d183a695fa5185f947e16334e7fa8f327b6183defe54dc85d,No,99.90,97.28,,,0x2089ae0e0c3506661070c4373ef8c17eba3048b4239897d53fc66beed237b2dd
2026-06-04 18:28:28,Will Nick Taylor win the 2026 the Memorial Tournament presented by Workday?,0x6160e89c2e0fb9d25d7747832f1c77e5a540b2e883b997a37fb9b534e1e91d48,No,96.50,285,,,0xf955f7a7a4e46645b634fa695fa22a17d4e5de576907ea39ae05fa3a396ff872
2026-06-04 18:28:28,Will Sweden win on 2026-06-04?,0xdb2128a475e15e341d4ea0a5e5b86daea6d4141be9c6771564b320221c41c54b,Yes,31.00,30,,,0x59ab45b2ffff4cdf376d2fc21c390106ee04ab45ce7c7d582bd8641676dd43e2
2026-06-04 18:28:28,Will Egypt win the 2026 FIFA World Cup?,0x7412d284c8f63791fec807f9b1f61c6fe61163621775a3dc8686cd2575272abe,No,99.80,79,,,0x19af0d822a8f3408112b66ed9848eb82c907a62236dc734ca0a0759f50094e62
2026-06-04 18:28:28,San Francisco Giants vs. Milwaukee Brewers,0xea40d14a5a09949432159e0c40b9f4ebaf86e2bfc5f542246516c75ef6da385d,Milwaukee Brewers,35.00,40,,,0x5f2812ecbc771e4ac7ba223bcae2a4939698faa6df14d2117ee5410ea656d090
2026-06-04 18:28:28,Counter-Strike: M80 vs NRG - Map 2 Winner,0x57713f6aa15c35ce6185819f4b554fa3f3cac40a7617116f1098bef9afec829f,M80,38.00,75.789472,,,0x56c8546e789d7177440df1a4c88da18a98f9c59e52afd340fc5a91cefa95cfc4
2026-06-04 18:28:28,"Bitcoin Up or Down - June 4, 2:25PM-2:30PM ET",0xf6e7e0c94cba17f17c011726a07b4fd334b9ff8592cbe6136bb54b3a38a20f76,Up,58.00,3.79,,,0xb6b22cd5cca8b316ad60c74653260cc99b910ac0dfa4f166da7715fe4ee6d3b5
2026-06-04 18:28:28,"Bitcoin Up or Down - June 4, 2:25PM-2:30PM ET",0xf6e7e0c94cba17f17c011726a07b4fd334b9ff8592cbe6136bb54b3a38a20f76,Down,39.00,50.256409,,,0xe83d6c136a9289618806f2bd7a2ef6ec64b237844641d3d92ba07288453801e3
2026-06-04 18:28:28,Foggia: Mayar Sherif vs Giorgia Pedone,0x73228e7ba976545fdc2f33c8aeae46ccc8fc7b7c24f8e20ad91b38da5503ac50,Giorgia Pedone,99.90,283.33,,,0x28c6929de0be96b26b3d68c0a446fcb74307804fe8d7e39e7474cd89aa2cc49a
2026-06-04 18:28:28,"Bitcoin Up or Down - June 4, 2:25PM-2:30PM ET",0xf6e7e0c94cba17f17c011726a07b4fd334b9ff8592cbe6136bb54b3a38a20f76,Down,42.00,2.380951,,,0xec67f1b61014d3be858c6825146dae8898c4e7130c9cc903951ae41cf161584b
2026-06-04 18:28:28,Will Slovenia vs. Cyprus end in a draw?,0xbcf5fcd8dee683592995977a35f5d46f30bdeb0f46ed306386956c054cee52a0,Yes,99.90,4.76,,,0x60b4073744bd8446c82becafe3b28a0f124f6f35763c4cdef0c32f4fc7da6ec5
2026-06-04 18:28:28,"Bitcoin Up or Down - June 4, 2:25PM-2:30PM ET",0xf6e7e0c94cba17f17c011726a07b4fd334b9ff8592cbe6136bb54b3a38a20f76,Down,39.00,2.564101,,,0x835d72c3fabef5c123ace7f0fcb521b92a17eed9de2a64a257a97492c0ef08f9
2026-06-04 18:28:28,"Bitcoin Up or Down - June 4, 2:25PM-2:30PM ET",0xf6e7e0c94cba17f17c011726a07b4fd334b9ff8592cbe6136bb54b3a38a20f76,Up,61.00,6.5,,,0xb1c83a12b314714a715efd7a96d0d48ce5c5d6692c981d0c1746e4a97cd6c731
2026-06-04 18:28:28,"Ethereum Up or Down - June 4, 2:25PM-2:30PM ET",0x26442be9d9b6ec037e586102fb23739181eec19ce2f790083a7bad87b0abe5cc,Down,61.26,28.34,,,0x3b09e53b45ea43b9b29076effadab8903f74ff495bc1934bdc3999668fa4985c
2026-06-04 18:28:28,Toronto Blue Jays vs. Atlanta Braves,0x858b6b7d5f98af62410cde957e24a5439b9c0711b7afba878220e1e616cfb3a6,Toronto Blue Jays,31.00,6.25,,,0xf55235985ccb9f56f5af730880be5eb70c7525e5e1b191fddd6f449ad32bf021
2026-06-04 18:28:28,"Bitcoin Up or Down - June 4, 2:25PM-2:30PM ET",0xf6e7e0c94cba17f17c011726a07b4fd334b9ff8592cbe6136bb54b3a38a20f76,Down,41.47,18.90476,,,0x304298cccd252883659b8153393bad816b227c05e005b88734f1d000ee097eba
2026-06-04 18:28:28,WTI Crude Oil (WTI) closes above $93 on June 4?,0xe7e8c0f042738b8925f565d4f403f1353758fcff2ca226d9f4b45f584198ea6c,No,80.00,1.75,,,0xbe5246ee923d52b4906c4cd438578d11fd828f71b870fb4e7220ce4d6f19131f
2026-06-04 18:28:28,"Bitcoin Up or Down - June 4, 2:25PM-2:30PM ET",0xf6e7e0c94cba17f17c011726a07b4fd334b9ff8592cbe6136bb54b3a38a20f76,Down,41.00,13.77,,,0x43c226cc0b32e5142dc506050d05c2815460ea0001a4fbef026fbec59310a8a5
2026-06-04 18:28:28,"Bitcoin Up or Down - June 4, 2:25PM-2:30PM ET",0xf6e7e0c94cba17f17c011726a07b4fd334b9ff8592cbe6136bb54b3a38a20f76,Down,39.00,15,,,0x2351dc910fb1c4f5d11dc7ec3399a2be71ae3b944ecca0a14f6585e9e8d40089
2026-06-04 18:28:28,Will MrBeast's next video get between 61 and 62 million views on day 6?,0x3f8ce61acf767f0be3610410e581a052033c45b9be1b2104f15ab6ec6a3df0bf,Yes,12.00,33.57,,,0xa96c5d5bb94bc20a6cf805822c01f4a69d0823b0395aef65a14661fea9ebbc1a
2026-06-04 18:28:28,Perugia: Marco Cecchinato vs Timofey Skatov,0x508bd7c41d8e24db2331cf59de045395f0d067bb21fdb2d0e6b288dec27197dd,Marco Cecchinato,57.00,5.263155,,,0x7d1c9f8a5848506341ee7b501cf38413397b85de1d9f34531562dc88bfc79028
2026-06-04 18:28:28,Cleveland Guardians vs. New York Yankees,0xfdbba7f905701ebf33b6c83d38d8d39a1c40c49ea0f36d86bf0571aed682f2c6,New York Yankees,48.00,25,,,0x98eacd463dfe09fdd6df2f7328ac9b57e720592c9bbcbad0e4845b6bb14ddc4d
2026-06-04 18:28:28,"Bitcoin Up or Down - June 4, 2:25PM-2:30PM ET",0xf6e7e0c94cba17f17c011726a07b4fd334b9ff8592cbe6136bb54b3a38a20f76,Up,62.00,6.45161,,,0x0c14491a40c0302c533ebd58bd09c9d274deb0cd65a7b485002c37fe636cd9d6
2026-06-04 18:28:28,"Bitcoin Up or Down - June 4, 2:25PM-2:30PM ET",0xf6e7e0c94cba17f17c011726a07b4fd334b9ff8592cbe6136bb54b3a38a20f76,Down,39.00,20,,,0xb156e1ee3b231c6d02f3da737602e12999362249325f4a5bb0841c672e3eca5d
2026-06-04 18:28:27,Spread: Virtus Bologna (-4.5),0x2e4a34ee20ddd263014d3af1cd03ce05e59cb3478903d6840f966a26e955bffa,Reyer Venezia,47.00,3.063828,,,0xb784f8aafb9b51ba9d4432f06636162a7169e289b6a9148dde783aa8fdba828a
2026-06-04 18:28:27,"Bitcoin Up or Down - June 4, 2:25PM-2:30PM ET",0xf6e7e0c94cba17f17c011726a07b4fd334b9ff8592cbe6136bb54b3a38a20f76,Up,60.89,20,,,0x527b72c6c279962de5e62c31a63066d107f1cab5314bef2f344863bbdaffac41
2026-06-04 18:28:27,WTI Crude Oil (WTI) closes above $92 on June 4?,0x8d7570a3fcfbdb5ab9139e9619218279cd466c11a47c87de4edef6b1453df716,Yes,85.14,58,,,0x2db707dbf0ac4d4d145087797f8d1823bd6f168317a5338013c79aca6c2f9a30
2026-06-04 18:28:27,Spread: Spain (-1.5),0x7b5afd959f7f7427e7f646d0a52170063534b9309d51e4945c856a4705e62d8b,Spain,78.73,3810.390504,,,0x0db03ac0809a84c1253b9d278d191b6a76ef0b0b25cbfbe4c66b1dac9402382a
2026-06-04 18:28:27,"Bitcoin Up or Down - June 4, 2:25PM-2:30PM ET",0xf6e7e0c94cba17f17c011726a07b4fd334b9ff8592cbe6136bb54b3a38a20f76,Up,61.22,20,,,0x824136f4d910b95b2826452a391b3e412be2d7c6a0e25f351c974644571371a3
2026-06-04 18:28:27,Counter-Strike: M80 vs NRG - Map 2 Winner,0x57713f6aa15c35ce6185819f4b554fa3f3cac40a7617116f1098bef9afec829f,NRG,63.00,17.460316,,,0x8c6052ead1af4800777bae49e8b984e5124e693274ab378edf17106074682b6d
2026-06-04 18:28:27,Will Liechtenstein win on 2026-06-04?,0x0b161a0d30523fc1f4181fdd35834ffc1987188e682237ff3c9059c3acca6cfe,No,92.00,25,,,0x3bf09b5371862b03dd5b16b5e25ce44682833fe1ae56d7d8dcd69db29dcccb75
2026-06-04 18:28:27,Will Anthropic have the best AI model at the end of June 2026?,0xa4d72632ac0ddadcac5247ffc586a193f1bc3bc839cf9ce993c2471e0d599cca,Yes,82.94,120.568107,,,0xea94cb1699e5f1862adb8cc97ef94b4962f3d80f85e3a84f7d0530992d149540
2026-06-04 18:28:27,"Bitcoin Up or Down - June 4, 2:25PM-2:30PM ET",0xf6e7e0c94cba17f17c011726a07b4fd334b9ff8592cbe6136bb54b3a38a20f76,Up,61.00,5,,,0x4017c38e9f16dde401e9ab068de7a95d3a7e052bd1789cd8d76c4faa3c7ce7e1
2026-06-04 18:28:27,"Bitcoin Up or Down - June 4, 2:25PM-2:30PM ET",0xf6e7e0c94cba17f17c011726a07b4fd334b9ff8592cbe6136bb54b3a38a20f76,Up,61.00,20,,,0xc489e26ab490cc6efaea899b9c21970d85f5d0ca7085b6350b39de3c7cd51160
2026-06-04 18:28:27,"Bitcoin Up or Down - June 4, 2:25PM-2:30PM ET",0xf6e7e0c94cba17f17c011726a07b4fd334b9ff8592cbe6136bb54b3a38a20f76,Down,43.00,5,,,0x9766de1945454755bb03cd2ababce2eb082a8877485f8bc4f5b6bb50f9fd340b
2026-06-04 18:28:27,"Bitcoin Up or Down - June 4, 2:25PM-2:30PM ET",0xf6e7e0c94cba17f17c011726a07b4fd334b9ff8592cbe6136bb54b3a38a20f76,Up,58.00,5.172411,,,0xa91f3047938b7f8a2198858229be5475d38b55e9278db0e560f6be5470ee9626
2026-06-04 18:28:27,"Bitcoin Up or Down - June 4, 2:25PM-2:30PM ET",0xf6e7e0c94cba17f17c011726a07b4fd334b9ff8592cbe6136bb54b3a38a20f76,Up,57.00,6.92,,,0x5dd05dbf625a62934992fc5bc74bfc203e2c6d9dc50de57c6ed077a86517988e
2026-06-04 18:28:27,"US x Iran permanent peace deal by June 7, 2026?",0x366f89649caea042c96ee741b185461ec7faa408a2664ec44469a0061924b537,No,96.10,7.731528,,,0x1400a2958cf4916e32fa609a69db1d7755a970bc7ba94dcfa7d4e6c3ccb163a0
2026-06-04 18:28:27,"Bitcoin Up or Down - June 4, 2:25PM-2:30PM ET",0xf6e7e0c94cba17f17c011726a07b4fd334b9ff8592cbe6136bb54b3a38a20f76,Up,61.00,5,,,0x59144091aac243a96e02addf7d13628bf5cbf1e0ab5332767819d0b4003b629f
2026-06-04 18:28:27,"Bitcoin Up or Down - June 4, 2:25PM-2:30PM ET",0xf6e7e0c94cba17f17c011726a07b4fd334b9ff8592cbe6136bb54b3a38a20f76,Up,60.00,21,,,0x95fd77464e1bc5c7824a8f5b1e38cb8f6a85aa6671c25e1a798011692f137cc3
2026-06-04 18:28:27,"Bitcoin Up or Down - June 4, 2:25PM-2:30PM ET",0xf6e7e0c94cba17f17c011726a07b4fd334b9ff8592cbe6136bb54b3a38a20f76,Up,59.00,3.84,,,0xe748f86f78ccdf349f813f4455f18cc6d78c5d92dbf1ccef6007df29ae5897fb
2026-06-04 18:28:27,"Bitcoin Up or Down - June 4, 2:25PM-2:30PM ET",0xf6e7e0c94cba17f17c011726a07b4fd334b9ff8592cbe6136bb54b3a38a20f76,Up,58.00,12.5,,,0x1caa9b38a88d0e029aa85527a048fb9fce4c922b370fdd8837eea6158ccc9043
2026-06-04 18:28:27,Will the highest temperature in Munich be 18°C on June 5?,0x11fdca62ac50acb5248f3e2b06c49431761b3ac2fda42024be4d72cee7c7ca0d,No,69.00,8,,,0xb332a2cf5d48a986bb807a02d9fa072ed0e15de24d70f5094e510b6752120b04
2026-06-04 18:28:27,"Ethereum Up or Down - June 4, 2:25PM-2:30PM ET",0x26442be9d9b6ec037e586102fb23739181eec19ce2f790083a7bad87b0abe5cc,Up,35.43,52,,,0xe2ebba7516e0f4f637ca7c6c2dee9247785e319d1ebf98a5acfad4f3ff99e030
2026-06-04 18:28:27,San Francisco Giants vs. Milwaukee Brewers: O/U 10.5,0xbf2a6cbb65a457affd5f21b09783a53f826d23743d8ddfa2ac4266a3fc5a902c,Under,39.00,245.9,,,0xa1680f49daa1209558a50a94f0518b6d0f73e902d3a9e7b788a84061bbd77cf4
2026-06-04 18:28:27,"Bitcoin Up or Down - June 4, 2:25PM-2:30PM ET",0xf6e7e0c94cba17f17c011726a07b4fd334b9ff8592cbe6136bb54b3a38a20f76,Down,43.00,17,,,0x41fc1135ec3c2c264007898347fa61db155f41dec089a68ed708f163a865bcc5
2026-06-04 18:28:27,"Bitcoin Up or Down - June 4, 2:25PM-2:30PM ET",0xf6e7e0c94cba17f17c011726a07b4fd334b9ff8592cbe6136bb54b3a38a20f76,Down,43.00,11,,,0x403e49c9f895e81a05db9b43b21cb1080e1478e9b7107f67fe80421dd2ed3ae1
2026-06-04 18:28:27,Will Sweden win on 2026-06-04?,0xdb2128a475e15e341d4ea0a5e5b86daea6d4141be9c6771564b320221c41c54b,Yes,31.00,733.14,,,0x633a72c645148660bf53ebccc2c37a257dae2d1026d91f774f5bffe10e89ba57
2026-06-04 18:28:27,"Bitcoin Up or Down - June 4, 2:25PM-2:30PM ET",0xf6e7e0c94cba17f17c011726a07b4fd334b9ff8592cbe6136bb54b3a38a20f76,Up,57.00,5,,,0x0066d7839f2cad4f80138ed32f52cd115fc2cfb0e0118b6dc63c34d27c815fdc
2026-06-04 18:28:27,"Bitcoin Up or Down - June 4, 2:25PM-2:30PM ET",0xf6e7e0c94cba17f17c011726a07b4fd334b9ff8592cbe6136bb54b3a38a20f76,Up,58.00,11.379309,,,0x0d3ccd028bb42e1544870cd67620327272b5cea43397e5d863f2f96ca0776f86
2026-06-04 18:28:27,WTI Crude Oil (WTI) closes above $93 on June 4?,0xe7e8c0f042738b8925f565d4f403f1353758fcff2ca226d9f4b45f584198ea6c,No,80.00,0.75,,,0x2d908ddc3069af84a71b4469f84a37bcffe04f8a9aa2c69b0948d4fe567ff025
2026-06-04 18:28:27,"Ethereum Up or Down - June 4, 2:25PM-2:30PM ET",0x26442be9d9b6ec037e586102fb23739181eec19ce2f790083a7bad87b0abe5cc,Up,34.00,10,,,0x503121d5a4e9b05a171f2862ee050df1b187a78b67a15ced893b9b8e97fbeb09
2026-06-04 18:28:27,"Ethereum Up or Down - June 4, 2:25PM-2:30PM ET",0x26442be9d9b6ec037e586102fb23739181eec19ce2f790083a7bad87b0abe5cc,Up,34.00,41.75,,,0x9b4afe13d74eb256a4728adf2f71706ef42e4294b628e9b40cfefa4daeacb4be
2026-06-04 18:28:27,Spread: Virtus Bologna (-4.5),0x2e4a34ee20ddd263014d3af1cd03ce05e59cb3478903d6840f966a26e955bffa,Reyer Venezia,47.00,22,,,0x6f89aedd5bd97c60735773ab4a4caa981cd2c24965bb227a40153761f7206754
2026-06-04 18:28:27,"Bitcoin Up or Down - June 4, 2:30PM-2:45PM ET",0x061b207481cf9dc7bad7c8bd43dc5ab08279152de197ef0c762d58cebb490386,Up,49.00,5,,,0x9300048d87f47c008e24839783876c36599791d31643da7430450ae7f4a92e0e
2026-06-04 18:28:27,"Bitcoin Up or Down - June 4, 2:25PM-2:30PM ET",0xf6e7e0c94cba17f17c011726a07b4fd334b9ff8592cbe6136bb54b3a38a20f76,Down,43.00,17,,,0x09db537a2e7c2f0d2fa60f05483d183edd44d8041b641d98fdf3747a2d89d281
2026-06-04 18:28:27,"Bitcoin Up or Down - June 4, 2:25PM-2:30PM ET",0xf6e7e0c94cba17f17c011726a07b4fd334b9ff8592cbe6136bb54b3a38a20f76,Up,55.00,185.18,,,0x43d257a1c98a3e95ac78f50985f802748327f368f5c29f1696a24da06d732286
2026-06-04 18:28:27,"Bitcoin Up or Down - June 4, 2:25PM-2:30PM ET",0xf6e7e0c94cba17f17c011726a07b4fd334b9ff8592cbe6136bb54b3a38a20f76,Up,56.00,52.571427,,,0xf73b54c576cbd0c34911cf97101b523040679412c3e62b441dbfb68f5065f352
2026-06-04 18:28:27,"Bitcoin Up or Down - June 4, 2:25PM-2:30PM ET",0xf6e7e0c94cba17f17c011726a07b4fd334b9ff8592cbe6136bb54b3a38a20f76,Down,43.00,17,,,0xae4b92af93f8802258e6e8685166e4e17ba83ce4ec8c9f9f10639a439899290c
2026-06-04 18:28:27,"Bitcoin Up or Down - June 4, 2PM ET",0x3abc093600d2793741018001059df76f55349e8d9e5737c23816bbb5a0f42225,Up,58.00,6,,,0x0be267a77e27f1212abbf12142e06a4ea51b40726067648dd5a63833e633b19d
2026-06-04 18:28:27,France vs. Côte d'Ivoire: O/U 2.5,0x61365702e7a28523b9adcd9a7fb8ec1ee1ff555f2d122556f313355ea9db2c34,Over,65.00,7.676922,,,0x3ba2a276b15124441d1a7ed34e7f0f0a6b0af128c35abe513c2b87d0d217bf2b
2026-06-04 18:28:27,"Russia x Ukraine ceasefire agreement by December 31, 2026?",0x5c19f205507ce03ff5f3be08a8090a5969ea6870cc07b902a4ca2e61dfe48fdd,No,52.00,76,,,0x86516a81a3b1ab70e1f84e857cf09a5d6db84dbb85ab04d4a0d9406038decbe0
2026-06-04 18:28:27,France vs. Côte d'Ivoire: O/U 2.5,0x61365702e7a28523b9adcd9a7fb8ec1ee1ff555f2d122556f313355ea9db2c34,Over,65.00,46.13846,,,0x46d1a9329f7424da4f1e0a1ae4184dd83e2055c373d0a13dfc401abdc3bda59c
2026-06-04 18:28:27,"Bitcoin Up or Down - June 4, 2:25PM-2:30PM ET",0xf6e7e0c94cba17f17c011726a07b4fd334b9ff8592cbe6136bb54b3a38a20f76,Up,62.00,16.129031,,,0x922225f0f7722920beddd843da4f73a08b172773411e9720ffa24c874677bb9c
2026-06-04 18:28:27,"Bitcoin Up or Down - June 4, 2:25PM-2:30PM ET",0xf6e7e0c94cba17f17c011726a07b4fd334b9ff8592cbe6136bb54b3a38a20f76,Up,62.00,20,,,0x47c958c72bc38e75c868a2a6c0fd8297bd31b10f8e222756dbcc24a9b0f5819b
2026-06-04 18:28:27,"Bitcoin Up or Down - June 4, 2:25PM-2:30PM ET",0xf6e7e0c94cba17f17c011726a07b4fd334b9ff8592cbe6136bb54b3a38a20f76,Up,58.00,16.7,,,0x509337605f058bdb6092d95cf32d8ed1a057ab1c01f88c894c2d507b06a9713d
2026-06-04 18:28:27,Spread: Virtus Bologna (-4.5),0x2e4a34ee20ddd263014d3af1cd03ce05e59cb3478903d6840f966a26e955bffa,Reyer Venezia,47.00,18.93,,,0x86a3057d6591d5bddd0a95059f820a6e509bc63449645509fc2cfcd9b0df4c0c
2026-06-04 18:28:27,"Bitcoin Up or Down - June 4, 2:25PM-2:30PM ET",0xf6e7e0c94cba17f17c011726a07b4fd334b9ff8592cbe6136bb54b3a38a20f76,Up,62.00,5,,,0x21790cb98035bf33f42d51e2a79b9394ca3b5a4ccaf09f55e6584aea19f41709
2026-06-04 18:28:27,Will Andorra win on 2026-06-04?,0xab776168534d01a100f266e885dee0cd5ac1a9166edcda9aa89773da0a761b38,Yes,35.00,102.857141,,,0xb92ceae6ffd3e796057b3b3cfdaaaa6b78d48b11ebb30ed537cea822012bec8b
2026-06-04 18:28:27,Map 1: Odd/Even Total Kills?,0xe0b9911f8f52701947e2735cacf128b869fb0f5190e7ee2eeb1574d06fc13f76,Even,99.90,126,,,0x9b1ba30437023edb94ac7177d84f78de579f93ea98c7bab4c03eb31ecfb4343c
2026-06-04 18:28:25,"Bitcoin Up or Down - June 4, 2:25PM-2:30PM ET",0xf6e7e0c94cba17f17c011726a07b4fd334b9ff8592cbe6136bb54b3a38a20f76,Up,65.00,3,,,0xea84a3a0c13b08bdf14070bcd5ae02135ddb074766da5e0abeaaf1ec12cac16f
2026-06-04 18:28:25,"Bitcoin Up or Down - June 4, 2:25PM-2:30PM ET",0xf6e7e0c94cba17f17c011726a07b4fd334b9ff8592cbe6136bb54b3a38a20f76,Up,65.00,1.692305,,,0x1fe99854f71c8bfc469d5e47efc449ebcf2fad22db141edd4df82bb28c40ac66
2026-06-04 18:28:25,"Bitcoin Up or Down - June 4, 2:25PM-2:30PM ET",0xf6e7e0c94cba17f17c011726a07b4fd334b9ff8592cbe6136bb54b3a38a20f76,Up,65.00,23.44,,,0x953d208ff3fd0c07eb79d3631412686a9c871afa7ef80fea057dc0d5bb321072
2026-06-04 18:28:25,"Ethereum Up or Down - June 4, 2:25PM-2:30PM ET",0x26442be9d9b6ec037e586102fb23739181eec19ce2f790083a7bad87b0abe5cc,Down,70.52,8.508589,,,0xcb9b32316ac52a389c649275fc628ccd8d71c3fbfb889adb037c177d2f48f6f0
2026-06-04 18:28:25,Iran closes its airspace by June 30?,0x51a7c8afb7a0e09b8b47643171d90f400de23a176c4ea06f6552d6e53213839c,Yes,17.40,2,,,0x773a4a1c54b856149b32fc73f579024f028740f9a30f8700cea643b56a7e1197
2026-06-04 18:28:25,Will Nithya Raman win the 2026 Los Angeles mayoral election?,0x694595d0a008f10e4701285d071e4b08407495f6f8a6bd8cbdd7de522fa9b463,Yes,23.00,40,,,0x263e6ce2200f75a045475cf761fee8b2a63113182fb1ed219fc0f96fd9bc8c26
2026-06-04 18:28:25,Will Liam Lawson get pole position at the 2026 F1 Monaco Grand Prix?,0x7823846c67013d54fa8fefb1bb259f3b81a1b748616289b148ed5d0e77d6f5cf,No,99.70,20,,,0xbccf6488466114365ba5270b57eec6ec92754cdc5100b5000c95bd79f694bf8c
2026-06-04 18:28:25,"Bitcoin Up or Down - June 4, 2:25PM-2:30PM ET",0xf6e7e0c94cba17f17c011726a07b4fd334b9ff8592cbe6136bb54b3a38a20f76,Down,36.00,21,,,0x2ac718774b84179127d59c1037de977b656284904f22a637708ce5556efbfa0f
2026-06-04 18:28:25,"Bitcoin Up or Down - June 4, 2:25PM-2:30PM ET",0xf6e7e0c94cba17f17c011726a07b4fd334b9ff8592cbe6136bb54b3a38a20f76,Up,65.00,9.507691,,,0xdc8be942792525ba3c8b9a11374f9688c07309bc2edc3f0368d4489b3ada1f06
2026-06-04 18:28:25,"Bitcoin Up or Down - June 4, 2:25PM-2:30PM ET",0xf6e7e0c94cba17f17c011726a07b4fd334b9ff8592cbe6136bb54b3a38a20f76,Down,36.00,20,,,0x0963eca2ec0ed851a852f3b9835781bde23c401c1dfd9da14f5c4e613d829141
2026-06-04 18:28:25,"Bitcoin Up or Down - June 4, 2:25PM-2:30PM ET",0xf6e7e0c94cba17f17c011726a07b4fd334b9ff8592cbe6136bb54b3a38a20f76,Up,65.00,5.5,,,0xff447e4f9462490b8c1f28209fd52520271cd0da30b2c69c577f53d0a18da339
2026-06-04 18:28:25,"Bitcoin Up or Down - June 4, 2:25PM-2:30PM ET",0xf6e7e0c94cba17f17c011726a07b4fd334b9ff8592cbe6136bb54b3a38a20f76,Up,65.00,5,,,0x9909bbcdc912a41b9e271e2980feced91d64150baf2e07c4f7fb41a7f42035de
2026-06-04 18:28:25,"Bitcoin Up or Down - June 4, 2:25PM-2:30PM ET",0xf6e7e0c94cba17f17c011726a07b4fd334b9ff8592cbe6136bb54b3a38a20f76,Up,65.00,2.307691,,,0xcca1f554f48491139d9b2c2d1014f0dbe7e622d23c084505b9aaeb6c721488d5
2026-06-04 18:28:25,"Bitcoin Up or Down - June 4, 2:25PM-2:30PM ET",0xf6e7e0c94cba17f17c011726a07b4fd334b9ff8592cbe6136bb54b3a38a20f76,Up,65.00,25,,,0x42bd23bc2dd3ad684a40a1f8a2acf446ff402fa3fdebfc25a7a575eae819da7a
2026-06-04 18:28:25,"Bitcoin Up or Down - June 4, 2:25PM-2:30PM ET",0xf6e7e0c94cba17f17c011726a07b4fd334b9ff8592cbe6136bb54b3a38a20f76,Up,65.00,1.53846,,,0x9d541036088f1e883782a59b3e4c14dd4f4bd3c1744e46c21a837711791029f9
2026-06-04 18:28:25,"Bitcoin Up or Down - June 4, 2:25PM-2:30PM ET",0xf6e7e0c94cba17f17c011726a07b4fd334b9ff8592cbe6136bb54b3a38a20f76,Up,65.00,20,,,0x75190f7559d0527ef3acfa9a32ba69c3134d37da745a200711131a28763d0248
2026-06-04 18:28:25,"Bitcoin Up or Down - June 4, 2:25PM-2:30PM ET",0xf6e7e0c94cba17f17c011726a07b4fd334b9ff8592cbe6136bb54b3a38a20f76,Up,65.00,20,,,0x5ffe59ab29f536687fbc00e295d4428c90728f798d04492c92bd96575a49e10d
2026-06-04 18:28:25,"Bitcoin Up or Down - June 4, 2:25PM-2:30PM ET",0xf6e7e0c94cba17f17c011726a07b4fd334b9ff8592cbe6136bb54b3a38a20f76,Up,65.00,25,,,0xa5e5ee6d8a04b5c76d2c49947246026a479542defc7b5c8eb114a2b6f29cb6c4
2026-06-04 18:28:25,Will the highest temperature in Miami be between 82-83°F on June 4?,0xea37de4551203d4bbe759ee5c29ec56d681fc90a2ced24377b8a4ff767ea9723,No,36.00,10,,,0x514523bf476567185fd56864500ec288cc9a02fa6244e6f214ccc4acdb3ef40a
2026-06-04 18:28:25,Will Gabriel Bortoleto get pole position at the 2026 F1 Monaco Grand Prix?,0x04383b400e8e0cfdc6aaf186fd2f03c75f5e0d1655677e2023c540b6d93d16bd,No,99.80,20,,,0x4ea99df3a543a48593118de93a4f40d9da03e228b3d19e4e4b94e063a3ada3fa
2026-06-04 18:28:25,"Ethereum Up or Down - June 4, 2:25PM-2:30PM ET",0x26442be9d9b6ec037e586102fb23739181eec19ce2f790083a7bad87b0abe5cc,Up,32.52,9.63,,,0xc39b2cb8f6c100c9e2fb3427a9c264ff4f7483827b50511f1ef1b772be11aeb5
2026-06-04 18:28:25,Will the highest temperature in Miami be between 86-87°F on June 4?,0x189dc7aabcf79b136095f3c3db5fc0255a736abb5e8283a7dedce8af359d459b,No,98.40,5.14,,,0x48c258d3d6a02ae5a8e2a28c822901e2b23a731b1cd9b1332c81987e16c133d7
2026-06-04 18:28:25,"Bitcoin Up or Down - June 4, 2:25PM-2:30PM ET",0xf6e7e0c94cba17f17c011726a07b4fd334b9ff8592cbe6136bb54b3a38a20f76,Up,65.00,5,,,0x52d79b17c4c53e6364034e119a51a8130c61262e37d4e763250f535976403f56
2026-06-04 18:28:25,Will the highest temperature in Miami be between 82-83°F on June 4?,0xea37de4551203d4bbe759ee5c29ec56d681fc90a2ced24377b8a4ff767ea9723,No,36.00,5.14,,,0xcacab0dd35a93df4a191063736c738c67835c03fed7d81f259416a4ab378495a
2026-06-04 18:28:25,"Bitcoin Up or Down - June 4, 2:25PM-2:30PM ET",0xf6e7e0c94cba17f17c011726a07b4fd334b9ff8592cbe6136bb54b3a38a20f76,Down,35.00,4.94,,,0x70dbf263e588d5619fadd661b5ec13a361a0dc0e5e12c0550cb4a7081f33f87e
2026-06-04 18:28:25,Spain vs. Iraq: Both Teams to Score,0xc080bca240564fcb6e569a60587ab21caa12710ea3958a96f1665f10d9758f76,Yes,35.00,2.857141,,,0xb4d9c129494c44c6be2a51e228b3a82ae022d555c165b59defcce56d6c351c27
2026-06-04 18:28:25,Will the highest temperature in Miami be between 82-83°F on June 4?,0xea37de4551203d4bbe759ee5c29ec56d681fc90a2ced24377b8a4ff767ea9723,No,36.00,5,,,0x9f7b916348c045ffc81034611e3132c680c14e8fe5e876e5942373a040dbe3e1
2026-06-04 18:28:25,Will the highest temperature in Miami be between 86-87°F on June 4?,0x189dc7aabcf79b136095f3c3db5fc0255a736abb5e8283a7dedce8af359d459b,Yes,9.80,20.408162,,,0x8930318b4e9d994b4d702570f61368fd015d751f4c0b973c81543c56243c0395
2026-06-04 18:28:25,"Bitcoin Up or Down - June 4, 2:25PM-2:30PM ET",0xf6e7e0c94cba17f17c011726a07b4fd334b9ff8592cbe6136bb54b3a38a20f76,Up,65.00,5,,,0x4f7ebeab1a2224e7a2d13a1aac5012925f9ded9f20bbb017d51b9a3baaf5637d
2026-06-04 18:28:25,Congress passes Iran war powers resolution by June 30?,0xcb3c2e94aefd13bb09a72fdf74d44fa7b2ebe437b863e0621831c020bfd4ed4d,Yes,21.40,5.12,,,0x38c17b3000957d9aae87c27a82ef716edf7ba10129588a9b5b437dc0ef523d00
2026-06-04 18:28:25,Will the highest temperature in Moscow be 26°C on June 5?,0x768b62cf7bd550fe4c8f8e8af6ee4c094a559faa961331a088dbcd8c11b69a48,No,94.60,1.057074,,,0xd84162e02a213894fca3c6dcc65998834d07cd247b8a9b9bb9c8850257df9a13
2026-06-04 18:28:25,"Ethereum Up or Down - June 4, 2:25PM-2:30PM ET",0x26442be9d9b6ec037e586102fb23739181eec19ce2f790083a7bad87b0abe5cc,Down,63.00,5,,,0x23b140e2abb0b2f6af4d6ae7b3e189966ffa2fe64fbc06eb51f67816cbf0babc
2026-06-04 18:28:25,"Bitcoin Up or Down - June 4, 2:25PM-2:30PM ET",0xf6e7e0c94cba17f17c011726a07b4fd334b9ff8592cbe6136bb54b3a38a20f76,Up,59.00,5.508473,,,0xee09147a9697bccbce8951fe3e8429749a3feaea0494e467f0bb9f402a795815
2026-06-04 18:28:25,"Bitcoin Up or Down - June 4, 2:25PM-2:30PM ET",0xf6e7e0c94cba17f17c011726a07b4fd334b9ff8592cbe6136bb54b3a38a20f76,Up,58.00,5,,,0xe2fb535dbff4dd7bd5ff965c62c2b3feb7d57695eefc1fa81e2c0690f0470ac7
2026-06-04 18:28:25,"US x Iran permanent peace deal by June 30, 2026?",0x6114a8a3f9ac214f48a7e20d169f1c7a5c84082cb6f7058ed9fe1137b11fd0e7,Yes,24.00,20,,,0xc0d3b6c4cc12a3998b2cf26ae56216686b9bffbc8369bb893d15c70aa8d75873
2026-06-04 18:28:25,"Bitcoin Up or Down - June 4, 2:25PM-2:30PM ET",0xf6e7e0c94cba17f17c011726a07b4fd334b9ff8592cbe6136bb54b3a38a20f76,Up,58.00,19.344826,,,0x8c7e0a94eed6b31eac659addca6e4dffb4bc992e4e289a23b027c197f8ef9ae9
2026-06-04 18:28:25,"Bitcoin Up or Down - June 4, 2:25PM-2:30PM ET",0xf6e7e0c94cba17f17c011726a07b4fd334b9ff8592cbe6136bb54b3a38a20f76,Up,57.64,70.988447,,,0x51c3bb72ed29bf329867617032071d848e5e2081bb8ef9f9348e6d58b76ad25d
2026-06-04 18:28:25,"Bitcoin Up or Down - June 4, 2:25PM-2:30PM ET",0xf6e7e0c94cba17f17c011726a07b4fd334b9ff8592cbe6136bb54b3a38a20f76,Up,56.04,15.6,,,0xb7ab8bbb1608fc0b72866610f6c72b225381904d558d9fe9435f986b6336b007
2026-06-04 18:28:25,"Bitcoin Up or Down - June 4, 2:25PM-2:30PM ET",0xf6e7e0c94cba17f17c011726a07b4fd334b9ff8592cbe6136bb54b3a38a20f76,Down,44.50,44.049332,,,0x5df734705a0ee3c8509f1f7bf7026e3725b2d4fcacb3764673ddffbd23ada7c3
2026-06-04 18:28:25,"Bitcoin Up or Down - June 4, 2:25PM-2:30PM ET",0xf6e7e0c94cba17f17c011726a07b4fd334b9ff8592cbe6136bb54b3a38a20f76,Up,62.00,1.612902,,,0xe5b39ead845124946382576f33a59e2a5ed80adc02e19aa57998d05f80a36652
2026-06-04 18:28:25,"Bitcoin Up or Down - June 4, 2:25PM-2:30PM ET",0xf6e7e0c94cba17f17c011726a07b4fd334b9ff8592cbe6136bb54b3a38a20f76,Up,56.53,135.684209,,,0x55c47ce0a8879c92ffd70467db75ea8fd974874a2ef8eaa44a150d4390639dd9
2026-06-04 18:28:25,"Bitcoin Up or Down - June 4, 2:25PM-2:30PM ET",0xf6e7e0c94cba17f17c011726a07b4fd334b9ff8592cbe6136bb54b3a38a20f76,Down,45.00,15.38,,,0x652e170e39ea8cd119f9147d5139877a0194d4d649003bc187e054ecdef513a0
2026-06-04 18:28:25,"Bitcoin Up or Down - June 4, 2:25PM-2:30PM ET",0xf6e7e0c94cba17f17c011726a07b4fd334b9ff8592cbe6136bb54b3a38a20f76,Up,56.25,81.926313,,,0x00415e42b6d0edf3a9651dfb7e41fb4914496e603221441727da35d1542faa56
2026-06-04 18:28:25,"Will Elon Musk post 200-219 tweets from June 5 to June 12, 2026?",0x91843992ae831666114ea66ff8cc850eb669ca10e098315453a4667a236f6fb0,Yes,15.00,100,,,0xdb80ff770e444b918b1ac3fe6504d6a31b4c4c883139c91d9d3f437140f3ab4e
2026-06-04 18:28:25,"Bitcoin Up or Down - June 4, 2:25PM-2:30PM ET",0xf6e7e0c94cba17f17c011726a07b4fd334b9ff8592cbe6136bb54b3a38a20f76,Down,43.50,20,,,0x4cd37655233a93e1a6979ab45f77742f911ef44201e5f512d46f7de2ca2c82ee
2026-06-04 18:28:25,"Ethereum Up or Down - June 4, 2:25PM-2:30PM ET",0x26442be9d9b6ec037e586102fb23739181eec19ce2f790083a7bad87b0abe5cc,Down,66.00,4.606058,,,0xca1c2b062fb4fb9498f532e107d62b090eb2aee81485e7133f8fb09327e9c393
2026-06-04 18:28:25,"Bitcoin Up or Down - June 4, 2:25PM-2:30PM ET",0xf6e7e0c94cba17f17c011726a07b4fd334b9ff8592cbe6136bb54b3a38a20f76,Down,45.00,10.688887,,,0xda15586ff41eecd0dff65d47906c5e14b0cd58a6092362d1d1d50750182843c5
2026-06-04 18:28:25,WTI Crude Oil (WTI) closes above $93 on June 4?,0xe7e8c0f042738b8925f565d4f403f1353758fcff2ca226d9f4b45f584198ea6c,No,80.00,0.69,,,0x42935314f08f5d6548a0620690e0a1e6b0f056ca5f1203e646f951cf4bbc6535
2026-06-04 18:28:25,"Bitcoin Up or Down - June 4, 2:25PM-2:30PM ET",0xf6e7e0c94cba17f17c011726a07b4fd334b9ff8592cbe6136bb54b3a38a20f76,Down,44.00,5.61,,,0x642a35c009b8488357a5b8407e57337b82cb4aa5544d8545e41723d58518ab28
2026-06-04 18:28:25,"Bitcoin Up or Down - June 4, 2:25PM-2:30PM ET",0xf6e7e0c94cba17f17c011726a07b4fd334b9ff8592cbe6136bb54b3a38a20f76,Up,56.00,5,,,0xa81e0fabdd565c73376c13d3fa85a5c840d67f1eee373b6b9aa3771174ecde90
2026-06-04 18:28:25,"Ethereum Up or Down - June 4, 2:25PM-2:30PM ET",0x26442be9d9b6ec037e586102fb23739181eec19ce2f790083a7bad87b0abe5cc,Down,67.00,5.044775,,,0x9d57dafe05d52474b7fa64a59dd03737ec9870c0cf61fce793a2aeb22b2e28c6
2026-06-04 18:28:25,"Bitcoin Up or Down - June 4, 2:25PM-2:30PM ET",0xf6e7e0c94cba17f17c011726a07b4fd334b9ff8592cbe6136bb54b3a38a20f76,Down,45.00,20,,,0x4b6f75cdbb0e6685e89bc45f04f83ac6d2431bb8a5406dd1a1bbc003097ac452
2026-06-04 18:28:25,Map 1: Odd/Even Total Kills?,0xe0b9911f8f52701947e2735cacf128b869fb0f5190e7ee2eeb1574d06fc13f76,Even,99.90,5,,,0x5ebc7279aa76e26e75e8a9fc84d1ba129b12c31a25e4fd7182f7f91d9ce8af01
2026-06-04 18:28:25,"XRP Up or Down - June 4, 2:25PM-2:30PM ET",0x1dda94c24b0e85e81306fd852ef834d4205674fb324b75d33ac401ca0010161c,Down,25.42,8.692306,,,0x921c4810db5e30a65763b319659d6f4ca2de9c37d47b4d0d976a88991c4f04c4
2026-06-04 18:28:25,"Bitcoin Up or Down - June 4, 2:25PM-2:30PM ET",0xf6e7e0c94cba17f17c011726a07b4fd334b9ff8592cbe6136bb54b3a38a20f76,Down,43.00,1.71,,,0xe45b50954a587b8767b642fb4eb85f27b76b0ad8da1989433c42a772a7020794
2026-06-04 18:28:25,"Bitcoin Up or Down - June 4, 2:25PM-2:30PM ET",0xf6e7e0c94cba17f17c011726a07b4fd334b9ff8592cbe6136bb54b3a38a20f76,Up,62.00,5,,,0x8bb256979c371d6c3f8569fd3777f5edf1fd6d2ffc37cc019d9dcc685955dda7
2026-06-04 18:28:25,"Bitcoin Up or Down - June 4, 2:25PM-2:30PM ET",0xf6e7e0c94cba17f17c011726a07b4fd334b9ff8592cbe6136bb54b3a38a20f76,Up,59.00,5.084743,,,0x1126703b5fd9ec2a8ebcee63c44f9a58c19c0853281a75a31509455c52e66f1d
2026-06-04 18:28:25,"Bitcoin Up or Down - June 4, 2:25PM-2:30PM ET",0xf6e7e0c94cba17f17c011726a07b4fd334b9ff8592cbe6136bb54b3a38a20f76,Down,42.99,42.802271,,,0x89ab1fa0fa8563cc6221da9ea7869ec04717f491bafe4563b87af6e72d21bad4
2026-06-04 18:28:25,Will Oliver Bearman get pole position at the 2026 F1 Monaco Grand Prix?,0xbdc4850ccc296082f1e41544d89e4fcc888473afa3a3246e3b843368f743ee28,No,99.80,20,,,0xf1718fcd26592982a832679f0dfbf5485881fcde7b550b97ced8b23d8d22df97
2026-06-04 18:28:25,"Bitcoin Up or Down - June 4, 2:25PM-2:30PM ET",0xf6e7e0c94cba17f17c011726a07b4fd334b9ff8592cbe6136bb54b3a38a20f76,Down,42.00,73,,,0x87faa142cf315dc59ee9fbf6a33cdf12fc65632d32d5a429a08b7f3aaa812211
2026-06-04 18:28:25,"Bitcoin Up or Down - June 4, 2:25PM-2:30PM ET",0xf6e7e0c94cba17f17c011726a07b4fd334b9ff8592cbe6136bb54b3a38a20f76,Up,58.00,10,,,0xb6b7b4de34707a09dd7918da204ad6010eeb59d04860ec0e90118faf3f3f2d75
2026-06-04 18:28:25,"Bitcoin Up or Down - June 4, 2:25PM-2:30PM ET",0xf6e7e0c94cba17f17c011726a07b4fd334b9ff8592cbe6136bb54b3a38a20f76,Down,39.45,48.57,,,0x1c6e069e7688d06f527549cde21a0d49ec0edafe3628cf211915a849813a577f
2026-06-04 18:28:25,"Bitcoin Up or Down - June 4, 2:25PM-2:30PM ET",0xf6e7e0c94cba17f17c011726a07b4fd334b9ff8592cbe6136bb54b3a38a20f76,Up,59.00,27.95,,,0xa3010c1f713ef18fcbfb36a7a57c035ae74fd8e6f15432b49ea34b51632f79fb
2026-06-04 18:28:25,"Bitcoin Up or Down - June 4, 2:25PM-2:30PM ET",0xf6e7e0c94cba17f17c011726a07b4fd334b9ff8592cbe6136bb54b3a38a20f76,Down,37.19,36.295788,,,0x85f314b6e9bf053423103c356c511e108d19baf3035a9956c169e34df0ca626c
2026-06-04 18:28:25,"Bitcoin Up or Down - June 4, 2:25PM-2:30PM ET",0xf6e7e0c94cba17f17c011726a07b4fd334b9ff8592cbe6136bb54b3a38a20f76,Down,44.00,20,,,0xb407810f2710241d21bcd5cc7c22864d6cb67edf16c8c4e649a00768f83ddf7b
2026-06-04 18:28:25,France vs. Côte d'Ivoire: O/U 2.5,0x61365702e7a28523b9adcd9a7fb8ec1ee1ff555f2d122556f313355ea9db2c34,Over,65.00,100,,,0xc05af4de84f921d747fc3f16164422f4ba3a4d00e2f3ed6e20b5be64c14e6c88
2026-06-04 18:28:25,Will the highest temperature in Los Angeles be between 66-67°F on June 5?,0x094751681bb9fd657133c80cbc616b3d4e3d531c4c86cf128154da5b8df76de0,No,99.50,4.02,,,0xeaf249c5c00c7a5a6ba68c279ca4550f55b56b4e98478ec124848b3c81716c5a
2026-06-04 18:28:25,"Bitcoin Up or Down - June 4, 2:25PM-2:30PM ET",0xf6e7e0c94cba17f17c011726a07b4fd334b9ff8592cbe6136bb54b3a38a20f76,Up,65.00,150,,,0x145eb965bf775977b79475149fd9b2cbac1970dc59c6102050b57ff4cdedf085
2026-06-04 18:28:25,"Bitcoin Up or Down - June 4, 2:25PM-2:30PM ET",0xf6e7e0c94cba17f17c011726a07b4fd334b9ff8592cbe6136bb54b3a38a20f76,Up,65.00,7,,,0x37d7fb569c53d52ed0ae48450ea1fe41b3f1d2bcd24580d23d6937018c3990e4
2026-06-04 18:28:25,"Bitcoin Up or Down - June 4, 2:25PM-2:30PM ET",0xf6e7e0c94cba17f17c011726a07b4fd334b9ff8592cbe6136bb54b3a38a20f76,Up,65.00,15.384614,,,0xac599ac9220575e12db2bff10ffd370b9879a42dbb36d18d8f7c6546e0e9e1cd
2026-06-04 18:28:25,"Bitcoin Up or Down - June 4, 2PM ET",0x3abc093600d2793741018001059df76f55349e8d9e5737c23816bbb5a0f42225,Up,58.00,18.5,,,0xb889b5c69f510bc53b41caf18ceb82996ca6dbd1649eed2d3cbe8dd1abb515f5
2026-06-04 18:28:25,"Bitcoin Up or Down - June 4, 2:25PM-2:30PM ET",0xf6e7e0c94cba17f17c011726a07b4fd334b9ff8592cbe6136bb54b3a38a20f76,Down,36.00,2.777776,,,0xf9fb47df932dc0993f56f4d5fbe66aed988170936bca7f77e109abb42b78fcc1
2026-06-04 18:28:25,"Bitcoin Up or Down - June 4, 2:25PM-2:30PM ET",0xf6e7e0c94cba17f17c011726a07b4fd334b9ff8592cbe6136bb54b3a38a20f76,Down,36.00,20.444443,,,0x91d1b4c9cadedb2d0eab9348c05c79f574507da251151d7141fa572c36d5e8f1
2026-06-04 18:28:25,"Bitcoin Up or Down - June 4, 2:25PM-2:30PM ET",0xf6e7e0c94cba17f17c011726a07b4fd334b9ff8592cbe6136bb54b3a38a20f76,Up,65.00,5,,,0x02a37d6f8b9f3567e52b128084bd593ae680ecd3c8fb8ab2678b60e54ea80bf5
2026-06-04 18:28:25,"Bitcoin Up or Down - June 4, 2:25PM-2:30PM ET",0xf6e7e0c94cba17f17c011726a07b4fd334b9ff8592cbe6136bb54b3a38a20f76,Down,36.00,5.26,,,0x5c269e88053f60847b63de0106719a96926eca02b86cb7283c5c31c16835f22c
2026-06-04 18:28:25,"Bitcoin Up or Down - June 4, 2:25PM-2:30PM ET",0xf6e7e0c94cba17f17c011726a07b4fd334b9ff8592cbe6136bb54b3a38a20f76,Up,65.00,15.384614,,,0x8a926ecef487e37912367e4f19c012c50782b36cc3f5f853e013549130024046
2026-06-04 18:28:25,"Bitcoin Up or Down - June 4, 2:25PM-2:30PM ET",0xf6e7e0c94cba17f17c011726a07b4fd334b9ff8592cbe6136bb54b3a38a20f76,Down,36.00,6,,,0x50f3e0f7339a283fd45c12dc54128d09cf1387f9c1d80a2db15954cf295070fb
2026-06-04 18:28:25,"Bitcoin Up or Down - June 4, 2:25PM-2:30PM ET",0xf6e7e0c94cba17f17c011726a07b4fd334b9ff8592cbe6136bb54b3a38a20f76,Down,44.00,2.272726,,,0xe8093a340b9031ab4d933ee565f265a1a82253d3424ff711b150ddad7a5d3f45
2026-06-04 18:28:25,"Bitcoin Up or Down - June 4, 2:25PM-2:30PM ET",0xf6e7e0c94cba17f17c011726a07b4fd334b9ff8592cbe6136bb54b3a38a20f76,Up,65.00,5.076922,,,0x78cbdf968ac27ad067132872ce7eed3319587defa18e4bcbb871e850fa6a0305
2026-06-04 18:28:25,Will Fernando Alonso get pole position at the 2026 F1 Monaco Grand Prix?,0x765cdac329b7b6c0ef61a9a2c696072effabc8b3d423b5175eaa56127903804c,No,99.80,20,,,0xea5a8b8b50eb1f53ebbff41005829dce480d6d2104208ede4d5ca1c6b11f1abe
2026-06-04 18:28:25,Will the highest temperature in Miami be between 86-87°F on June 4?,0x189dc7aabcf79b136095f3c3db5fc0255a736abb5e8283a7dedce8af359d459b,No,98.40,5,,,0x1da047eac0398ef319b29874ac22b2321f5848029c4f53899f8a585ac3f14681
2026-06-04 18:28:25,Will the highest temperature in Miami be between 86-87°F on June 4?,0x189dc7aabcf79b136095f3c3db5fc0255a736abb5e8283a7dedce8af359d459b,No,97.40,10,,,0x4c5e2e3d23ce466c0ae9c022ea7a1df331dd0b1f471e84c30b472a211b34ca99
2026-06-04 18:28:25,Spread: Spurs (-6.5),0x39d303c92b5f1d195d26023d44b51fe547dd1c8257f8e413bfd8764d0a6b4fb4,Spurs,49.00,5,,,0x90cfa02c0e4a6a81e5741fb0a9692052dbb90e8bb97dd3797b861fd075ef57b2
2026-06-04 18:28:25,Map 1: Odd/Even Total Kills?,0xe0b9911f8f52701947e2735cacf128b869fb0f5190e7ee2eeb1574d06fc13f76,Even,99.90,5,,,0xd50d8eb032f6a2ac844848760c3f6a51e558e79242d10bafe5e2b84f4f82f269
2026-06-04 18:28:25,Perugia: Andrea Pellegrino vs Roberto Carballes Baena,0x280f8e4b00877ddf567c6f95604ccefd5d08c171bffe80d71b0c0eb839e3b177,Roberto Carballes Baena,38.00,5,,,0xc41eab69294b321484e2899e781d63623324a3ef2dc1849d063c2ad4edcb5343
2026-06-04 18:28:25,Map 1: Odd/Even Total Kills?,0xe0b9911f8f52701947e2735cacf128b869fb0f5190e7ee2eeb1574d06fc13f76,Even,99.90,5,,,0xf6a085e4f20c9abcc533f8dcbeb855fd7ccfc2b451b258962d0b88ff8ddf9395
2026-06-04 18:28:25,Perugia: Andrea Pellegrino vs Roberto Carballes Baena,0x280f8e4b00877ddf567c6f95604ccefd5d08c171bffe80d71b0c0eb839e3b177,Roberto Carballes Baena,37.00,94.91,,,0xc56f5be701ae1f53262f4cf345dee47873a87683df335b0e087e7bed5c070d6b
2026-06-04 18:28:25,Map 1: Odd/Even Total Kills?,0xe0b9911f8f52701947e2735cacf128b869fb0f5190e7ee2eeb1574d06fc13f76,Even,99.90,5,,,0xd29f6c6be1a8db1ef504fe3cef56946c5b49a0f01035186982589368abf18b4c
2026-06-04 18:28:25,"Bitcoin Up or Down - June 4, 2:25PM-2:30PM ET",0xf6e7e0c94cba17f17c011726a07b4fd334b9ff8592cbe6136bb54b3a38a20f76,Up,59.00,20,,,0xd2ea0afb10ef23b950263186435350a5f16b018c420ab90c825eb44d2618bd54
2026-06-04 18:28:25,Will the highest temperature in Miami be between 84-85°F on June 4?,0xd44896b2abf5eccec1eabef7440aaac2284142491a593af2b0baf2d8986d7818,Yes,35.75,20.138887,,,0xfce528a1d9ab38c3ebae2c7125f1db63605ea92937c47972135ad662703db3a5
2026-06-04 18:28:25,Will Esteban Ocon get pole position at the 2026 F1 Monaco Grand Prix?,0x16fea1367f01e00e4c62b6de7bbbfc53fd3a485661f4df614921be429914c9a9,No,99.80,20,,,0x7a5cdcb7f466b5df93c07164b43a4989df6dfa58575c442bf2e540568dd75265
2026-06-04 18:28:25,Counter-Strike: Liquid vs Heroic (BO3) - IEM Cologne Major Stage 1,0x351383a1548b4900556493b770b0a95b6879cd94f1bf3995b66e96381b687ea2,Liquid,92.00,59.33695,,,0xef1885275c38395943b199f348f6ad2c7268dc95fd53d12e2afb02629abf8596
2026-06-04 18:28:25,"Bitcoin Up or Down - June 4, 2:25PM-2:30PM ET",0xf6e7e0c94cba17f17c011726a07b4fd334b9ff8592cbe6136bb54b3a38a20f76,Down,42.00,5.357141,,,0xcdcff436802abf9a64adf433489c54993bb94eedb89a894f571a2d3c1a8fa545
2026-06-04 18:28:25,Will Greece win on 2026-06-04?,0x7050a08e992792746d9198f03136ac5b9f1010547a6c77195841f9eace5c8719,No,82.00,24,,,0xa14f6ad291028117a67f81d27353abffdab357943df21b4f859b38999510e938
2026-06-04 18:28:25,Perugia: Andrea Pellegrino vs Roberto Carballes Baena,0x280f8e4b00877ddf567c6f95604ccefd5d08c171bffe80d71b0c0eb839e3b177,Roberto Carballes Baena,37.00,5.08108,,,0x1a4f6f9162c88ec4e01ebee59ff62212cbb8673facae27cfa92a30fda66e0523
2026-06-04 18:28:25,"Bitcoin Up or Down - June 4, 2:25PM-2:30PM ET",0xf6e7e0c94cba17f17c011726a07b4fd334b9ff8592cbe6136bb54b3a38a20f76,Down,36.00,13.15,,,0x3533984a8ac1b5ca0b1e6cf324c99c1f4a7ab34a4de4563ec1e1f31f2b1c5bc3
2026-06-04 18:28:25,"Bitcoin Up or Down - June 4, 2:25PM-2:30PM ET",0xf6e7e0c94cba17f17c011726a07b4fd334b9ff8592cbe6136bb54b3a38a20f76,Down,36.00,4.944443,,,0x961464bdb4e153b919179e8d694c3bcd2346f88e24d83db83473c4f2f7fa16fa
2026-06-04 18:28:25,"Bitcoin Up or Down - June 4, 2:25PM-2:30PM ET",0xf6e7e0c94cba17f17c011726a07b4fd334b9ff8592cbe6136bb54b3a38a20f76,Down,36.00,9.86111,,,0x06e0f8f47848d7688d7d2846ad4383d57c0c3529713200f69ecd869aa703bc16
2026-06-04 18:28:25,"Bitcoin Up or Down - June 4, 2:25PM-2:30PM ET",0xf6e7e0c94cba17f17c011726a07b4fd334b9ff8592cbe6136bb54b3a38a20f76,Up,62.00,12.967739,,,0x9059990601edc5f766c5bc4beb6ad73f80a62bb651dcc6593dc1126dde603d1c
2026-06-04 18:28:25,"Bitcoin Up or Down - June 4, 2:25PM-2:30PM ET",0xf6e7e0c94cba17f17c011726a07b4fd334b9ff8592cbe6136bb54b3a38a20f76,Down,38.96,80,,,0x2a9a067eda64ba28ce0a63d4a05e3e4fc70025668518e304bbc074e20641dc1c
2026-06-04 18:28:25,"Bitcoin Up or Down - June 4, 2:25PM-2:30PM ET",0xf6e7e0c94cba17f17c011726a07b4fd334b9ff8592cbe6136bb54b3a38a20f76,Up,59.00,8.474575,,,0x3e9c6a50bebeac2b12165da9b50b104ecee976dad7f2d6f4f2847403d61e8586
2026-06-04 18:28:25,"Bitcoin Up or Down - June 4, 2:25PM-2:30PM ET",0xf6e7e0c94cba17f17c011726a07b4fd334b9ff8592cbe6136bb54b3a38a20f76,Down,36.71,55,,,0xdbb3cf4c5764c02b2937002b9bdb89b813d04617ff74f4afbfc03a7ecc10104f
2026-06-04 18:28:24,Will Carlos Sainz Jr. get pole position at the 2026 F1 Monaco Grand Prix?,0xda7f85815e932dda0e202d94920908f3d93a48b94e9219f697b1d70e68df8484,No,99.80,20,,,0xce76e806c95150f8fce6681aa76a9602c1aad372364180351bb1884debd8bf9f
2026-06-04 18:28:24,WTI Crude Oil (WTI) closes above $93 on June 4?,0xe7e8c0f042738b8925f565d4f403f1353758fcff2ca226d9f4b45f584198ea6c,No,85.02,448,,,0x00d962d0b258d9173e92764489061ef1674b44497926ea3150f99ca2f1bc820b
2026-06-04 18:28:24,Will Isack Hadjar get pole position at the 2026 F1 Monaco Grand Prix?,0xd2daa515380816b57eb797f477dd6c74f4830be358f4e2a5aba187591b9d0b7b,No,99.80,20,,,0x35456f143e244b57f7701e06f09799d73a1117fe30505c16d50b10d67f66a654
2026-06-04 18:28:24,"Bitcoin Up or Down - June 4, 2PM ET",0x3abc093600d2793741018001059df76f55349e8d9e5737c23816bbb5a0f42225,Up,58.70,5,,,0x4d650a2cce4f8fa445eb5e93b05829d25cc64364c276af733ab77005c57e6d1d
2026-06-04 18:28:24,Spread: New York Yankees (-3.5),0x92ec0a17b40768ddc1b22cab7225bea9d4a8f52b13e4e244636426b044a2236f,Cleveland Guardians,86.00,5,,,0x192ab96cda42ef4c44f25eba9d7e4bf654d3b56c23fd135ac5ab58c803eba859
2026-06-04 18:28:24,T20 Blast: Somerset vs Glamorgan,0xf6129fe61ff15efd384be87043b61406c2be38f957e42eecd49f60d0dd38d207,Somerset,57.00,10,,,0xf0289d67756257621cf3c0985c4f9fba93d78c29019db87b6c3e4b152e4de3f3
2026-06-04 18:28:24,Will Pierre Gasly get pole position at the 2026 F1 Monaco Grand Prix?,0x659229325be0210274527126d16ac56b2337a5d0d31eab9cb78dbb0a0dd6491c,No,99.80,20,,,0x66275426d55d4b471df900e8263298e799f6ee1b522bb4e8ea65e07e6b401fd5
2026-06-04 18:28:24,Will Sergio Perez get pole position at the 2026 F1 Monaco Grand Prix?,0x7d6b202d7ea5156afde267874d6e4114b96575d3482632e509593572e309803e,No,99.80,20,,,0x3ead1c24e0c87db4005e14ca8954e21a767b73911d208a95aae17b515e9397e0
2026-06-04 18:28:24,"Bitcoin Up or Down - June 4, 2:25PM-2:30PM ET",0xf6e7e0c94cba17f17c011726a07b4fd334b9ff8592cbe6136bb54b3a38a20f76,Up,64.00,25,,,0xb0f1c7192101fb91ac42b2931476ee112f02aaaa4f8b5646c3a8cf67bbbf13d5
2026-06-04 18:28:24,T20 Blast: Somerset vs Glamorgan,0xf6129fe61ff15efd384be87043b61406c2be38f957e42eecd49f60d0dd38d207,Somerset,57.00,5,,,0x155a0722c67483ba0e0da479f9cd8b83a1f20008ca82632da9e1b049de9ce969
2026-06-04 18:28:24,Will Valtteri Bottas get pole position at the 2026 F1 Monaco Grand Prix?,0x82e76514f9e122f5672c35a09be072e9f7912253e76ed1f37ff512c484bced50,No,99.80,20,,,0xf3a8c9ecae2ff4022a8b9315830c384f36cecb9fbd9f59b35b893ba9830867c3
2026-06-04 18:28:24,Will Lance Stroll get pole position at the 2026 F1 Monaco Grand Prix?,0x021bd3fa641e22d586217e123131539b02f415ddd64b59ce38d9457db41d8838,No,99.70,20,,,0xfe0de7d89299740e84884f79de5e6da34f10220b96b42688ed2e51cd68ee31c6
2026-06-04 18:28:24,Will the highest temperature in Busan be 27°C on June 5?,0x7fb51fd01c6366f3892b9e458c4edc1e24165a6cb53fa8ff0dd1b4cbe5ad886c,No,93.00,1.075257,,,0xd46b3fd9e4a90e510e2a792df7801e17b38f9a91984590a4c105a42b584a3c33
2026-06-04 18:28:24,San Francisco Giants vs. Chicago Cubs,0xe973b7d952f48306c058c57814c32d35010adf2499466bbff41320f4b55b86fd,San Francisco Giants,38.00,5,,,0x89dc3efae3045583686c924eaa52ceadaa05eaca8e5d4a959ce81ce29ffa2ef0
2026-06-04 18:28:24,Will Lewis Hamilton get pole position at the 2026 F1 Monaco Grand Prix?,0xae6313f3afcc21b392ac1c0bd43060cb7b39a18aa086ac66936e82a669c1360c,No,84.00,20,,,0x9fd3a02ba2407bd5eee376d5e0148a6f2aec892cb86df953cb1006a3e8621384
2026-06-04 18:28:24,San Diego Padres vs. Philadelphia Phillies,0x688fc364252fa2059687177955af02b7bfd5a21778b6f8c168dd174ec422ee98,Philadelphia Phillies,93.00,17,,,0x585d7c2407c8d4fe101541133b03c68e8e01dbbcf9b5ce0cf0619dc3196dc2d5
2026-06-04 18:28:24,Will Max Verstappen get pole position at the 2026 F1 Monaco Grand Prix?,0x91396d10d87607587b428fad706cc8bb45df49dcd111420f8c7768ab0fb0e331,No,93.00,20,,,0xee1adf0652c7b18e33ed5ec69087897ca983f8a34b3a0e9f80268a34b6e41f4f
2026-06-04 18:28:24,"Bitcoin Up or Down - June 4, 2PM ET",0x3abc093600d2793741018001059df76f55349e8d9e5737c23816bbb5a0f42225,Down,43.00,2.558138,,,0x331ecd5326ddf15603b5d6dabcf99e5d180a90df405011c55c0fc4d9d0cbd350
2026-06-04 18:28:24,Will Charles Leclerc get pole position at the 2026 F1 Monaco Grand Prix?,0x67325616e7f6d45b0e566e45eee5c6d84babdb6ff78118c6f57589dac3f291da,No,62.00,20,,,0x626116e9672f9108f8aa5a24774e38b5a32b16092a6d1b248063b3709343365a
2026-06-04 18:28:24,"Bitcoin Up or Down - June 4, 2:25PM-2:30PM ET",0xf6e7e0c94cba17f17c011726a07b4fd334b9ff8592cbe6136bb54b3a38a20f76,Down,37.00,2.702701,,,0x0a6f0bb27b96437281c088095d236dea93ee0ed52b86e8e6aa92906809a2c26b
2026-06-04 18:28:24,"Bitcoin Up or Down - June 4, 2:25PM-2:30PM ET",0xf6e7e0c94cba17f17c011726a07b4fd334b9ff8592cbe6136bb54b3a38a20f76,Down,37.00,2.702701,,,0x5630afd00fb7b819649075af960edb3a77b664743bc2affac3208eecbdf82e05
2026-06-04 18:28:24,Will Kimi Antonelli get pole position at the 2026 F1 Monaco Grand Prix?,0x1580c1249404f5b91754300720be0c1e857da46a5aad422de71150b3797ebec6,No,86.00,20,,,0x277b523159d697bc506798ac3e485e786612c83e08943c678b527daa6131884e
2026-06-04 18:28:24,San Diego Padres vs. Philadelphia Phillies,0x688fc364252fa2059687177955af02b7bfd5a21778b6f8c168dd174ec422ee98,Philadelphia Phillies,93.00,30,,,0x4461cf7a2dc9684be12e936760298970e9b181db9068c0e84a43dec7470e1886
2026-06-04 18:28:24,"Ethereum Up or Down - June 4, 2:25PM-2:30PM ET",0x26442be9d9b6ec037e586102fb23739181eec19ce2f790083a7bad87b0abe5cc,Up,44.00,7.62,,,0x457e031a71e95d194d9de2735bd90bc85209fbb9d1a8d33102f140a6bf9fca85
2026-06-04 18:28:24,"Bitcoin Up or Down - June 4, 2:25PM-2:30PM ET",0xf6e7e0c94cba17f17c011726a07b4fd334b9ff8592cbe6136bb54b3a38a20f76,Up,63.00,5.41,,,0xd369493cb3e38612bf2ee4402489df10bd5454ceffbc18faa5603c62e2dd58bc
2026-06-04 18:28:24,Ukraine signs peace deal with Russia before 2027?,0x4167e22670f31e5f93d132f78108f3fae809bd15cadf78983eff096845ed1415,Yes,30.00,44,,,0x97fa8b4f38e9512b31aa4a0f73a08e55d16c77db8548bd98e7b271a85c19632c
2026-06-04 18:28:24,Ukraine signs peace deal with Russia before 2027?,0x4167e22670f31e5f93d132f78108f3fae809bd15cadf78983eff096845ed1415,Yes,30.00,44,,,0x7697877cfa3727c22d81b3ccfc27bced7422957b2061d8d4b4b757513fef8af5
2026-06-04 18:28:24,"Will Elon Musk post 220-239 tweets from May 29 to June 5, 2026?",0x582e8c2e2de41253c685c84222b9d6f21280848b11372bd408a14967e852d66b,Yes,1.50,82.66,,,0x2811b41d6071e3e4b97084eadcf715d5aed4f80819114430e8b774da7a9922d9
2026-06-04 18:28:24,Knicks vs. Spurs,0x17e2f3347e34d8a13572baf10c9b4eb3291217868a0fb84b37f36c80f8e2105a,Spurs,67.00,26,,,0x87dbfb17dca1a049dce5433a3876eb74f7b0d23df9fc7361799be69cf62adddc
2026-06-04 18:28:24,"Solana Up or Down - June 4, 2:25PM-2:30PM ET",0xaa3b1523de28d0a85a75bb16666b6690cd278f91014c089e37d8c2a240d9e0f2,Up,42.00,5.119046,,,0xafe1d32b14a83007d9934ed43061bc14fc59c5007eca807b35d40682d7072b68
2026-06-04 18:28:24,"Bitcoin Up or Down - June 4, 2:25PM-2:30PM ET",0xf6e7e0c94cba17f17c011726a07b4fd334b9ff8592cbe6136bb54b3a38a20f76,Up,64.00,5.15625,,,0xe33611c4d1c98b3dd1a8196025adb86ff4b075053b12d6d985af2208d8854ced
2026-06-04 18:28:24,"Bitcoin Up or Down - June 4, 2:25PM-2:30PM ET",0xf6e7e0c94cba17f17c011726a07b4fd334b9ff8592cbe6136bb54b3a38a20f76,Down,37.00,5,,,0x6ed1fa9a74e108b9fcc646b971b1f4c29873d4c83c0bc44dacaf759e3b63ffff
2026-06-04 18:28:24,"Bitcoin Up or Down - June 4, 2:25PM-2:30PM ET",0xf6e7e0c94cba17f17c011726a07b4fd334b9ff8592cbe6136bb54b3a38a20f76,Up,62.00,33.33,,,0x9d7478b1c3a074040a5b254572bffbc0c2980f6618742de7d9eb496f57d246d4
2026-06-04 18:28:24,"Bitcoin Up or Down - June 4, 2:25PM-2:30PM ET",0xf6e7e0c94cba17f17c011726a07b4fd334b9ff8592cbe6136bb54b3a38a20f76,Up,63.00,5,,,0x881a18c88177931c2d04249d8b1efcb7ba3de00d2240ce6557b680b764934f14
2026-06-04 18:28:24,"Bitcoin Up or Down - June 4, 2:25PM-2:30PM ET",0xf6e7e0c94cba17f17c011726a07b4fd334b9ff8592cbe6136bb54b3a38a20f76,Up,63.00,150,,,0x0e82ad20a7705888b6180d396e901b17997315767f901b618a6e4b61d9623b08
2026-06-04 18:28:24,"Bitcoin Up or Down - June 4, 2:25PM-2:30PM ET",0xf6e7e0c94cba17f17c011726a07b4fd334b9ff8592cbe6136bb54b3a38a20f76,Up,64.00,20,,,0x24b3484c0b8bb89d37d9f951c427796e2c4968c05b866b37c054ec083a928a35
2026-06-04 18:28:24,Tyler: Murphy Cassone vs Yuta Shimizu,0x0edf57cc41c232d95a277a96bcc990e1a35519246c3db7772ce1e59c6e508967,Murphy Cassone,14.00,40.43,,,0x1b9cfb5953e17f18cc296cb3aabe6c78dd58fe2d7ef4d086820b4f2ebe70dd47
2026-06-04 18:28:24,Perugia: Andrea Pellegrino vs Roberto Carballes Baena,0x280f8e4b00877ddf567c6f95604ccefd5d08c171bffe80d71b0c0eb839e3b177,Roberto Carballes Baena,35.73,155.81,,,0x2e0e62fe2550430549e479a9beff7cfbd51c395982473ff9c648ff4106b9c9e2
2026-06-04 18:28:24,Barcelona vs. CB Murcia,0x119414c31aaca933a8dce2b0f7893351a145e01858226c16fe01a94326427a3e,Barcelona,37.00,5,,,0x6c5223960b20ea7e1debd28d90f591198a36f48dcf056954c17bebb35b7e9332
2026-06-04 18:28:24,Perugia: Andrea Pellegrino vs Roberto Carballes Baena,0x280f8e4b00877ddf567c6f95604ccefd5d08c171bffe80d71b0c0eb839e3b177,Roberto Carballes Baena,33.50,10,,,0x336398e332c8cf013b0af8f2b2a363a3fed7b04a82c8759b51eb29c775adaf05
2026-06-04 18:28:24,Will Nico Hulkenberg get pole position at the 2026 F1 Monaco Grand Prix?,0xd9382df8533b2e1beae3d791789af6c48344bdc603e47d570cb21d67fb6b9262,No,99.80,20,,,0xeea70a587b37f75b28048b50d8cf8249f0df64f83f1f9f91cbc7696891b5bab3
2026-06-04 18:28:24,Will George Russell get pole position at the 2026 F1 Monaco Grand Prix?,0x54ca3b42112e8a6ede2f877c604c1ba2caf86313e373d27be485975f1e34fdbb,No,88.00,20,,,0xbcc9404d4f6430fdd3f385fb800a443c34fa6980e8bce52f55db059a48f4a7f1
2026-06-04 18:28:24,Will Lando Norris get pole position at the 2026 F1 Monaco Grand Prix?,0xa794c90f747e0a9c0e579fc3725427fadc7a772928b103a65cdda0bc2834c927,No,93.00,20,,,0xb64a5d71d8644cd620903964c678d571594bc4ce6abff42ce56d1dedf4d25e01
2026-06-04 18:28:24,Iran closes its airspace by June 30?,0x51a7c8afb7a0e09b8b47643171d90f400de23a176c4ea06f6552d6e53213839c,No,82.60,44,,,0x88061a72463be6f853e7fcd506caf1e78ab1ac4c3e149ef8e42d82ac4a8b4b0b
2026-06-04 18:28:24,Iran closes its airspace by June 30?,0x51a7c8afb7a0e09b8b47643171d90f400de23a176c4ea06f6552d6e53213839c,Yes,17.40,46,,,0x8295426014d6016bb9b32996379101d65cad6b79128e8619eca7993049cae69f
2026-06-04 18:28:24,Will Arvid Lindblad get pole position at the 2026 F1 Monaco Grand Prix?,0xc074ec4d0330eb9b56e2b1f10b8bcaebcabb57d19aae27d12b9bd8cb75611851,No,99.80,20,,,0xfd6dfe35a6a5d2525db3c0ea1bb3e136c1880876414fde9eec37b54c1fb2ab65
2026-06-04 18:28:24,"Ethereum Up or Down - June 4, 2:25PM-2:30PM ET",0x26442be9d9b6ec037e586102fb23739181eec19ce2f790083a7bad87b0abe5cc,Down,63.00,6,,,0x8fe32fc88cd9fe18967f5fcd30b09302e4fd5df47be4a9c3987340fe3971788c
2026-06-04 18:28:24,Will Franco Colapinto get pole position at the 2026 F1 Monaco Grand Prix?,0x685e73f8081645580c0b0941fb55803af958c0940e5d7f6bfa541dc4944be925,No,99.80,20,,,0xdfc0f77a89c5798449721f4fdbc2ebf9f41bf42390d51cf4395d6752030560a5
2026-06-04 18:28:24,Will Oscar Piastri get pole position at the 2026 F1 Monaco Grand Prix?,0x25beef59c93a0e830583ed71e3f07f612eb8e7fd9ce95711f58d3573f8005bed,No,95.00,20,,,0x101b38d1a4735520d6a50ca95620e90fe479a06ad0a9744448df8db292fd77b0
2026-06-04 18:28:24,Counter-Strike: M80 vs NRG - Map 2 Winner,0x57713f6aa15c35ce6185819f4b554fa3f3cac40a7617116f1098bef9afec829f,M80,38.00,324,,,0x8f05c6db4d9539ed893df15e8f31bd54e5f8221746d77d91a07298d134f12f90
2026-06-04 18:28:24,T20 Blast: Somerset vs Glamorgan,0xf6129fe61ff15efd384be87043b61406c2be38f957e42eecd49f60d0dd38d207,Somerset,57.00,5,,,0xa8b7e5901de4e4f269832c88960c59be4eaf537264b39a710555d834e539f05f
2026-06-04 18:28:24,Sweden vs. Greece: O/U 2.5,0xe3f685835d7fc6afbbc5de38ef7400dee5c8d06d43d7fcf1f90044e0025298d9,Over,58.00,7.758619,,,0xef1cf6d9605773212d640f0346598768d50bcc7f049b02b48d31fdd727d54475
2026-06-04 18:28:24,LoL: ⁠Movistar KOI Fénix vs UCAM Esports Club - Game 4 Winner,0x258e411eef2cb422cfbc113866efa369b848738d23d28e9ed64a27709846b394,⁠Movistar KOI Fénix,33.34,25.65,,,0xc52771fce7d131df994eda55ab34a233e16cb729134c81e52290f64d03f6386f
2026-06-04 18:28:22,"Bitcoin Up or Down - June 4, 2:25PM-2:30PM ET",0xf6e7e0c94cba17f17c011726a07b4fd334b9ff8592cbe6136bb54b3a38a20f76,Down,42.00,10.476189,,,0xe8947baa572225b55ed03769f2350cebad67c3bab2540f6f09448206d069feb5
2026-06-04 18:28:22,Will the highest temperature in Los Angeles be 74°F or higher on June 5?,0xd118f054b08bd619f44c79851da3e971ca8468e1612dbb44c4206a0b2c2763e0,No,80.00,2.5,,,0xb45ca743e217e1ce81cc68bce24f92d6cef9e8a96e74c49970bbe34cf2454d0a
2026-06-04 18:28:22,"Solana Up or Down - June 4, 2:25PM-2:30PM ET",0xaa3b1523de28d0a85a75bb16666b6690cd278f91014c089e37d8c2a240d9e0f2,Up,43.00,5,,,0x9405a782f3b06a5dda8a5f9126e0db43a4698d5026f7c3cc739c27823571f997
2026-06-04 18:28:22,Ukraine signs peace deal with Russia before 2027?,0x4167e22670f31e5f93d132f78108f3fae809bd15cadf78983eff096845ed1415,Yes,30.00,38,,,0xdefac2222b129e6f965e6c8f6f1a4a26c277afdbdf4af0b625b87fdc23fd872d
2026-06-04 18:28:22,"Bitcoin Up or Down - June 4, 2:25PM-2:30PM ET",0xf6e7e0c94cba17f17c011726a07b4fd334b9ff8592cbe6136bb54b3a38a20f76,Up,59.00,5,,,0x76a9fa66d5de25a8a2d34ad22a296f2af2ad98b31005997db24d89af0d928ab6
2026-06-04 18:28:22,"XRP Up or Down - June 4, 2:25PM-2:30PM ET",0x1dda94c24b0e85e81306fd852ef834d4205674fb324b75d33ac401ca0010161c,Up,78.50,10,,,0xfe02fbf2a306bde4be564479b927098b3b6b562acb3ffc138f5bd0d39c73fc04
2026-06-04 18:28:22,San Francisco Giants vs. Chicago Cubs,0xe973b7d952f48306c058c57814c32d35010adf2499466bbff41320f4b55b86fd,San Francisco Giants,38.00,5,,,0x52c64e0aa4b4230b0db46fb17d98b611b417b649c46b135871059e178974b17a
2026-06-04 18:28:22,"Bitcoin Up or Down - June 4, 2:25PM-2:30PM ET",0xf6e7e0c94cba17f17c011726a07b4fd334b9ff8592cbe6136bb54b3a38a20f76,Up,59.00,1.694914,,,0x7e466a154268d8baa0a6ffa4ca94bc525f27c8701b244d6899d71dabcf7a16ee
2026-06-04 18:28:22,"Bitcoin Up or Down - June 4, 2:25PM-2:30PM ET",0xf6e7e0c94cba17f17c011726a07b4fd334b9ff8592cbe6136bb54b3a38a20f76,Up,59.00,4,,,0x1c3f2b49aeec62715778afd4032e584c13afccb4abad2f5a266e902fb61689ea
2026-06-04 18:28:22,Ukraine signs peace deal with Russia before 2027?,0x4167e22670f31e5f93d132f78108f3fae809bd15cadf78983eff096845ed1415,Yes,30.00,38,,,0xb79c9acee72a0f1edc23ab7bfc8709c2a399254dbd37403c95b83c98abad0066
2026-06-04 18:28:22,Ukraine signs peace deal with Russia before 2027?,0x4167e22670f31e5f93d132f78108f3fae809bd15cadf78983eff096845ed1415,No,70.00,38,,,0x737cb756126370704c77bd57e5e9c7a0e322ae3b982f7a27afc5a42a4bc8e6d5
2026-06-04 18:28:22,"Bitcoin Up or Down - June 4, 2:25PM-2:30PM ET",0xf6e7e0c94cba17f17c011726a07b4fd334b9ff8592cbe6136bb54b3a38a20f76,Up,59.00,25,,,0xa6a4341b860ce278f90e07051c8d0264b391cbac8e56c5ddb14b3a46c800843b
2026-06-04 18:28:22,"Bitcoin Up or Down - June 4, 2:25PM-2:30PM ET",0xf6e7e0c94cba17f17c011726a07b4fd334b9ff8592cbe6136bb54b3a38a20f76,Up,59.00,5,,,0x1ec31800774d1fcf4aeb2e799e58d56bbd086ab2a529feeb7aceb1ee3946b8e1
2026-06-04 18:28:22,"Bitcoin Up or Down - June 4, 2:25PM-2:30PM ET",0xf6e7e0c94cba17f17c011726a07b4fd334b9ff8592cbe6136bb54b3a38a20f76,Up,58.00,22.19,,,0x2018f32a05d039a2c1e96c1febe2e17021522787b7c59c2a10b65ed1c0939f19
2026-06-04 18:28:22,Will France win the 2026 FIFA World Cup?,0x9b6fef249040fd17e9c107955b37ac2c3e923509b6b0ff01cc463a331ddeb894,Yes,16.70,598.802394,,,0x73a96ef933f1c4f19a2cb3f851856bdbdc7257064eb74b8635bdf89e4bef957d
2026-06-04 18:28:22,"Bitcoin Up or Down - June 4, 2:25PM-2:30PM ET",0xf6e7e0c94cba17f17c011726a07b4fd334b9ff8592cbe6136bb54b3a38a20f76,Up,59.00,17,,,0xc0a580c1bf251463b1c32b6a3208f0acc74798cb561e8bc7d718b55ccf035411
2026-06-04 18:28:22,"Bitcoin Up or Down - June 4, 2:25PM-2:30PM ET",0xf6e7e0c94cba17f17c011726a07b4fd334b9ff8592cbe6136bb54b3a38a20f76,Up,59.00,6.305082,,,0xf7ddf7d9056d4a7f6d7c79db555713d15230f886d2fee2460d3eee22127c9f39
2026-06-04 18:28:22,WTI Crude Oil (WTI) closes above $92 on June 4?,0x8d7570a3fcfbdb5ab9139e9619218279cd466c11a47c87de4edef6b1453df716,Yes,75.00,100,,,0xad9518a3e4821157d86a88ebb97a7ab286d2bc451cc34fc4293125e7997ab65c
2026-06-04 18:28:22,"Hyperliquid Up or Down - June 4, 2:25PM-2:30PM ET",0x0c120dd6bd6d76ebd92cc795dfb77ad162ab7276e21f9ec9ddf19a23fb99c0c8,Down,98.00,5,,,0x1278ce23a2a8b1b24c0d95c88ddbe5721a9fec72c0c0aec63519b37929535510
2026-06-04 18:28:22,"Bitcoin Up or Down - June 4, 2:25PM-2:30PM ET",0xf6e7e0c94cba17f17c011726a07b4fd334b9ff8592cbe6136bb54b3a38a20f76,Up,63.00,32.96,,,0xa9882626bd71bc249796b7a8ac4ee27af53d0eb4487ba71d24e1574989a2e94c
2026-06-04 18:28:22,"Bitcoin Up or Down - June 4, 2:25PM-2:30PM ET",0xf6e7e0c94cba17f17c011726a07b4fd334b9ff8592cbe6136bb54b3a38a20f76,Up,61.05,44.014515,,,0x630bb953f86b02375c6345066210ab871e97ef2bc7cae43f275c55a87c1ffe47
2026-06-04 18:28:22,"Ethereum Up or Down - June 4, 2:25PM-2:30PM ET",0x26442be9d9b6ec037e586102fb23739181eec19ce2f790083a7bad87b0abe5cc,Up,45.00,6,,,0x889aadc9572eec32722f125b9115e6353689d6a7b59a9fd38cc32adb27fe4cdf
2026-06-04 18:28:22,Will FURIA win IEM Cologne Major 2026?,0xa5c032ea59bef7295facaa3b2eada44ae2509eaff4b45d9896f48290f7f99510,Yes,5.10,196.07843,,,0x807edfb53c5b761b6415680ce8e0e87e7ea3aa289403004a75493ef788d9f9cf
2026-06-04 18:28:22,"Bitcoin Up or Down - June 4, 2:25PM-2:30PM ET",0xf6e7e0c94cba17f17c011726a07b4fd334b9ff8592cbe6136bb54b3a38a20f76,Down,38.00,13.157893,,,0x3ce6d9e501b960d0f12b9ebeb748c2d895cee2090e115e7d111f63fd7609e1e0
2026-06-04 18:28:22,"Bitcoin Up or Down - June 4, 2:25PM-2:30PM ET",0xf6e7e0c94cba17f17c011726a07b4fd334b9ff8592cbe6136bb54b3a38a20f76,Up,63.00,26.539681,,,0x06316d3d0025e2ad48873f0032287fda31e3c0b65a02ec6fa9c701fff6e430cb
2026-06-04 18:28:22,"Ethereum Up or Down - June 4, 2:25PM-2:30PM ET",0x26442be9d9b6ec037e586102fb23739181eec19ce2f790083a7bad87b0abe5cc,Up,45.00,6.555554,,,0xed223a765df42c23d8b5b4873323661988fab2d5e0614707b72ee3aa436edb43
2026-06-04 18:28:22,"Bitcoin Up or Down - June 4, 2:25PM-2:30PM ET",0xf6e7e0c94cba17f17c011726a07b4fd334b9ff8592cbe6136bb54b3a38a20f76,Up,63.00,11.571427,,,0xd558e58271a8933bd6b7d6baafa8ace0e6ac64f94f3cf0ea52195c5c637e6ea4
2026-06-04 18:28:22,"Bitcoin Up or Down - June 4, 2:25PM-2:30PM ET",0xf6e7e0c94cba17f17c011726a07b4fd334b9ff8592cbe6136bb54b3a38a20f76,Up,59.00,5,,,0xf038339b14682680ffaf46bcff37e4447c635e8ac3ab562f9e17e1df1c005b9e
2026-06-04 18:28:22,Will United Russia (ER) gain the most seats in the next Russian parliamentary election?,0x502a94e5c525766d5ee7f16c6568131ba1b2cbadb69c703af05a6ef00336ed64,No,45.00,38,,,0x3df76e257656f01aee215961a07345a0bad7310fb549ab86515cca70c5f788e4
2026-06-04 18:28:22,Will United Russia (ER) gain the most seats in the next Russian parliamentary election?,0x502a94e5c525766d5ee7f16c6568131ba1b2cbadb69c703af05a6ef00336ed64,No,45.00,38,,,0xe30a912cd55b2f038793132a5eb06bf839500444387a9b6bb64f14cfad2cec14
2026-06-04 18:28:22,"Bitcoin Up or Down - June 4, 2:25PM-2:30PM ET",0xf6e7e0c94cba17f17c011726a07b4fd334b9ff8592cbe6136bb54b3a38a20f76,Down,37.00,6.92,,,0x6f53901e129d4a2fb08874c04e5ac57463a14398d0cd17fd1a9742df0fafcba8
2026-06-04 18:28:22,Will United Russia (ER) gain the most seats in the next Russian parliamentary election?,0x502a94e5c525766d5ee7f16c6568131ba1b2cbadb69c703af05a6ef00336ed64,No,45.00,38,,,0xa9a1224f4eb76382c407d56a2f4f15b7e33714a45630697feb791a709e2dfbb4
2026-06-04 18:28:22,Cleveland Guardians vs. New York Yankees: O/U 5.5,0xb7ce80cd42f5cf0ba851002e984ad82bcdffc4f25793b5e3d59c99855d12a69c,Under,40.00,5,,,0x115f2eeaccde27d05945106b6e06ff8c8bec4918f231a98b39241d12754eb6e0
2026-06-04 18:28:22,"Bitcoin Up or Down - June 4, 2:25PM-2:30PM ET",0xf6e7e0c94cba17f17c011726a07b4fd334b9ff8592cbe6136bb54b3a38a20f76,Down,41.00,3,,,0x5973446aac7610497001df18548724e264d5a3bdd0094d8f22e472fce2eff99d
2026-06-04 18:28:22,"Bitcoin Up or Down - June 4, 2:25PM-2:30PM ET",0xf6e7e0c94cba17f17c011726a07b4fd334b9ff8592cbe6136bb54b3a38a20f76,Down,41.00,3,,,0x774214cfe3ab220b309de0c27b53752a79ce7b0b914514dfa0c0be5e69ca89ec
2026-06-04 18:28:22,Will President Trump attend the NBA Finals?,0x58e514036d7a8ffcbde14a5c189d4282f837585656885d4856cec0a41349fe27,Yes,88.00,60,,,0x52f456498b3b58b89c59c1a673d6b37b84f1f64fa6ebb99d5f6a9e8c2554b78e
2026-06-04 18:28:22,"Bitcoin Up or Down - June 4, 2:25PM-2:30PM ET",0xf6e7e0c94cba17f17c011726a07b4fd334b9ff8592cbe6136bb54b3a38a20f76,Down,41.00,3,,,0xf92f0374fc4b074942bb8ae3ac9a7c6e6d86d56f97aaaaa69483819de525a1d7
2026-06-04 18:28:22,"Bitcoin Up or Down - June 4, 2:25PM-2:30PM ET",0xf6e7e0c94cba17f17c011726a07b4fd334b9ff8592cbe6136bb54b3a38a20f76,Up,59.00,5,,,0x23503a83689b4bde5eba72687d9404e9d92511a014b36150e872c912c1cddebb
2026-06-04 18:28:22,"Bitcoin Up or Down - June 4, 2:25PM-2:30PM ET",0xf6e7e0c94cba17f17c011726a07b4fd334b9ff8592cbe6136bb54b3a38a20f76,Up,59.00,1.694914,,,0x0af32601c4efb326c9df36bf889f6fda844bc931db3eef225f7b797d58b8b2cd
2026-06-04 18:28:22,"Bitcoin Up or Down - June 4, 2:25PM-2:30PM ET",0xf6e7e0c94cba17f17c011726a07b4fd334b9ff8592cbe6136bb54b3a38a20f76,Up,59.00,5,,,0x516adab6bca8ed3d5ef0265835571e78b07e222e5e1f080851f0061d369bc53b
2026-06-04 18:28:22,Will 2 Fed rate cuts happen in 2026?,0xe0d9f508a249e0070db06eb7d1e1fb17eb23c963f6fb722c4c3f81e23240c1cd,No,93.00,28.59,,,0x0cfd11dc4ed68456573182f1e757434704eecac87902f579db28e8a8b3dc9ebf
2026-06-04 18:28:21,"Bitcoin Up or Down - June 4, 2:25PM-2:30PM ET",0xf6e7e0c94cba17f17c011726a07b4fd334b9ff8592cbe6136bb54b3a38a20f76,Up,57.00,19.3,,,0x3b005aa51d52f2af060a53c4146822c828e0f19efbefe1ebd09e3c5f8353ef04
2026-06-04 18:28:21,"Bitcoin Up or Down - June 4, 2:25PM-2:30PM ET",0xf6e7e0c94cba17f17c011726a07b4fd334b9ff8592cbe6136bb54b3a38a20f76,Down,44.00,60,,,0x91143d150e2f030753c99bcae513e895ca3839fb4a8f6e1009c2f8f198541458
2026-06-04 18:28:21,Cleveland Guardians vs. New York Yankees: O/U 5.5,0xb7ce80cd42f5cf0ba851002e984ad82bcdffc4f25793b5e3d59c99855d12a69c,Under,40.00,7.375,,,0xe9fa5201b56cfb426e2c104e5e47bc8aceb8c58c76b5aaa6918e4810e97209cf
2026-06-04 18:28:21,"Bitcoin Up or Down - June 4, 2:25PM-2:30PM ET",0xf6e7e0c94cba17f17c011726a07b4fd334b9ff8592cbe6136bb54b3a38a20f76,Up,59.00,10,,,0x671d841bf5b1693107c84a5161dd69bce3768dafddd7e28e54f32a92035f823f
2026-06-04 18:28:21,"Bitcoin Up or Down - June 4, 2:25PM-2:30PM ET",0xf6e7e0c94cba17f17c011726a07b4fd334b9ff8592cbe6136bb54b3a38a20f76,Up,57.00,20,,,0x6bbf294cf02ed1b25e59afa8f061e244e5217d9fa8b62487054a29d4077919a8
2026-06-04 18:28:21,Will Edmundo González be the leader of Venezuela end of 2026?,0xb122b2a17c8dea01d5e8ffe04316bbe011f9bf80c989bb82afde2f39a3fd4441,No,99.20,13.5,,,0x0a2b19e9cdcffd8a76c34faa46dfec9e1aab9a3d9418e513d97349a773ee179a
2026-06-04 18:28:21,Cleveland Guardians vs. New York Yankees: O/U 5.5,0xb7ce80cd42f5cf0ba851002e984ad82bcdffc4f25793b5e3d59c99855d12a69c,Under,40.00,25,,,0xcb5730fda98f517ba7b5d51d48d94a48c4282e8110223601101d519c8ea8678c
2026-06-04 18:28:21,Will the highest temperature in Miami be between 82-83°F on June 4?,0xea37de4551203d4bbe759ee5c29ec56d681fc90a2ced24377b8a4ff767ea9723,Yes,64.00,5,,,0x27be61498be9188085c97bc3013eae8de3ef716ef8fc223f92ea5bc19e93e365
2026-06-04 18:28:21,Will Marco Rubio win the 2028 US Presidential Election?,0x2053d8515f1b8cbeea4ccdb56e60e89c2617e43a8660d95166b8e71d27865277,No,85.70,26,,,0x058729cf837eff806a0edd4d90dca0b356f1f4870657031e564b2bdd038dd5ab
2026-06-04 18:28:21,"Bitcoin Up or Down - June 4, 2:25PM-2:30PM ET",0xf6e7e0c94cba17f17c011726a07b4fd334b9ff8592cbe6136bb54b3a38a20f76,Down,43.00,5,,,0x21e80abe866f6d8c5081d65b81af5a501de3bfaf1953bf70a3470bb5700f53dd
2026-06-04 18:28:21,"Bitcoin Up or Down - June 4, 2:25PM-2:30PM ET",0xf6e7e0c94cba17f17c011726a07b4fd334b9ff8592cbe6136bb54b3a38a20f76,Down,42.00,4.91,,,0x7c1c7a74a151d41c01fc084684b80be7f3bbb0a831a6f88b08a31a63adfea5b0
2026-06-04 18:28:21,"Bitcoin Up or Down - June 4, 2:25PM-2:30PM ET",0xf6e7e0c94cba17f17c011726a07b4fd334b9ff8592cbe6136bb54b3a38a20f76,Up,58.00,1.89655,,,0x0053321a1dceb3f4a19d368fd9d5c74565ade2efbe1a62caeacf347a7964b407
2026-06-04 18:28:21,Will Innio's market cap be less than $17B at market close on IPO day?,0x046dd80926fe75e0e32336378b99593b5a4d24db8360a33db4ec4aa711f0d8fe,Yes,0.10,0.8,,,0xd11aa648cebd7e033d5c200e4341e27bdedf375384fda3f549b9c3cfe7dae7a2
2026-06-04 18:28:21,"Ethereum Up or Down - June 4, 2:25PM-2:30PM ET",0x26442be9d9b6ec037e586102fb23739181eec19ce2f790083a7bad87b0abe5cc,Up,43.00,10.116278,,,0xf2513711ef1783e8baad30c3d144db3ae7c1bd50572dbd551597a53c145000a7
2026-06-04 18:28:21,"Bitcoin Up or Down - June 4, 2:25PM-2:30PM ET",0xf6e7e0c94cba17f17c011726a07b4fd334b9ff8592cbe6136bb54b3a38a20f76,Up,58.00,11,,,0x09cbdce428634d1390f656ee5cdaad198a32710fff4c0cb66acc21c24575ea7d
2026-06-04 18:28:21,"Bitcoin Up or Down - June 4, 2:25PM-2:30PM ET",0xf6e7e0c94cba17f17c011726a07b4fd334b9ff8592cbe6136bb54b3a38a20f76,Down,43.00,4.94,,,0xb2a3c942daeba0ecf6053b311bd24103b183abb2e9bde40181ea0348d58733ef
2026-06-04 18:28:21,"Bitcoin Up or Down - June 4, 2:25PM-2:30PM ET",0xf6e7e0c94cba17f17c011726a07b4fd334b9ff8592cbe6136bb54b3a38a20f76,Up,58.00,11,,,0xdc8aa8bb1bcc32f0053503b1e4ecf649b8513c9e262431082acd2d7b11b2a100
2026-06-04 18:28:21,"Bitcoin Up or Down - June 4, 2:25PM-2:30PM ET",0xf6e7e0c94cba17f17c011726a07b4fd334b9ff8592cbe6136bb54b3a38a20f76,Up,57.00,1.754383,,,0xa98f917040fdd280980edde2addb52effb9d5f2dbe048fdfc93a94abea10b451
2026-06-04 18:28:21,Spread: Philadelphia Phillies (-3.5),0xe281bf17ca73d24d407fd9299030c8d009385bf137946330e66ffd504e02edee,Philadelphia Phillies,46.00,4.369564,,,0xffbe26ed44231faee3054d15aee1d144e879e44e91bdf33676807a31ec68e970
2026-06-04 18:28:21,WTI Crude Oil (WTI) closes above $92 on June 4?,0x8d7570a3fcfbdb5ab9139e9619218279cd466c11a47c87de4edef6b1453df716,Yes,70.86,100,,,0x036f6e2d5f4dc4d7e3b4666030f11dadc705062d08f44f4ddf43509b13946aec
2026-06-04 18:28:21,"Bitcoin Up or Down - June 4, 2:25PM-2:30PM ET",0xf6e7e0c94cba17f17c011726a07b4fd334b9ff8592cbe6136bb54b3a38a20f76,Up,55.00,8.46,,,0xc943e3b797770c6194d2fc6bb3d53039a78b88cced1bea4fa117ba467eaf6aa1
2026-06-04 18:28:21,"Ethereum Up or Down - June 4, 2:25PM-2:30PM ET",0x26442be9d9b6ec037e586102fb23739181eec19ce2f790083a7bad87b0abe5cc,Down,58.00,6,,,0xfdc09db8dd99a1fb2d45ff67621410182ae47ae4094065c98512ce192802f217
2026-06-04 18:28:21,"Ethereum Up or Down - June 4, 2:25PM-2:30PM ET",0x26442be9d9b6ec037e586102fb23739181eec19ce2f790083a7bad87b0abe5cc,Down,58.00,11.25,,,0x9dbab8a26beca6cd73be68e09a8f7a7a22c8546fcb568ec2891c28228987ada3
2026-06-04 18:28:21,"Bitcoin Up or Down - June 4, 2:25PM-2:30PM ET",0xf6e7e0c94cba17f17c011726a07b4fd334b9ff8592cbe6136bb54b3a38a20f76,Up,55.00,10.181817,,,0x4f79f5edecdbd397d5f7a0f23a938e9bbd6ccb04bb823a0288e990f8e91ce0a6
2026-06-04 18:28:21,"Bitcoin Up or Down - June 4, 2:25PM-2:30PM ET",0xf6e7e0c94cba17f17c011726a07b4fd334b9ff8592cbe6136bb54b3a38a20f76,Up,56.00,5,,,0xfe14863afe9e4a143fb11c03b835c39df2240263e83ad70f9d0209b289f6c756
2026-06-04 18:28:21,"Bitcoin Up or Down - June 4, 2:25PM-2:30PM ET",0xf6e7e0c94cba17f17c011726a07b4fd334b9ff8592cbe6136bb54b3a38a20f76,Up,55.00,45.454544,,,0xf509f1ab50c99b3fe0da5a6024d0836c85cfa7636a3eae66aefce54d91416c14
2026-06-04 18:28:21,Will the highest temperature in New York City be between 84-85°F on June 4?,0x3e7a4918956e5d02a6bc31ebcdd528b6007bf4aa1e05fa349cd4317bcc4a7115,Yes,29.00,6.06,,,0xeb0eda67c0e461400fda3807468d29721bbb3c5450e2a7fd66fb2a04c5174c3c
2026-06-04 18:28:21,"Bitcoin Up or Down - June 4, 2:25PM-2:30PM ET",0xf6e7e0c94cba17f17c011726a07b4fd334b9ff8592cbe6136bb54b3a38a20f76,Up,55.00,11,,,0x8bdd9d0ff74244cbc9011a7a9ea9461e8aada6af51ff9acee56bd37caf870660
2026-06-04 18:28:21,"Bitcoin Up or Down - June 4, 2:25PM-2:30PM ET",0xf6e7e0c94cba17f17c011726a07b4fd334b9ff8592cbe6136bb54b3a38a20f76,Up,56.00,3.571427,,,0x58cbebb4d33d1f9eacd67a689ad0b88c39637f10f28a1389d83de93992b0ea79
2026-06-04 18:28:21,"Bitcoin Up or Down - June 4, 2:25PM-2:30PM ET",0xf6e7e0c94cba17f17c011726a07b4fd334b9ff8592cbe6136bb54b3a38a20f76,Down,44.00,8.31,,,0xbf3209481e0328e1e12a2dcb8d22f0a9ca948277ca8dd38f5a6c3155d9aee6b5
2026-06-04 18:28:21,"Bitcoin Up or Down - June 4, 2:25PM-2:30PM ET",0xf6e7e0c94cba17f17c011726a07b4fd334b9ff8592cbe6136bb54b3a38a20f76,Up,54.40,40,,,0x707f8904762d757a3d8c59039a7258d92e6f615f3af18ec5bc82336d8f3cbf8d
2026-06-04 18:28:21,Will Reza Pahlavi enter Iran by June 30?,0x43272c02b8407ed3f8d5b04fb4cb132d7a59c5df6ecc423afcf66f1c778d1887,Yes,1.60,160,,,0x43eb86750609d5b972a54281e1afdde9a95f4025b6b987f37545bc57f8a6711e
2026-06-04 18:28:21,Will Marco Rubio win the 2028 Republican presidential nomination?,0x21ad31a46bfaa51650766eff6dc69c866959e32d965ffb116020e37694b6317d,No,66.70,3.493252,,,0x116a3accb8bc8232f19e021cebc78db9c81b328004df2679240afc2b6ff62faa
2026-06-04 18:28:21,Counter-Strike: Liquid vs Heroic - Map 2 Winner,0xff5ee1b61898d96c561eafefb9da580a67f07848a33ab3257a53c32ae4634223,Liquid,86.00,3,,,0x0ec82d1aaa81dbf05a35110603d576024bfcf83e8b4f5f96cf3be1ebd5dd76e9
2026-06-04 18:28:21,"Bitcoin Up or Down - June 4, 2:25PM-2:30PM ET",0xf6e7e0c94cba17f17c011726a07b4fd334b9ff8592cbe6136bb54b3a38a20f76,Up,55.00,20.090908,,,0x810487ad45b778bd9d82fd5b80010116c11ed33c3831160741e95f605ebb947b
2026-06-04 18:28:21,San Francisco Giants vs. Chicago Cubs,0xe973b7d952f48306c058c57814c32d35010adf2499466bbff41320f4b55b86fd,San Francisco Giants,38.00,5,,,0x8a4f7de5e79aecda7213201b745ab44667730d7c4700d4f208b3902880c778fc
2026-06-04 18:28:21,"Ethereum Up or Down - June 4, 2:25PM-2:30PM ET",0x26442be9d9b6ec037e586102fb23739181eec19ce2f790083a7bad87b0abe5cc,Up,43.00,10,,,0x6ac99859703c59febe9d858517cdf8c1734fa8d9f50192f2cb204a67eedc4fc9
2026-06-04 18:28:21,"Ethereum Up or Down - June 4, 2:25PM-2:30PM ET",0x26442be9d9b6ec037e586102fb23739181eec19ce2f790083a7bad87b0abe5cc,Up,43.42,11.515453,,,0x4783e3daec497c10e990f6ff06b4bff8224f04bba0f22f90778cdfcfac66c8e5
2026-06-04 18:28:21,"Ethereum Up or Down - June 4, 2:25PM-2:30PM ET",0x26442be9d9b6ec037e586102fb23739181eec19ce2f790083a7bad87b0abe5cc,Up,43.00,9.069766,,,0xb8a679ea74b8de624dff74dc33dd2b3f8e99004b7fa28812bec155a6cade7b9f
2026-06-04 18:28:19,"Bitcoin Up or Down - June 4, 2:25PM-2:30PM ET",0xf6e7e0c94cba17f17c011726a07b4fd334b9ff8592cbe6136bb54b3a38a20f76,Up,56.00,15,,,0x43c525b93f16df506d67225c3ce06302ad6184b1170c53f63f4f5962f647dcaa
2026-06-04 18:28:19,"Bitcoin Up or Down - June 4, 2:25PM-2:30PM ET",0xf6e7e0c94cba17f17c011726a07b4fd334b9ff8592cbe6136bb54b3a38a20f76,Down,48.00,5,,,0x621c8e39d14fcfd1486318257d64d1af2771d42a3230712a152fffe84f9ca0ca
2026-06-04 18:28:19,"Bitcoin Up or Down - June 4, 2:25PM-2:30PM ET",0xf6e7e0c94cba17f17c011726a07b4fd334b9ff8592cbe6136bb54b3a38a20f76,Up,56.00,20,,,0xa17a61602bca88ae6ff3e67fb3ead95e7a19d06feff8fdcfcc3c150da343bfe1
2026-06-04 18:28:19,"Bitcoin Up or Down - June 4, 2:25PM-2:30PM ET",0xf6e7e0c94cba17f17c011726a07b4fd334b9ff8592cbe6136bb54b3a38a20f76,Down,46.00,10.869564,,,0xdf024f33bba7f4e681dfc64c9471eedb552f3d87af28fa04e38327ec31c08911
2026-06-04 18:28:19,"Bitcoin Up or Down - June 4, 2:25PM-2:30PM ET",0xf6e7e0c94cba17f17c011726a07b4fd334b9ff8592cbe6136bb54b3a38a20f76,Down,46.00,4.347825,,,0xbf7d2dcf72f910edbb698f99dbefccef8d4b60f14c6322781c026d901799a114
2026-06-04 18:28:19,"Bitcoin Up or Down - June 4, 2:25PM-2:30PM ET",0xf6e7e0c94cba17f17c011726a07b4fd334b9ff8592cbe6136bb54b3a38a20f76,Down,46.00,3.043477,,,0x242fb165104156a9a027d30ce23129dcd9e55aa0fd7a7e80ff3927982aa2af18
2026-06-04 18:28:19,"Bitcoin Up or Down - June 4, 2:25PM-2:30PM ET",0xf6e7e0c94cba17f17c011726a07b4fd334b9ff8592cbe6136bb54b3a38a20f76,Up,56.00,5,,,0x6eebba3369f4cedf677c63321ccd3ef8d578f44bd9c009561decda384f1033c5
2026-06-04 18:28:19,"Bitcoin Up or Down - June 4, 2:25PM-2:30PM ET",0xf6e7e0c94cba17f17c011726a07b4fd334b9ff8592cbe6136bb54b3a38a20f76,Up,56.00,5,,,0x6a3089f0ca20996a0a56e755fce7f8543febb486d17d6e533eed3c2329cfb73c
2026-06-04 18:28:19,"Bitcoin Up or Down - June 4, 2:25PM-2:30PM ET",0xf6e7e0c94cba17f17c011726a07b4fd334b9ff8592cbe6136bb54b3a38a20f76,Up,55.61,19.58,,,0x8de5e55524b31937f793f0704d860b84daeb0e106676779a85bba6673bff7c27
2026-06-04 18:28:19,"Bitcoin Up or Down - June 4, 2:25PM-2:30PM ET",0xf6e7e0c94cba17f17c011726a07b4fd334b9ff8592cbe6136bb54b3a38a20f76,Up,56.00,20,,,0x88cbc206177b906614859d16de840b6b0685319dd231ce82e120aae2e029f9f0
2026-06-04 18:28:19,"Bitcoin Up or Down - June 4, 2:25PM-2:30PM ET",0xf6e7e0c94cba17f17c011726a07b4fd334b9ff8592cbe6136bb54b3a38a20f76,Up,55.00,9.090908,,,0x881fd193568e54052c3e0752a21a49822d02cfafebe020eee5e296494297f58c
2026-06-04 18:28:19,"Bitcoin Up or Down - June 4, 2:25PM-2:30PM ET",0xf6e7e0c94cba17f17c011726a07b4fd334b9ff8592cbe6136bb54b3a38a20f76,Up,55.00,4,,,0x26a69a61abdbe1aee5f4e23462fd6ef4af6504802d71f8ff8a65848b6539ecef
2026-06-04 18:28:19,Reyer Venezia vs. Virtus Bologna,0x293c0d35a1c186efc463b52aead86f45239ea84eaa0465dd918a0c55dfd6dea4,Reyer Venezia,29.00,8,,,0xda9da9fed2536ea60cc6836e9b3b6949dab11d131b2b4d3c621938e07aaf006e
2026-06-04 18:28:19,"Bitcoin Up or Down - June 4, 2:25PM-2:30PM ET",0xf6e7e0c94cba17f17c011726a07b4fd334b9ff8592cbe6136bb54b3a38a20f76,Up,52.00,20,,,0xe9a694d79c0a3b7df97960ba61fafc55475d5f2394b69980294394fde50ec451
2026-06-04 18:28:19,"Bitcoin Up or Down - June 4, 2:25PM-2:30PM ET",0xf6e7e0c94cba17f17c011726a07b4fd334b9ff8592cbe6136bb54b3a38a20f76,Down,49.00,5,,,0x7c807997e6d1696685a57b0a89ca7a2d2dcbc1d5838efdf09224d29aa9f1feee
2026-06-04 18:28:19,Will the highest temperature in Shenzhen be 36°C on June 5?,0xcb3b7effa5813ee81a8a9cb9e47a9fc8317efa068af4041d600deac35d561948,No,81.00,7,,,0x0e247fdbfbb8195e73af63c93e0241c828bb6a3e384bae7b50b8757047408f9f
2026-06-04 18:28:19,"Bitcoin Up or Down - June 4, 2:25PM-2:30PM ET",0xf6e7e0c94cba17f17c011726a07b4fd334b9ff8592cbe6136bb54b3a38a20f76,Down,49.00,5.5,,,0x0752cddecc037d9cb8373b79b9548497269e64f6fe90a0104cae93464025a17a
2026-06-04 18:28:19,Spain vs. Iraq: O/U 4.5,0x8906fa2db55a1886e0e858eade569c5ddafe1ee97ff2f36df975b793334f3475,Under,66.00,1500,,,0x26aa9152083b909edbe8e41f21b116bc3f786f794622ce751dfaf506c3f7c834
2026-06-04 18:28:19,"Ethereum Up or Down - June 4, 2:25PM-2:30PM ET",0x26442be9d9b6ec037e586102fb23739181eec19ce2f790083a7bad87b0abe5cc,Up,37.00,10,,,0xe8ac9a89b9bf52272fb007cc856fe268df6633100322e2878b60740239be00de
2026-06-04 18:28:19,Cleveland Guardians vs. New York Yankees,0xfdbba7f905701ebf33b6c83d38d8d39a1c40c49ea0f36d86bf0571aed682f2c6,New York Yankees,47.00,0.89,,,0xd70f79707065ed97b265b1e83f503cd4b326c23c1c77f103f6321295e0d9ed12
2026-06-04 18:29:03,"Bitcoin Up or Down - June 4, 2:25PM-2:30PM ET",0xf6e7e0c94cba17f17c011726a07b4fd334b9ff8592cbe6136bb54b3a38a20f76,Up,68.00,8.74,,,0x70b4a8bd1af9c22b32cdfd6efc0bc06164ab413261e72b239aa0f21ac74ce491
2026-06-04 18:29:03,"Bitcoin Up or Down - June 4, 2:25PM-2:30PM ET",0xf6e7e0c94cba17f17c011726a07b4fd334b9ff8592cbe6136bb54b3a38a20f76,Up,70.00,30.857141,,,0xaaef5e8725b6c95a1a2e3bd27db3b3c2133caf1d9791461b044a75e7d70be642
2026-06-04 18:29:03,Will the highest temperature in Hong Kong be 34°C on June 5?,0xdee22af49c35d91aa5709ac88b5704afb7a6035e0add9e9a62ca2ed1ac199445,Yes,44.12,11.333332,,,0xb09a1bfb569e9d94602ce3232e22987511c18387251db4589407418ccb27137f
2026-06-04 18:29:03,"Bitcoin Up or Down - June 4, 2:25PM-2:30PM ET",0xf6e7e0c94cba17f17c011726a07b4fd334b9ff8592cbe6136bb54b3a38a20f76,Up,69.00,6,,,0xf8a12aa974c7e2c61afbd4a0e1cbf10b51761c264ac7d9092e31990bc59251a4
2026-06-04 18:29:03,"Bitcoin Up or Down - June 4, 2:25PM-2:30PM ET",0xf6e7e0c94cba17f17c011726a07b4fd334b9ff8592cbe6136bb54b3a38a20f76,Up,69.47,16.842856,,,0x6c6f32113c46ddf67afb826a51eae901b2dfacf5014c65799ad9d11bb8beef03
2026-06-04 18:29:03,"Bitcoin Up or Down - June 4, 2:25PM-2:30PM ET",0xf6e7e0c94cba17f17c011726a07b4fd334b9ff8592cbe6136bb54b3a38a20f76,Up,70.00,6,,,0xf97065fcb518a2a288cf5044f8960cc684e4bf9bc17dc2c5fdf7d0e7730ca7da
2026-06-04 18:29:03,"Bitcoin Up or Down - June 4, 2:25PM-2:30PM ET",0xf6e7e0c94cba17f17c011726a07b4fd334b9ff8592cbe6136bb54b3a38a20f76,Up,69.00,20,,,0x6e1ba9744b6a9a2c2461a804c245654bd8c52c2b5814ca9cb4ef20318c6c2f94
2026-06-04 18:29:03,"Bitcoin Up or Down - June 4, 2:25PM-2:30PM ET",0xf6e7e0c94cba17f17c011726a07b4fd334b9ff8592cbe6136bb54b3a38a20f76,Up,68.00,20,,,0xafc1c06c03909148e1bbf8b4cf0f78b747d10906aafe6b5be0d8826125e65282
2026-06-04 18:29:03,"Bitcoin Up or Down - June 4, 2:25PM-2:30PM ET",0xf6e7e0c94cba17f17c011726a07b4fd334b9ff8592cbe6136bb54b3a38a20f76,Up,67.81,7,,,0x7f18808488720b40b34318261e1da9144c79994c8e183496f4a179ef6f19829e
2026-06-04 18:29:03,"Bitcoin Up or Down - June 4, 2:25PM-2:30PM ET",0xf6e7e0c94cba17f17c011726a07b4fd334b9ff8592cbe6136bb54b3a38a20f76,Up,67.00,23,,,0x2e900a6a65272f867ee40cebfc4a6ead9e22ed1fb8ad59331602fdc6cbe332eb
2026-06-04 18:29:01,Will MrBeast's next video get between 62 and 63 million views on day 6?,0xee520c094d8c474016e8736f4cebcbb3c08d93cd2e1c7d395048870607f3e8de,No,98.00,6,,,0x78f0259ce48e134df59968e239fea4c8be7b84ae23dc2da7ff2eda35079d7b78
2026-06-04 18:29:01,"Bitcoin Up or Down - June 4, 2:25PM-2:30PM ET",0xf6e7e0c94cba17f17c011726a07b4fd334b9ff8592cbe6136bb54b3a38a20f76,Down,37.00,15.38,,,0x2d74ad2631c479d3b8e24d02d28bed5d51796060709253d0ebabec9785a6e3fd
2026-06-04 18:29:01,Will MrBeast's next video get between 60 and 61 million views on day 6?,0x86ccd622fe8866b2521925f32cbf4150899bd64190e0528622c8b4283f90bc16,No,19.00,5,,,0xa772bfe7d11dc55634be0768e700ce9884d747606bd341271230a85fd7581121
2026-06-04 18:29:01,Will MrBeast's next video get 64 million or more views on day 6?,0x056e81407758a1c216f86169d1f780c776155190ab36057aceea776ee52730f6,No,99.80,6,,,0xb89e913ec3ab5a5d311a5c4f7aeec7f7d6121b295efca24e94167d58711ea427
2026-06-04 18:29:01,Will MrBeast's next video get 64 million or more views on day 6?,0x056e81407758a1c216f86169d1f780c776155190ab36057aceea776ee52730f6,No,99.80,6,,,0xc3ad98aadb4aa398ada0f79ca5e3a2fc167cae429dcb5ca6002c9ac72c2e4166
2026-06-04 18:29:01,Will MrBeast's next video get less than 60 million views on day 6?,0x7dee7e3e853208f117de2ae96bba864309423a218ffa789b881f20a4958a5bb2,No,98.60,6,,,0xc31ea63d659ed643a1d4f070eb954d417faa09b2dec202ff8d942655d065caff
2026-06-04 18:29:01,Will MrBeast's next video get between 63 and 64 million views on day 6?,0x987e91b887549848d016833b39b2d654911d5c49dfb12942658a4b56fb7c0e20,No,99.80,6,,,0xbe0aca3ee053630d8251aea0d00425ac0a683da3b13164eb30978652a58a5a41
2026-06-04 18:29:01,Will the highest temperature in Madrid be 26°C on June 5?,0x512e73bcff3186e081099aa1a9bfceed6922819779bb65b7957713fe7077ddd3,No,99.10,27.03,,,0xc2cfa7d868bbcd6c378a9197172ec7dd8dd3badf728438af5e46fdfe71b0a981
2026-06-04 18:29:01,Will the highest temperature in Madrid be 32°C on June 5?,0x8780c159cbb216c3cc56052392c5333219b1d96736748eba4a319f284c41c098,No,99.70,27.03,,,0x4a8eaef9178c88108108aaefa0728ec6006a4c959148a482b4d6a14fffa872f5
2026-06-04 18:29:01,Will the highest temperature in Madrid be 33°C or higher on June 5?,0x88a8f8b3a9e435c9e092fcc870085b943b6f4cd99701265c100d83a181083f0c,No,99.90,27.03,,,0x6228b67f3327c712cee6384475157b71c8d59bc8e2d84bc454300c534e5ca7e6
2026-06-04 18:29:01,Will the highest temperature in Madrid be 29°C on June 5?,0xdd47459225cdddbf1fff441f1eb69d08ede82dc6adef3742aa787833cde3705d,No,52.00,27.03,,,0xd83d6a58f3c9e383e38887ebd197e792a09b155e525f479bbf7015006d3976c7
2026-06-04 18:29:01,Will the highest temperature in Madrid be 27°C on June 5?,0xd4bf64a5063890a3a4fa314acc6ed3a18b401b80111ec9fce2190c7d7fd5589f,No,94.00,27.03,,,0x97b7d0f8987eeffc9fb9900a9a236c79de52d58b62fcbd31c70bdceec8c2505a
2026-06-04 18:29:01,Will MrBeast's next video get less than 60 million views on day 6?,0x7dee7e3e853208f117de2ae96bba864309423a218ffa789b881f20a4958a5bb2,No,98.60,6,,,0xc686d4baae80feebafd67f5893558441c842a28af331049240b6c03defb063b5
2026-06-04 18:29:01,Will MrBeast's next video get between 62 and 63 million views on day 6?,0xee520c094d8c474016e8736f4cebcbb3c08d93cd2e1c7d395048870607f3e8de,No,98.00,6,,,0x0a27d5f5297ff8831de5b9b881eced3d0c06e9c999aafea136e20831e43980f7
2026-06-04 18:29:01,Will MrBeast's next video get between 63 and 64 million views on day 6?,0x987e91b887549848d016833b39b2d654911d5c49dfb12942658a4b56fb7c0e20,No,99.80,6,,,0xf1a1b255f5faa9120b4bcdf0b10006600e57e89643315239182065e4ae28fa1a
2026-06-04 18:29:01,"Bitcoin Up or Down - June 4, 2:25PM-2:30PM ET",0xf6e7e0c94cba17f17c011726a07b4fd334b9ff8592cbe6136bb54b3a38a20f76,Up,62.00,15.62,,,0x0a21899072e7742a12d0a5bbd3eba545a612c82ca5060b5798ea5bbd834f3fa0
2026-06-04 18:29:01,"Bitcoin Up or Down - June 4, 2:25PM-2:30PM ET",0xf6e7e0c94cba17f17c011726a07b4fd334b9ff8592cbe6136bb54b3a38a20f76,Up,63.00,8.55,,,0x49a0d1d930f3beee04f1e819eb794a924432937eea09d70014cb57f14976e68b
2026-06-04 18:29:01,Counter-Strike: Liquid vs Heroic - Map 2 Winner,0xff5ee1b61898d96c561eafefb9da580a67f07848a33ab3257a53c32ae4634223,Liquid,85.97,170.45,,,0x500a66403ca133ea19c8c4695a63099bfad61758057e2a441b28e984f319ad40
2026-06-04 18:29:01,Will Eduardo Leite win the 2026 Brazilian presidential election?,0x70f1a7d2cd490b640676d5e31470bcbe16fef40087de1af8b6f6e44e299b5784,No,99.80,18.02,,,0xfb9904b48a4437221f38e16eb7a0229238f540c30c1d1c9bec9cba5025df7b76
2026-06-04 18:29:01,Will the highest temperature in Shanghai be 27°C on June 5?,0xc72da64310348c6981d5a6ed139354631ee1f1335d4d3725546f43b4169f5b87,No,65.00,10,,,0xea53f85054d98b5325273ad4648f161284ae752e46060b16d21ece2f7c0215e3
2026-06-04 18:29:01,"Bitcoin Up or Down - June 4, 2:25PM-2:30PM ET",0xf6e7e0c94cba17f17c011726a07b4fd334b9ff8592cbe6136bb54b3a38a20f76,Up,63.00,5.079364,,,0x3551551aa815578d6df3082b784eaf3a5302ead00358dd1e48b295d7e22ddd9e
2026-06-04 18:29:01,"Bitcoin Up or Down - June 4, 2:25PM-2:30PM ET",0xf6e7e0c94cba17f17c011726a07b4fd334b9ff8592cbe6136bb54b3a38a20f76,Down,38.00,2.631577,,,0x33104c93660f0dd1c46a8a2c21d62758dbd2983234247c3269e0c5f6205e83cc
2026-06-04 18:29:01,"Bitcoin Up or Down - June 4, 2:25PM-2:30PM ET",0xf6e7e0c94cba17f17c011726a07b4fd334b9ff8592cbe6136bb54b3a38a20f76,Up,63.00,1.5873,,,0xd7075ab0c5fd93b18fb2f9f08b203f937a0259eae1341fd9c0d81fdfd48055b1
2026-06-04 18:29:01,Will 2026 be the second-hottest year on record?,0x376f0a5ce8279b4bf840018217487848634b686a9669c8c2d79eca67410b1aeb,No,37.00,2.702701,,,0x5ff8dbd0e9d0105fc3d3cc670af4f40ff6576f4a341afe45924359852c3720e1
2026-06-04 18:29:01,Counter-Strike: AM Gaming vs ex-RUBY - Map 2 Winner,0xa52d29eeea17288a74e7130544ab81ed81122c60894dfb2b7893ae74c8f1a889,AM Gaming,40.00,40,,,0x378bc8bf0a2358a88b2faaea2f3cbd121ad4ecf7d6a6c111ea38114253ce2e0c
2026-06-04 18:29:01,Tyler: Murphy Cassone vs Yuta Shimizu,0x0edf57cc41c232d95a277a96bcc990e1a35519246c3db7772ce1e59c6e508967,Yuta Shimizu,93.80,131.57,,,0x34cd196da66bccf0e8713bd4a8a60d2c4616b14003d48fd61aed1e4a5c17850c
2026-06-04 18:29:01,Will Sweden vs. Greece end in a draw?,0x30e2d0da24ebb970cf6ce4245402b03745692cfd1721d57f7c9b957899634b9e,Yes,51.00,9.80392,,,0x2c3de4a7dd82eda2c29849c99bac1e0593379dcde8d3642349884d238a27fb7e
2026-06-04 18:29:01,Will United Russia (ER) gain the most seats in the next Russian parliamentary election?,0x502a94e5c525766d5ee7f16c6568131ba1b2cbadb69c703af05a6ef00336ed64,Yes,55.00,6,,,0x3018c1470a676aed94f8397e056f7cc43f3e2bd31c88e620ba945ef2360744c0
2026-06-04 18:29:01,"Bitcoin Up or Down - June 4, 2:25PM-2:30PM ET",0xf6e7e0c94cba17f17c011726a07b4fd334b9ff8592cbe6136bb54b3a38a20f76,Up,62.00,5.5,,,0x5e72a0175fe5c150cfe8184a622847e4aa8e97052d2ee2e959de8df372a3c014
2026-06-04 18:29:00,Counter-Strike: AM Gaming vs ex-RUBY - Map 2 Winner,0xa52d29eeea17288a74e7130544ab81ed81122c60894dfb2b7893ae74c8f1a889,AM Gaming,40.00,75,,,0x9486d5d7171dfe0cd7ed02697274d24b806a3a2020dc6479e3d0a23efa0b2878
2026-06-04 18:29:00,"Bitcoin Up or Down - June 4, 2:25PM-2:30PM ET",0xf6e7e0c94cba17f17c011726a07b4fd334b9ff8592cbe6136bb54b3a38a20f76,Up,63.00,5,,,0x61b36db0d239245202182dda6bcc5f19f88053beaf9534226bb74c276ebb6157
2026-06-04 18:29:00,T20 Blast: Somerset vs Glamorgan,0xf6129fe61ff15efd384be87043b61406c2be38f957e42eecd49f60d0dd38d207,Glamorgan,44.00,100,,,0xdd453b6a5e24913ae8e2c6e12a3f18e797498396a76debd5ff055982b1e84c0e
2026-06-04 18:29:00,Iran closes its airspace by June 8?,0xc88e812beb27442554b9231273f6cdda7c96022afc1a5b2a841f03c17dbceaaf,No,96.30,10,,,0x3d803a2bfaff0ecc9e90a5821b810c9a24dc07632f7468532ac6d3ff5d7aa1a5
2026-06-04 18:29:00,"XRP Up or Down - June 4, 2:25PM-2:30PM ET",0x1dda94c24b0e85e81306fd852ef834d4205674fb324b75d33ac401ca0010161c,Up,93.00,5,,,0x13c6d4aa2be8a2b9447f249806ac5e8389572f291c425bbc1bfddc699f5c51be
2026-06-04 18:29:00,"Will Bitcoin hit $150k by June 30, 2026?",0xa0f4c4924ea1a8b410b4ce821c2a9955fad21a1b19bdcfde90816732278b3dd5,Yes,0.40,250,,,0xc9e9885c0fb93d3de85a446a3cba2586f6d22c6ad633f3139b99f727b71ba018
2026-06-04 18:29:00,"Bitcoin Up or Down - June 4, 2:25PM-2:30PM ET",0xf6e7e0c94cba17f17c011726a07b4fd334b9ff8592cbe6136bb54b3a38a20f76,Up,62.00,4.82,,,0x9ecd723067d9b80b805b6082fe138cf71498ca7c174677e763f22ccd12079993
2026-06-04 18:29:00,"Bitcoin Up or Down - June 4, 2:25PM-2:30PM ET",0xf6e7e0c94cba17f17c011726a07b4fd334b9ff8592cbe6136bb54b3a38a20f76,Down,38.00,18,,,0xe28acdecee36609c4b3e6fd1656fec3c9d4fd2b2b1a181612f4de4089332a827
2026-06-04 18:29:00,Counter-Strike: AM Gaming vs ex-RUBY - Map 2 Winner,0xa52d29eeea17288a74e7130544ab81ed81122c60894dfb2b7893ae74c8f1a889,AM Gaming,40.00,45,,,0x05603a2e4acee167688e9da95111b3b96b90ff93290364701c3875032109412b
2026-06-04 18:29:00,Will Sweden win on 2026-06-04?,0xdb2128a475e15e341d4ea0a5e5b86daea6d4141be9c6771564b320221c41c54b,Yes,31.00,102.56,,,0x572ee6cfa27290c4a9ed420e5aebdbcc66060615ac5c83809471b28af7ec70c7
2026-06-04 18:29:00,Counter-Strike: M80 vs NRG - Map 2 Winner,0x57713f6aa15c35ce6185819f4b554fa3f3cac40a7617116f1098bef9afec829f,M80,38.00,52.631577,,,0x266a3285b228eca102c2a20d83838e26d3ee276a17fd43d8836bd9ecde19911e
2026-06-04 18:29:00,Perugia: Andrea Pellegrino vs Roberto Carballes Baena,0x280f8e4b00877ddf567c6f95604ccefd5d08c171bffe80d71b0c0eb839e3b177,Roberto Carballes Baena,41.00,5,,,0x51124ff2bc0e2d208fe36a2362e5adf615f554835a5ef7300dfb99a82fc28bd7
2026-06-04 18:29:00,Will the highest temperature in Houston be between 88-89°F on June 5?,0x464667a37ead66e44e409752b543dc83215ce089d6c3f6f9aa722ec549ae4e14,No,96.70,2.068242,,,0xc6b42d64449eaf43ef2170a14efd24be4d1446b8d1c692f2abebb1ec97a6eacf
2026-06-04 18:29:00,Will Iran win the 2026 FIFA World Cup?,0x84edef36bded182da6a395ac6c785dba8f3e09b6c5ad041385b2042536cbef25,No,99.90,23.993,,,0x7fbd4b25b7ce0ac0cf437ef1377cbabe509c0771e7732e1ed801637044aae2cf
2026-06-04 18:29:00,San Francisco Giants vs. Milwaukee Brewers,0xea40d14a5a09949432159e0c40b9f4ebaf86e2bfc5f542246516c75ef6da385d,Milwaukee Brewers,35.00,2.857141,,,0xc950c37c1af4fd46c289cd7364621247fdf26f03cfe84412598098d953a6b1e9
2026-06-04 18:29:00,"Bitcoin Up or Down - June 4, 2:25PM-2:30PM ET",0xf6e7e0c94cba17f17c011726a07b4fd334b9ff8592cbe6136bb54b3a38a20f76,Up,62.00,8.8,,,0x8c13a401e0e133a2da21f0756821f15703bb624c7e2cc6c58d0d63d952114359
2026-06-04 18:29:00,"Bitcoin Up or Down - June 4, 2:25PM-2:30PM ET",0xf6e7e0c94cba17f17c011726a07b4fd334b9ff8592cbe6136bb54b3a38a20f76,Up,62.00,5.241934,,,0x2de3604d1ed12df08af5e9bf71e7e5c1b04ef9f7910237b5e2387b054d2c7ab3
2026-06-04 18:29:00,"Bitcoin Up or Down - June 4, 2:25PM-2:30PM ET",0xf6e7e0c94cba17f17c011726a07b4fd334b9ff8592cbe6136bb54b3a38a20f76,Down,39.00,2.564101,,,0xd4f72941664ecf2a72a7e55b613a60f565736e0ed9936169659159081d85174f
2026-06-04 18:29:00,Will the highest temperature in Toronto be 29°C on June 4?,0xa9c914a31f284aff3fdf493fe669a1b6a9350fdf2b5a67fa7ecfd48f811cb756,Yes,39.00,53.13,,,0xe0e8ed2c0d3b53300cc00341f91a58f524a2889b41a8728217e404676ea08b56
2026-06-04 18:29:00,"Hyperliquid Up or Down - June 4, 2:15PM-2:30PM ET",0xbd859cc350e114a7a1a85b3c7e29a453dc9894cd27add2f7bfa8c1bc464e683b,Up,99.00,8.5858,,,0xb0af62236edf390dd471338fbab96faea060ccdc189e57534ba2fe26e506a4c0
2026-06-04 18:29:00,Will Switzerland score the most goals at the 2026 FIFA World Cup?,0x563fb88f97c51d7240df7e2cfd68a4f348800fb2ec62edb5c5bc1f31e4c58fdd,Yes,1.09,91.666666,,,0x94a7e5df002333eda7b432eabc727d80432326ced69a8d18f5b43032b8b2d28c
2026-06-04 18:29:00,LoL: ⁠Movistar KOI Fénix vs UCAM Esports Club - Game 4 Winner,0x258e411eef2cb422cfbc113866efa369b848738d23d28e9ed64a27709846b394,UCAM Esports Club,84.00,1.297618,,,0xfd7c88eb32b989c408d0a5ded3792851b7374653c2ecddd8498e70ddb81cdb3f
2026-06-04 18:29:00,"Ethereum Up or Down - June 4, 2:25PM-2:30PM ET",0x26442be9d9b6ec037e586102fb23739181eec19ce2f790083a7bad87b0abe5cc,Down,58.00,8.620688,,,0xc63d2fc32610b1134f392a0e0ae6f3ed9a3f58d33070f71fa7c92d0de11591d3
2026-06-04 18:29:00,Perugia: Andrea Pellegrino vs Roberto Carballes Baena,0x280f8e4b00877ddf567c6f95604ccefd5d08c171bffe80d71b0c0eb839e3b177,Roberto Carballes Baena,38.20,25,,,0x8ba269eb52c51c999e9dad33aac04344f34038aa6e5b0e1ba243f167a358a564
2026-06-04 18:29:00,"XRP Up or Down - June 4, 2:25PM-2:30PM ET",0x1dda94c24b0e85e81306fd852ef834d4205674fb324b75d33ac401ca0010161c,Up,92.80,32.3273,,,0xf6122ed300e54b12306fd7a1f0316d68af3380fe0ed89867e87b53e0dd2abbeb
2026-06-04 18:29:00,Will the highest temperature in San Francisco be between 64-65°F on June 4?,0x2590e4d7afdcd54b1a44ead2465f46ccd1c913918e36fe02271c41ee13a90635,Yes,0.10,0.02,,,0x72be14fc95eefdd3fc428d4f3cbbf8f3ac923e319931fca889266244e24b37d5
2026-06-04 18:29:00,Will Belgium win the 2026 FIFA World Cup?,0x32cfa52198e85e070d1b17d1b53c5c3a6aaae7736cdc33fa6aa04d353f0c2811,Yes,2.00,100,,,0x80919e254de60b8dbc3fd561c3130a707e763fd0a3c7821db91174cd936ba398
2026-06-04 18:29:00,"Bitcoin Up or Down - June 4, 2:25PM-2:30PM ET",0xf6e7e0c94cba17f17c011726a07b4fd334b9ff8592cbe6136bb54b3a38a20f76,Down,39.00,7.692306,,,0x5b4f6e6f09c82dc1453ac17ad0cc440d13dfca25105039e4627c1b1a204d287f
2026-06-04 18:29:00,San Francisco Giants vs. Milwaukee Brewers,0xea40d14a5a09949432159e0c40b9f4ebaf86e2bfc5f542246516c75ef6da385d,Milwaukee Brewers,35.00,57,,,0x558c712bc4b2eeb0400fd5860728423a38ceb01f9ff958f77840dbc5b20947c5
2026-06-04 18:29:00,"XRP Up or Down - June 4, 2:25PM-2:30PM ET",0x1dda94c24b0e85e81306fd852ef834d4205674fb324b75d33ac401ca0010161c,Up,93.00,5.376342,,,0x3480591d0dd5dee57b534c4b23a175bd34a11fb3c0119d7fa13bec926d58bcf3
2026-06-04 18:29:00,Baltimore Orioles vs. Boston Red Sox: O/U 11.5,0xeb89462533f56f90368cf388108a3fe6f0e264f516c874a515e11557693d00f9,Under,33.00,46,,,0xe74a9078abcce27467c6720fe56001f27362afe13a4680247471a57a7d256e83
2026-06-04 18:29:00,"Bitcoin Up or Down - June 4, 2:25PM-2:30PM ET",0xf6e7e0c94cba17f17c011726a07b4fd334b9ff8592cbe6136bb54b3a38a20f76,Up,62.00,3.629031,,,0xdad7e38943dd68713282dd1c217d570379eed03d3d596da31b9f9ca9fd45974d
2026-06-04 18:29:00,"Bitcoin Up or Down - June 4, 2:25PM-2:30PM ET",0xf6e7e0c94cba17f17c011726a07b4fd334b9ff8592cbe6136bb54b3a38a20f76,Up,62.00,5.903223,,,0x49de815bae69025845f9f50af6b0f17a6877a2b1a414c00098fdb376c499b673
2026-06-04 18:29:00,Perugia: Andrea Pellegrino vs Roberto Carballes Baena,0x280f8e4b00877ddf567c6f95604ccefd5d08c171bffe80d71b0c0eb839e3b177,Roberto Carballes Baena,37.00,5,,,0x5baa7d1fd3e37c9e540fe198f59cbd09316cd2201bd82f634da2439ddab2b6e3
2026-06-04 18:29:00,LoL: ⁠Movistar KOI Fénix vs UCAM Esports Club - Game 4 Winner,0x258e411eef2cb422cfbc113866efa369b848738d23d28e9ed64a27709846b394,UCAM Esports Club,84.00,1.297618,,,0x7b77154f409a4f0146b25e3f22868643f2e4696ab76990387470256d83f204de
2026-06-04 18:29:00,Baltimore Orioles vs. Boston Red Sox,0x4a4406119113d717306b22b738cc6906b90b17266b4ffb348be36064766f4aca,Baltimore Orioles,94.00,1.063816,,,0x9fd31cf1c9ba2ef236fae00bef25ecad03263387c320b23afb8da004e15f6da1
2026-06-04 18:28:58,Baltimore Orioles vs. Boston Red Sox,0x4a4406119113d717306b22b738cc6906b90b17266b4ffb348be36064766f4aca,Baltimore Orioles,94.00,21,,,0xb8fac300ad1aed54c6e3ff3f39e5bb4265c50bda09e84c9d0dfc50b6cd9742df
2026-06-04 18:28:58,"XRP Up or Down - June 4, 2:25PM-2:30PM ET",0x1dda94c24b0e85e81306fd852ef834d4205674fb324b75d33ac401ca0010161c,Up,92.56,32.410528,,,0x0321e8e9e7edae3a73e9c1efad448a7eb654536a4302d5d86130c1d1fdec2354
2026-06-04 18:28:58,"Bitcoin Up or Down - June 4, 2:25PM-2:30PM ET",0xf6e7e0c94cba17f17c011726a07b4fd334b9ff8592cbe6136bb54b3a38a20f76,Up,62.00,4.838707,,,0x2c5dd9877e6bf518f97e8aea2ef5bb30acf9f377b2ce776c2d5f29bbeb47530e
2026-06-04 18:28:58,"Bitcoin Up or Down - June 4, 2:25PM-2:30PM ET",0xf6e7e0c94cba17f17c011726a07b4fd334b9ff8592cbe6136bb54b3a38a20f76,Up,62.00,4.838707,,,0x8d697e0d87746d34206824bb95686189413f90813abc21917c70cb1c895fa988
2026-06-04 18:28:58,"Bitcoin Up or Down - June 4, 2:25PM-2:30PM ET",0xf6e7e0c94cba17f17c011726a07b4fd334b9ff8592cbe6136bb54b3a38a20f76,Up,62.00,20.887094,,,0x3942f79d3e48e4d18a28ba21968c906ed142adbac28b0e76efaf10702d173ca9
2026-06-04 18:28:58,"XRP Up or Down - June 4, 2:25PM-2:30PM ET",0x1dda94c24b0e85e81306fd852ef834d4205674fb324b75d33ac401ca0010161c,Up,91.00,5.4945,,,0x6fc1787c05b30abc51a7dbf48e76ea14ae4a7a648f91e753119b248bae781de5
2026-06-04 18:28:58,"Bitcoin Up or Down - June 4, 2:25PM-2:30PM ET",0xf6e7e0c94cba17f17c011726a07b4fd334b9ff8592cbe6136bb54b3a38a20f76,Up,62.00,5.967739,,,0x8b9308845cde3f39144b213e61e1bb0fe09878ebbe56d4ee48ebcb59b158d335
2026-06-04 18:28:58,"Bitcoin Up or Down - June 4, 2:25PM-2:30PM ET",0xf6e7e0c94cba17f17c011726a07b4fd334b9ff8592cbe6136bb54b3a38a20f76,Up,62.00,4.967739,,,0x5ee42833d67ff0734dcb0d5de6857936fc17e030df6a041c93f30fbb16679122
2026-06-04 18:28:58,Will Greece win on 2026-06-04?,0x7050a08e992792746d9198f03136ac5b9f1010547a6c77195841f9eace5c8719,No,83.00,24,,,0x780f53dcf7f606ff4a190e8dae633fa741f429dfd2a38fab65e7f8f71489a13e
2026-06-04 18:28:58,LoL: ⁠Movistar KOI Fénix vs UCAM Esports Club - Game 4 Winner,0x258e411eef2cb422cfbc113866efa369b848738d23d28e9ed64a27709846b394,⁠Movistar KOI Fénix,19.62,34.3,,,0xc2e112d736b9138c43ecc8cbf78d5acea415f9bb4a49785122035682be660276
2026-06-04 18:28:58,LoL: ⁠Movistar KOI Fénix vs UCAM Esports Club - Game 4 Winner,0x258e411eef2cb422cfbc113866efa369b848738d23d28e9ed64a27709846b394,UCAM Esports Club,84.00,1.428568,,,0x60a50fed866eff225fe296239337d95df77a38a8e26d1d9fb8d23e26126cf287
2026-06-04 18:28:58,Counter-Strike: AM Gaming vs ex-RUBY - Map 2 Winner,0xa52d29eeea17288a74e7130544ab81ed81122c60894dfb2b7893ae74c8f1a889,AM Gaming,40.00,5,,,0x55b98d7a680f72083c165dab50b545cbe970ccab58208824b7672e44dd0f21db
2026-06-04 18:28:58,LoL: ⁠Movistar KOI Fénix vs UCAM Esports Club (BO5) - LES Playoffs,0x19e5fe2c444f9a696482c66e66485c5b6c373e7a9a8bf6baa368c9ff3aa0dbba,UCAM Esports Club,86.00,25,,,0xa0e5dba8a6f94cf2eaca924974c1ec803710f3ee814d4509fc1d611352e841c5
2026-06-04 18:28:58,Counter-Strike: AM Gaming vs ex-RUBY - Map 2 Winner,0xa52d29eeea17288a74e7130544ab81ed81122c60894dfb2b7893ae74c8f1a889,ex-RUBY,61.00,111.475408,,,0xd5b8edf79812c20b9b9c7abd86b04d8c4e087bdcc1a617836e47a25b24b6545a
2026-06-04 18:28:58,Perugia: Andrea Pellegrino vs Roberto Carballes Baena,0x280f8e4b00877ddf567c6f95604ccefd5d08c171bffe80d71b0c0eb839e3b177,Andrea Pellegrino,68.00,1.470587,,,0x58eedf318595ed15ecef3826547e3a5a4da6734fd4af6b7281bdcbc77becc46c
2026-06-04 18:28:58,LoL: ⁠Movistar KOI Fénix vs UCAM Esports Club - Game 3 Winner,0x875b62aff826918b6ee454b45f806e0e1b489cda5136097c8bbc488445d68e5c,UCAM Esports Club,99.90,0.07,,,0x42b2e8e3629ca851580fcd68c9d2917754ce3a3d9ca0b11e64f41d0f0c11d861
2026-06-04 18:28:58,Will HUS Agadir win on 2026-06-04?,0x9eeaa6cd7b92b44602d473f8d5dd9cf0291d1e71aa6387734cb10d408cb7828d,No,67.00,7.462684,,,0x9942d04c7a5034683cb41484685f2cb66c9edb4f47bc6b8fca49c46b2e80fd2d
2026-06-04 18:28:58,Will Sweden vs. Greece end in a draw?,0x30e2d0da24ebb970cf6ce4245402b03745692cfd1721d57f7c9b957899634b9e,Yes,52.00,9,,,0x36c51f7de5a3d3e5576c9e6383e9122b81fe6e967cb0c8d0f9ab3e9418f7f931
2026-06-04 18:28:58,Spread: France (-2.5),0xcb597bdc91a9f9240a9028cb7f332ef517d8ca27837386b08696820ef9076a18,France,35.00,142.857141,,,0x4e7e42c83fc912e6e5cf3ffb8c90600924640f246c3fd107debe33642705527c
2026-06-04 18:28:58,Will the Fed decrease interest rates by 50+ bps after the June 2026 meeting?,0x4e4a7df876b0c04f0b8b29b9073eddfbaf5c787192da825ae7ca1031bc8cfd15,No,99.50,75.77,,,0x0177d76ae827b56af81e583edef588a679a11d81839fc56a9e92251d8c95a202
2026-06-04 18:28:58,"Bitcoin Up or Down - June 4, 2:25PM-2:30PM ET",0xf6e7e0c94cba17f17c011726a07b4fd334b9ff8592cbe6136bb54b3a38a20f76,Up,62.00,5.241934,,,0x2fdaab5824996c69d8665342b3e818032b0aa81f4fddeec531fb1f6175b47d02
2026-06-04 18:28:58,LoL: ⁠Movistar KOI Fénix vs UCAM Esports Club - Game 4 Winner,0x258e411eef2cb422cfbc113866efa369b848738d23d28e9ed64a27709846b394,UCAM Esports Club,78.90,639.04,,,0x63045bf757d55646c0f642741c7c27493bd93ef8b481409bcfa59ea0fe67ea45
2026-06-04 18:28:57,"Bitcoin Up or Down - June 4, 2:25PM-2:30PM ET",0xf6e7e0c94cba17f17c011726a07b4fd334b9ff8592cbe6136bb54b3a38a20f76,Up,62.00,1.612902,,,0x08f73e8327743937f1010f2bb10805ddc6f98a02e6b496af95b24397737f3a77
2026-06-04 18:28:57,LoL: ⁠Movistar KOI Fénix vs UCAM Esports Club - Game 4 Winner,0x258e411eef2cb422cfbc113866efa369b848738d23d28e9ed64a27709846b394,UCAM Esports Club,77.00,19.44,,,0x8bb97cd3815a3e7bbd8b4964ac9debb7695a385d42aefc4e93bd4e96c627c822
2026-06-04 18:28:57,"Bitcoin Up or Down - June 4, 2:25PM-2:30PM ET",0xf6e7e0c94cba17f17c011726a07b4fd334b9ff8592cbe6136bb54b3a38a20f76,Up,62.00,3.096773,,,0x7db200fd5bc9b4ac570b2c847763c7303c809980e07667bc4001d41dfc39382a
2026-06-04 18:28:57,"Solana Up or Down - June 4, 2:25PM-2:30PM ET",0xaa3b1523de28d0a85a75bb16666b6690cd278f91014c089e37d8c2a240d9e0f2,Up,44.00,10.022726,,,0x32125fbd271987ff72018d850ce476454e14726d4895f06077b6ded0da6040dd
2026-06-04 18:28:57,Will Karen Bass & Spencer Pratt advance to the second round of the 2026 Los Angeles mayoral election?,0x0e2e5c0146c730a2e4ef8031c9128b4efef451a9f4832f42b46997926f9e1303,No,65.00,10,,,0x3ffbc4900f5587ce82e318c8f335ba5acf976c6c12f1da4b43676319eb5b3066
2026-06-04 18:28:57,"Bitcoin Up or Down - June 4, 2:25PM-2:30PM ET",0xf6e7e0c94cba17f17c011726a07b4fd334b9ff8592cbe6136bb54b3a38a20f76,Up,62.00,4.838707,,,0x9d66d6c5ffb255ced1d33e50c1faadfedd0053acad3e75b6f91c51ca606bd06e
2026-06-04 18:28:57,Will the highest temperature in New York City be between 90-91°F on June 4?,0x573048f5b2c50547952f7894c611b9aa5be8e531353ef5f6ce25db375d8088c8,No,99.50,18,,,0xda5d102fbeef9cbcfd53d25b0d393f4bc1b79a826ee05c48661b7ec298405160
2026-06-04 18:28:57,Will the highest temperature in New York City be between 88-89°F on June 4?,0x4a3c382ba46f5e330f18e4c2ad316bac22e26262bb561c48fcaa7d53721826ea,No,95.00,5,,,0xfc427d12a5fe4fea0ce23e95aa9915eed2316cb23383a3aff5fb70e688e72538
2026-06-04 18:28:57,Will the highest temperature in New York City be between 90-91°F on June 4?,0x573048f5b2c50547952f7894c611b9aa5be8e531353ef5f6ce25db375d8088c8,No,99.50,5,,,0x6dfd500b70d1c1c89f8bc81eb7e05f70407765419d79604553312a8268ec4d53
2026-06-04 18:28:57,Will the highest temperature in New York City be between 88-89°F on June 4?,0x4a3c382ba46f5e330f18e4c2ad316bac22e26262bb561c48fcaa7d53721826ea,No,95.59,18,,,0x85a473726f03306c26c0e233f62ea88e1d78e5d327de5d8ac2e029437d0c13be
2026-06-04 18:28:57,"Bitcoin Up or Down - June 4, 2:25PM-2:30PM ET",0xf6e7e0c94cba17f17c011726a07b4fd334b9ff8592cbe6136bb54b3a38a20f76,Down,39.00,12.820511,,,0xf14f3c95b56d7ec40bb1501a0412b0f3633acf4555f6a65eaf736937177c5cf2
2026-06-04 18:28:57,Will Chad Bianco win the California Governor Election in 2026?,0x1a5b898bbfa1e697c19afeef356d9c1a6ecb95d2493c31524d3c75f16f782c3e,No,99.80,0.15,,,0xf41788818c127f78c521858d1a25b8ca8ddc7d01110dda54fb3603c9f9c65664
2026-06-04 18:28:57,Will the highest temperature in Los Angeles be between 68-69°F on June 4?,0x44c3448b39dce24e1031cb81a1c14ca09df099e538dc85984cff2ff62123ba5a,No,82.89,60.321467,,,0xe6577f5ef4c72ca726634166679257abe0833c54c1a721498e4bed45d8cad1e5
2026-06-04 18:28:57,Will the lowest temperature in New York City be between 68-69°F on June 4?,0x2f740bc69c5ad9c92d072d374a409293dffab432a815c109d8472e495cc2c304,Yes,0.20,1018.565,,,0xde4cfa63ed8ecd9513dab58bd3c8c759e0edf67ce19c7105613c1307e44eece3
2026-06-04 18:28:57,Perugia: Andrea Pellegrino vs Roberto Carballes Baena,0x280f8e4b00877ddf567c6f95604ccefd5d08c171bffe80d71b0c0eb839e3b177,Andrea Pellegrino,65.00,1.53846,,,0xbde65a76f7e928d2f3a33e1c77e685f9fad1c4cd6c4f8fda3b62c136cb29c40f
2026-06-04 18:28:57,"Bitcoin Up or Down - June 4, 2:25PM-2:30PM ET",0xf6e7e0c94cba17f17c011726a07b4fd334b9ff8592cbe6136bb54b3a38a20f76,Up,61.00,54.06,,,0xb6bbac0735a521890769573a8ae06e6884d44d4c66a01271d2f2945bcd21c92c
2026-06-04 18:28:57,T20 Blast: Somerset vs Glamorgan,0xf6129fe61ff15efd384be87043b61406c2be38f957e42eecd49f60d0dd38d207,Glamorgan,44.00,200,,,0x0b1d40605bedae5611f5f47f903a687c0ae9e603dc5878f9a486da1a43f2ba0c
2026-06-04 18:28:57,LoL: ⁠Movistar KOI Fénix vs UCAM Esports Club - Game 4 Winner,0x258e411eef2cb422cfbc113866efa369b848738d23d28e9ed64a27709846b394,UCAM Esports Club,77.00,5.584413,,,0x3fc79f2ed46fb18d47daa0e8f035c068c7646a3d6dbe8dae8ebaa121ca267a40
2026-06-04 18:28:57,Counter-Strike: AM Gaming vs ex-RUBY - Map 2 Winner,0xa52d29eeea17288a74e7130544ab81ed81122c60894dfb2b7893ae74c8f1a889,AM Gaming,40.00,53.5,,,0xd7880e8173c19121552362eef1a5ccbee620436da96c33f50899ee8866ae8831
2026-06-04 18:28:57,Will the highest temperature in New York City be between 86-87°F on June 4?,0xe2787237e88e6ded1a7ad389b4340ca4bc17e4d16413be5e17e8805f30ea1329,No,37.00,5,,,0x2a6e0f4589b732908d6bcdd84cc7236956de191044aa81444ae7def5fc34ff59
2026-06-04 18:28:57,Will the highest temperature in New York City be between 86-87°F on June 4?,0xe2787237e88e6ded1a7ad389b4340ca4bc17e4d16413be5e17e8805f30ea1329,No,36.08,18,,,0xb015cee4ff1d89be3de146651c0df9a9f7dd688683a7a201354e88e8e4dc8f93
2026-06-04 18:28:57,"Bitcoin Up or Down - June 4, 2:25PM-2:30PM ET",0xf6e7e0c94cba17f17c011726a07b4fd334b9ff8592cbe6136bb54b3a38a20f76,Up,61.00,2.22,,,0xc9a5ca63c2321eb3fe1b76d16f7fdad414ae41d72e734b1afe0b8a2f6333283e
2026-06-04 18:28:57,Will the highest temperature in New York City be between 84-85°F on June 4?,0x3e7a4918956e5d02a6bc31ebcdd528b6007bf4aa1e05fa349cd4317bcc4a7115,Yes,32.00,4.625,,,0x685d92004a5c9bcf390fcde820ae79518747ed97d3fc9cc15739241c2fae33fc
2026-06-04 18:28:57,Will the highest temperature in New York City be between 92-93°F on June 4?,0x270e822230e3ef4f95051e9f0ff06657054d91b0ef2fc29dbd7fc80c8e3e106c,No,99.80,18,,,0xce8ee6a90ea1c21f214f4312a470f821e75e83ab2fb717adc9334577ee313755
2026-06-04 18:28:57,Will the highest temperature in New York City be between 92-93°F on June 4?,0x270e822230e3ef4f95051e9f0ff06657054d91b0ef2fc29dbd7fc80c8e3e106c,No,99.80,5,,,0x3c573794ab64804750c2ba5cb42f6b86967353f923d511b0b74a983aacfd0674
2026-06-04 18:28:57,Will the highest temperature in New York City be between 84-85°F on June 4?,0x3e7a4918956e5d02a6bc31ebcdd528b6007bf4aa1e05fa349cd4317bcc4a7115,Yes,33.62,27.992351,,,0x6eba4eb9f4470d302a51dbd80f88ae0c00da187a7bc0740b68841fc82e0c17a8
2026-06-04 18:28:57,"Bitcoin Up or Down - June 4, 2:25PM-2:30PM ET",0xf6e7e0c94cba17f17c011726a07b4fd334b9ff8592cbe6136bb54b3a38a20f76,Down,38.00,7.25,,,0x1f5f9e1477c523a5ecef5fe6d55614938488f73c3bc3d37011e5c118dc712a3b
2026-06-04 18:28:57,Will the highest temperature in New York City be between 84-85°F on June 4?,0x3e7a4918956e5d02a6bc31ebcdd528b6007bf4aa1e05fa349cd4317bcc4a7115,Yes,30.98,311.7,,,0xabdf34e9d74560706101e5ecf11913ad4429814ce86cbbdc618b8b23d614da7b
2026-06-04 18:28:57,Will the highest temperature in London be 17°C on June 5?,0x3d7f03e93100a40d6aa26b0abadee18434ff4c55987988bc69dd8f7de285ab49,Yes,17.00,20.117646,,,0xe93b566acdd71b3f28668165e4d0078eb033045cdc9dc4200729d914beb828c2
2026-06-04 18:28:57,"Bitcoin Up or Down - June 4, 2:25PM-2:30PM ET",0xf6e7e0c94cba17f17c011726a07b4fd334b9ff8592cbe6136bb54b3a38a20f76,Down,39.00,2.564101,,,0xcd2816620d27e6005a6b3bd71919eceef3d68bc42617fac4a164cd82f3ba9594
2026-06-04 18:28:57,"Bitcoin Up or Down - June 4, 2:25PM-2:30PM ET",0xf6e7e0c94cba17f17c011726a07b4fd334b9ff8592cbe6136bb54b3a38a20f76,Up,61.00,5,,,0x77bd4c423556851106dc61467e320c5fd1087c9d804ee975f49397b86a2ec3ba
2026-06-04 18:28:57,Will France win the 2026 FIFA World Cup?,0x9b6fef249040fd17e9c107955b37ac2c3e923509b6b0ff01cc463a331ddeb894,Yes,16.60,320,,,0xfcfc66b265a63033f754fff9f095b23ec7be22b2fe928cc66b2bd929aeaa2757
2026-06-04 18:28:57,"Bitcoin Up or Down - June 4, 2:25PM-2:30PM ET",0xf6e7e0c94cba17f17c011726a07b4fd334b9ff8592cbe6136bb54b3a38a20f76,Down,39.00,2.564101,,,0x838355ec7f774f5b38bd0f01d076b9998401aa2a3ad2739c599d09a0913fe2ed
2026-06-04 18:28:57,Dota 2: LGD Gaming vs Team Yandex (BO3) - BLAST Slam Playoffs,0x7032482ab3b53548109cdadcf50c09a1c5ce387dd1e1743d7778963530c7f8f3,LGD Gaming,17.00,150,,,0xa86736170f3d909c8a24baef0e4b5db56958d072cf017194ab5ecb012b25154e
2026-06-04 18:28:57,"Solana Up or Down - June 4, 2:25PM-2:30PM ET",0xaa3b1523de28d0a85a75bb16666b6690cd278f91014c089e37d8c2a240d9e0f2,Up,44.00,2.272726,,,0x5b4505666fae021d0e950b52bc65f7967723e275f4a7b82c46139ff439f87ccb
2026-06-04 18:28:57,"Bitcoin Up or Down - June 4, 2:30PM-2:35PM ET",0x51dcfba27586c391de127ab5a8e9baa4680d301a39f09db459e9b05f49102973,Down,50.00,8.03,,,0x3756986357f494c3699d547492c182a133ae87b0534493aec449861ca981b5d0
2026-06-04 18:28:57,"Bitcoin Up or Down - June 4, 2:25PM-2:30PM ET",0xf6e7e0c94cba17f17c011726a07b4fd334b9ff8592cbe6136bb54b3a38a20f76,Down,38.00,16.66,,,0x297cfc399865b3bd342028f65008030cb734eedd394d6b4de29625b6252165bc
2026-06-04 18:28:57,Counter-Strike: AM Gaming vs ex-RUBY - Map 2 Winner,0xa52d29eeea17288a74e7130544ab81ed81122c60894dfb2b7893ae74c8f1a889,AM Gaming,40.00,5,,,0x19e612e8ae627591ac7f2471e01f50de06bdf59460c0d976577eafd275ec583e
2026-06-04 18:28:57,LoL: ⁠Movistar KOI Fénix vs UCAM Esports Club - Game 4 Winner,0x258e411eef2cb422cfbc113866efa369b848738d23d28e9ed64a27709846b394,⁠Movistar KOI Fénix,24.82,36.2664,,,0xc6892ca4ca4143958db3b012617b84d73892a94feb48c09f7c28b99d0bf3a44c
2026-06-04 18:28:57,Will Crude Oil (CL) hit (HIGH) $105 by end of June?,0x86c4455035d81c512138b8e38ade7defdb46708d3ee43098cdc8429a7d3b9bd9,Yes,34.00,35,,,0xad5ab100556c0c1879ce9c5b41126f218630897bd68898d43c07ea92bb35fdf4
2026-06-04 18:28:57,Counter-Strike: Liquid vs Heroic - Map 2 Winner,0xff5ee1b61898d96c561eafefb9da580a67f07848a33ab3257a53c32ae4634223,Liquid,85.00,8,,,0xb25a7d4d6cd7c77e8af29c9368a0c77bb0b0c783bdf5ef9c42340113a0c7ccea
2026-06-04 18:28:57,Foggia: Mayar Sherif vs Giorgia Pedone,0x73228e7ba976545fdc2f33c8aeae46ccc8fc7b7c24f8e20ad91b38da5503ac50,Giorgia Pedone,99.90,49.99,,,0xb36bbbeda622271c83564264feadd0bf8cec741514497355dba00af9575500f4
2026-06-04 18:28:57,Perugia: Andrea Pellegrino vs Roberto Carballes Baena,0x280f8e4b00877ddf567c6f95604ccefd5d08c171bffe80d71b0c0eb839e3b177,Andrea Pellegrino,67.00,1.492536,,,0xaa267901a1dc6c2af607ad2d9cf54871e5f8954efe659e9e56fa197cf5dda028
2026-06-04 18:28:57,Birmingham: Harry Wendelken vs Mark Lajal,0xbcee9b79dfe04ecc0d54de43b3930b678d85e5b443b6fe69296dbf7ede7bd245,Mark Lajal,96.00,10,,,0x9670e947b29e6c865146e2aa3413c37870f216fcd23847627f81c7664bd59092
2026-06-04 18:28:57,Counter-Strike: M80 vs NRG - Map 2 Winner,0x57713f6aa15c35ce6185819f4b554fa3f3cac40a7617116f1098bef9afec829f,M80,38.00,1305,,,0x837e6fc0ef5ed81809c0e3e5d38f9f79194fb9d8ded003b2efaeb2d5acce065a
2026-06-04 18:28:55,"Bitcoin Up or Down - June 4, 2:25PM-2:30PM ET",0xf6e7e0c94cba17f17c011726a07b4fd334b9ff8592cbe6136bb54b3a38a20f76,Down,39.00,38.461537,,,0x208be8aab64b73a16f2ed25f3f08bcef2c061c61d9815d30bedbf0738e87042b
2026-06-04 18:28:55,Will the highest temperature in Munich be 21°C on June 5?,0xc53976b9db0a4fe901740efa2e343d76b0d186513ac602f3f06d8e2b1452dce5,Yes,3.61,42.9,,,0x5504cce59dec841bc4640628855d10eef03f3982581c9212d3daa07959df1c6f
2026-06-04 18:28:55,"Bitcoin Up or Down - June 4, 2:25PM-2:30PM ET",0xf6e7e0c94cba17f17c011726a07b4fd334b9ff8592cbe6136bb54b3a38a20f76,Up,62.00,1.612902,,,0xce349562991dcf1a99f453dca21601a1d80dee9bb3a7caf3cc38c62dc8e7d180
2026-06-04 18:28:55,"Bitcoin Up or Down - June 4, 2:25PM-2:30PM ET",0xf6e7e0c94cba17f17c011726a07b4fd334b9ff8592cbe6136bb54b3a38a20f76,Up,61.00,19.622948,,,0xb3f5d0ee0702d50a6908de472ade9d04cc97bea2cbd9891b9bb3f12e67294546
2026-06-04 18:28:55,Will the highest temperature in Dallas be between 86-87°F on June 4?,0xaacea0f1fe5e07dabc011e765667733dea938f0c476639eaa416cf916027611b,Yes,28.00,6,,,0xca496e116f98321358fd36b7569956f85560d39ba64f92acc2c87df1a9a653fa
2026-06-04 18:28:55,"Bitcoin Up or Down - June 4, 2:25PM-2:30PM ET",0xf6e7e0c94cba17f17c011726a07b4fd334b9ff8592cbe6136bb54b3a38a20f76,Down,40.00,3,,,0x3b348704ea732c6367d813c796248df256d410bf5b3792145aeb5c4c629a4b87
2026-06-04 18:28:55,"Bitcoin Up or Down - June 4, 2:25PM-2:30PM ET",0xf6e7e0c94cba17f17c011726a07b4fd334b9ff8592cbe6136bb54b3a38a20f76,Up,61.00,1.639343,,,0x7effa0d5179e3c7e0c767ceff11c02c3b62dbd8d70a91715f8f1f90821576d2c
2026-06-04 18:28:55,"Bitcoin Up or Down - June 4, 2:25PM-2:30PM ET",0xf6e7e0c94cba17f17c011726a07b4fd334b9ff8592cbe6136bb54b3a38a20f76,Up,61.00,1.639343,,,0x46255c8b6f5583b075d2d6b5907ada6fc92cff9c968a15a9a7b0d1b68a7c8d9a
2026-06-04 18:28:55,"Bitcoin Up or Down - June 4, 2:30PM-2:45PM ET",0x061b207481cf9dc7bad7c8bd43dc5ab08279152de197ef0c762d58cebb490386,Up,50.00,5.45,,,0x59e5dd244156c433168d095f88dd0eace108a3c94f3a67177f62a0d1f480afca
2026-06-04 18:28:55,"Bitcoin Up or Down - June 4, 2:25PM-2:30PM ET",0xf6e7e0c94cba17f17c011726a07b4fd334b9ff8592cbe6136bb54b3a38a20f76,Up,61.00,5,,,0x3e776865c3a1e6d07bd0eb83fe89806034c62e350ef4a7206603e18eaadc86e9
2026-06-04 18:28:55,"Bitcoin Up or Down - June 4, 2:25PM-2:30PM ET",0xf6e7e0c94cba17f17c011726a07b4fd334b9ff8592cbe6136bb54b3a38a20f76,Up,61.00,20.032784,,,0xb91e588afd8950754e47ed5dc9e475ec7de525dd84d55d9610bc28a1389da406
2026-06-04 18:28:55,"Bitcoin Up or Down - June 4, 2:25PM-2:30PM ET",0xf6e7e0c94cba17f17c011726a07b4fd334b9ff8592cbe6136bb54b3a38a20f76,Up,61.00,5.27,,,0x6756831149f294f75deb1498d7b87b149b251a47f834c718914919c86248cb39
2026-06-04 18:28:55,"Bitcoin Up or Down - June 4, 2:25PM-2:30PM ET",0xf6e7e0c94cba17f17c011726a07b4fd334b9ff8592cbe6136bb54b3a38a20f76,Up,61.00,32,,,0x707980ed7d92aab9efc3f8cd4eb6ecb5aa5eb81c4f09ce5793709698af358e58
2026-06-04 18:28:55,"Solana Up or Down - June 4, 2:25PM-2:30PM ET",0xaa3b1523de28d0a85a75bb16666b6690cd278f91014c089e37d8c2a240d9e0f2,Up,43.00,2.32558,,,0x62b34e6651b544c4860ee22255ad4db47e824b9ea433b3c623c2725bdf1eeac8
2026-06-04 18:28:55,"Bitcoin Up or Down - June 4, 2:25PM-2:30PM ET",0xf6e7e0c94cba17f17c011726a07b4fd334b9ff8592cbe6136bb54b3a38a20f76,Down,40.00,10.25,,,0xd3c7e35414e7b92746511aea30d7c360da5e9786078ab98b06c4c14f24e2280b
2026-06-04 18:28:55,"Bitcoin Up or Down - June 4, 2:25PM-2:30PM ET",0xf6e7e0c94cba17f17c011726a07b4fd334b9ff8592cbe6136bb54b3a38a20f76,Up,61.00,40.983605,,,0x1ca0a93cc16a71e70dcba80794ed3789b60683c1a9012aec1b7d87f8d0d3e34f
2026-06-04 18:28:55,"Bitcoin Up or Down - June 4, 2:25PM-2:30PM ET",0xf6e7e0c94cba17f17c011726a07b4fd334b9ff8592cbe6136bb54b3a38a20f76,Up,61.00,1.639343,,,0xe5f875673d96b70162f7bcd0ba99dae7f040ca32fac98deaeae887b43ceeb0af
2026-06-04 18:28:55,"Bitcoin Up or Down - June 4, 2:25PM-2:30PM ET",0xf6e7e0c94cba17f17c011726a07b4fd334b9ff8592cbe6136bb54b3a38a20f76,Up,61.00,5.327866,,,0x151cd3993e9aa48876a9a4686148744c0a4a2d9c49fbfeac3639b58081951338
2026-06-04 18:28:55,Counter-Strike: Liquid vs Heroic - Map 2 Winner,0xff5ee1b61898d96c561eafefb9da580a67f07848a33ab3257a53c32ae4634223,Liquid,85.00,8,,,0x06f75f9e0734638fe3284b5c03f3a2c624d1307923a5b7ecc31d53cb11096875
2026-06-04 18:28:55,Sweden vs. Greece: O/U 2.5,0xe3f685835d7fc6afbbc5de38ef7400dee5c8d06d43d7fcf1f90044e0025298d9,Over,57.00,1.754383,,,0x47dd337882df56b7a49b6a5615df68ced9579a29bb988d8af7b61db72254ba44
2026-06-04 18:28:55,"Bitcoin Up or Down - June 4, 2:25PM-2:30PM ET",0xf6e7e0c94cba17f17c011726a07b4fd334b9ff8592cbe6136bb54b3a38a20f76,Up,61.00,5.163933,,,0x21227a6e2d3a0333a0fcc012f69a487deb6311590d1dd229c3f31508052116ce
2026-06-04 18:28:55,"Bitcoin Up or Down - June 4, 2:25PM-2:30PM ET",0xf6e7e0c94cba17f17c011726a07b4fd334b9ff8592cbe6136bb54b3a38a20f76,Up,61.00,1.639343,,,0xfcf1e58104e86c0c49a95c1abb9881fa461a2088e146bede67139ce77e3632fa
2026-06-04 18:28:55,"Bitcoin Up or Down - June 4, 2:25PM-2:30PM ET",0xf6e7e0c94cba17f17c011726a07b4fd334b9ff8592cbe6136bb54b3a38a20f76,Up,61.00,16.39,,,0xbc01df065e8ca6c84dc69fcbbe1c39ed0153212159eda64950191f6bc8a7ec8c
2026-06-04 18:28:55,"Bitcoin Up or Down - June 4, 2:25PM-2:30PM ET",0xf6e7e0c94cba17f17c011726a07b4fd334b9ff8592cbe6136bb54b3a38a20f76,Up,61.00,25,,,0x90c320f9ef7bec5142d781a481460fae2146f86dfcde36cdfead95a5e3c47233
2026-06-04 18:28:55,"Bitcoin Up or Down - June 4, 2:25PM-2:30PM ET",0xf6e7e0c94cba17f17c011726a07b4fd334b9ff8592cbe6136bb54b3a38a20f76,Up,61.00,32,,,0x51909e61f37aca37c689c20df05b26273f59845790a4da8aeaf3b957d1e61dc7
2026-06-04 18:28:55,"Bitcoin Up or Down - June 4, 2:25PM-2:30PM ET",0xf6e7e0c94cba17f17c011726a07b4fd334b9ff8592cbe6136bb54b3a38a20f76,Up,61.00,8.19,,,0x68b65efe72e315694acbd977e16c9692735986f0641cf709354dbe69016a9dd5
2026-06-04 18:28:55,"Bitcoin Up or Down - June 4, 2:25PM-2:30PM ET",0xf6e7e0c94cba17f17c011726a07b4fd334b9ff8592cbe6136bb54b3a38a20f76,Up,61.00,6,,,0xaede9072c420099913073b96b1c288d56f11c640d31b735c95ded2b51204032d
2026-06-04 18:28:55,"Bitcoin Up or Down - June 4, 2:25PM-2:30PM ET",0xf6e7e0c94cba17f17c011726a07b4fd334b9ff8592cbe6136bb54b3a38a20f76,Up,61.00,7.93,,,0x8f58c8978b2833ba86c5f4b8065ffc23c48c1b3a91466c519cf2f9f432af243c
2026-06-04 18:28:55,"Ethereum Up or Down - June 4, 2:25PM-2:30PM ET",0x26442be9d9b6ec037e586102fb23739181eec19ce2f790083a7bad87b0abe5cc,Up,43.00,1.78,,,0x07834f3b1b465e713f1053b45fa717323e0bc9e664080e44e695e7c533af2e52
2026-06-04 18:28:55,"Bitcoin Up or Down - June 4, 2:25PM-2:30PM ET",0xf6e7e0c94cba17f17c011726a07b4fd334b9ff8592cbe6136bb54b3a38a20f76,Up,61.00,8.19,,,0x4dac60d1d97b4b76adfb70c7bd7b83321d1d34b30db2325c827e459e7a3100d9
2026-06-04 18:28:55,"Solana Up or Down - June 4, 2:15PM-2:30PM ET",0xb65b86b3ed7be121c992ed3654bcd15043cfce4772c3a5ec3bef5af1f11b7de7,Down,1.00,100,,,0x0e1071516d90d93313007c534a0b69d5478b8987b185f4b0844163bfba63cd7c
2026-06-04 18:28:55,Will the highest temperature in New York City be between 84-85°F on June 4?,0x3e7a4918956e5d02a6bc31ebcdd528b6007bf4aa1e05fa349cd4317bcc4a7115,Yes,30.00,17,,,0xcb7f5711df65b4684ee166c9b95297f2ee0d6b6423edacb89e832632ee5675bd
2026-06-04 18:28:55,"Solana Up or Down - June 4, 2:25PM-2:30PM ET",0xaa3b1523de28d0a85a75bb16666b6690cd278f91014c089e37d8c2a240d9e0f2,Down,57.00,20.69,,,0x0ffd4986da9256adf71f473569602d1431fe9ce58340c3386cf8803af594b3b6
2026-06-04 18:28:55,S&P 500 (SPY) closes above $760 on June 4?,0xf782a80887f80072865bf89b1b39537e6097ef1f91d8b9839a03611d3b72dc6b,Yes,4.92,128,,,0x5f5018658d549f9d85fdb0d6c0e7ebd005a4dff24ea649febc20ff651c88de96
2026-06-04 18:28:55,Counter-Strike: Liquid vs Heroic - Map 2 Winner,0xff5ee1b61898d96c561eafefb9da580a67f07848a33ab3257a53c32ae4634223,Liquid,85.00,40,,,0xd408fc3bbce1c8774c54b473ab8110ce1228feca655ca1aec80df78a49308c14
2026-06-04 18:28:55,Map 2: Odd/Even Total Kills?,0xb51980dd78d598e438910c3843614089b1cc00416d988e7f8122ab33b66cf1b3,Even,99.90,118,,,0x374893325e3943b2d9d4f12ec08d91e1b47049f20151277a5364a0b87447bc8d
2026-06-04 18:28:54,Will Liechtenstein win on 2026-06-04?,0x0b161a0d30523fc1f4181fdd35834ffc1987188e682237ff3c9059c3acca6cfe,Yes,8.00,62.625,,,0xfca1b3ada6ce54996cfd582c4b25358012c11ee14a54c0a46e61e0cc9bbc4fdc
2026-06-04 18:28:54,Will Karen Bass & Spencer Pratt advance to the second round of the 2026 Los Angeles mayoral election?,0x0e2e5c0146c730a2e4ef8031c9128b4efef451a9f4832f42b46997926f9e1303,No,65.00,15.62,,,0xdc5efd91d0c518d7959de301da7bac4bc456811f78c0766eaa52f52e99f44c04
2026-06-04 18:28:54,Tyler: Braden Shick vs Masamichi Imamura,0xb17c9ec7f7fc3ba7393e3687295edca50c5f8b25173f3a1d48eb10b8f254729c,Masamichi Imamura,40.00,5,,,0x4d5f5a779847267e46782237d05b9bbfdd1d95ffb8a55a606597729123c64156
2026-06-04 18:28:54,Tyler: Braden Shick vs Masamichi Imamura,0xb17c9ec7f7fc3ba7393e3687295edca50c5f8b25173f3a1d48eb10b8f254729c,Masamichi Imamura,39.00,5,,,0x40ad1b5e1c4aac19ff6d338f3cdba3974bf49d8d72db7a8fdf3b6659f1d67d15
2026-06-04 18:28:54,Counter-Strike: Walczaki vs KOLESIE (BO3) - NODWIN Clutch Series Group Stage,0x775e8c3fe22152b714404b1d5e3d0315036e9da949bab051e0fe90f7f2042293,Walczaki,83.00,5.01,,,0xb6846a416dbc06fd84a4e12214b29a1b218edf8f944d7d5fe85ba5342d11d3ef
2026-06-04 18:28:54,Strait of Hormuz traffic returns to normal by July 31?,0xb8e6d129a06d0ccb21d7b32eb529ea455eddba3cf29bfa097112202cbdf5bf21,No,67.00,200,,,0x9ee901ac15169fb9b1932e43ac41918df8a8133ceec7db2ce92d8a828c9d766a
2026-06-04 18:28:54,Ukraine signs peace deal with Russia before 2027?,0x4167e22670f31e5f93d132f78108f3fae809bd15cadf78983eff096845ed1415,Yes,31.00,106.451611,,,0xeb78b8c27d040d4f7fd8443e10878d3f3965e27a9a9a7cb6a0d41e00ad436800
2026-06-04 18:28:54,"Bitcoin Up or Down - June 4, 2:25PM-2:30PM ET",0xf6e7e0c94cba17f17c011726a07b4fd334b9ff8592cbe6136bb54b3a38a20f76,Up,61.00,5,,,0xdb24e435ff01b1ad4ff55e58707fd78e5f19491baaba36176649b2877640214e
2026-06-04 18:28:54,"Bitcoin Up or Down - June 4, 2:25PM-2:30PM ET",0xf6e7e0c94cba17f17c011726a07b4fd334b9ff8592cbe6136bb54b3a38a20f76,Up,61.00,20,,,0xc56d48e1172010d8513f4625aaba594c754a5e473ba92598b9e37c254a3e919f
2026-06-04 18:28:54,"Bitcoin Up or Down - June 4, 2:25PM-2:30PM ET",0xf6e7e0c94cba17f17c011726a07b4fd334b9ff8592cbe6136bb54b3a38a20f76,Down,39.00,4.63,,,0x1532674cadc672d974d341aaa60365fb1b340c02f7978e6af0ed0dc18a039b82
2026-06-04 18:28:54,"Bitcoin Up or Down - June 4, 2:25PM-2:30PM ET",0xf6e7e0c94cba17f17c011726a07b4fd334b9ff8592cbe6136bb54b3a38a20f76,Up,61.00,23.295079,,,0x61e5b89129a192d7da5429fca4803888e2fc24efea755bb5f826f886c490b9eb
2026-06-04 18:28:54,Will Netherlands win the 2026 FIFA World Cup?,0x9be56371f6a29d12769b2f196847ee825b9585ebb8bfa042136be031b081eba1,Yes,3.90,0.13,,,0x593558e38f45ae30b9b2fa00d569ab68b0f37354bb6626787d1c82a3148f293d
2026-06-04 18:28:54,Will the Fed decrease interest rates by 50+ bps after the June 2026 meeting?,0x4e4a7df876b0c04f0b8b29b9073eddfbaf5c787192da825ae7ca1031bc8cfd15,No,99.60,75.763,,,0xd557aef2bd98c844b1a37fd6bbc36e6436b986374239ea3cf5cdc622d8432435
2026-06-04 18:28:54,"Bitcoin Up or Down - June 4, 2:25PM-2:30PM ET",0xf6e7e0c94cba17f17c011726a07b4fd334b9ff8592cbe6136bb54b3a38a20f76,Down,40.00,22.72,,,0xc83bb9d7b24614d947923e82e0c31b2619fa302ada7bbd664292805691a34bf0
2026-06-04 18:28:54,"Bitcoin Up or Down - June 4, 2:25PM-2:30PM ET",0xf6e7e0c94cba17f17c011726a07b4fd334b9ff8592cbe6136bb54b3a38a20f76,Down,40.00,3,,,0xee17f386348b41569cb66263f1c0d1bd4ad77154560cd13c614f877b2b4affd1
2026-06-04 18:28:54,"Bitcoin Up or Down - June 4, 2:25PM-2:30PM ET",0xf6e7e0c94cba17f17c011726a07b4fd334b9ff8592cbe6136bb54b3a38a20f76,Up,61.00,3.278687,,,0xc0b17c338a80cece77cf23b37530a36cd4494eb720cfbc0b35562791a9f4443e
2026-06-04 18:28:54,"Bitcoin Up or Down - June 4, 2:25PM-2:30PM ET",0xf6e7e0c94cba17f17c011726a07b4fd334b9ff8592cbe6136bb54b3a38a20f76,Up,61.00,1.852458,,,0xe0743d75f7b3ef3ca0fe3971c3a3706612d65b237decbdeebb2daeaa960b1bc9
2026-06-04 18:28:54,Counter-Strike: M80 vs NRG - Map 2 Winner,0x57713f6aa15c35ce6185819f4b554fa3f3cac40a7617116f1098bef9afec829f,M80,38.00,955.263156,,,0xd30ada9d2f2cb50cf748bbf6469315faf6bb79ef4256c5005a92f578229d6ccb
2026-06-04 18:28:54,"Bitcoin Up or Down - June 4, 2:25PM-2:30PM ET",0xf6e7e0c94cba17f17c011726a07b4fd334b9ff8592cbe6136bb54b3a38a20f76,Down,41.00,11.36,,,0x9f6e9f13d4f5f3d10fb83c6c9d199f76d0f4dde9136e7d015a9bbb39bf0c6e45
2026-06-04 18:28:54,"Ethereum Up or Down - June 4, 2:25PM-2:30PM ET",0x26442be9d9b6ec037e586102fb23739181eec19ce2f790083a7bad87b0abe5cc,Down,57.00,11.25,,,0x5178e90953c900f238e8f31ceaebd20b26014e99505d32f19f85b283f4941367
2026-06-04 18:28:54,"Bitcoin Up or Down - June 4, 2:25PM-2:30PM ET",0xf6e7e0c94cba17f17c011726a07b4fd334b9ff8592cbe6136bb54b3a38a20f76,Up,57.00,47.017541,,,0x6caa3cff09ce6664fb0883a6330dfd4c24c43666808b54b1ca55f1a9ebf316e6
2026-06-04 18:28:54,"Bitcoin Up or Down - June 4, 2:25PM-2:30PM ET",0xf6e7e0c94cba17f17c011726a07b4fd334b9ff8592cbe6136bb54b3a38a20f76,Down,40.00,3,,,0xb78ebd37fb7d28090098dbde82de450cbc50b1a275504f26c5c668017bf4b84b
2026-06-04 18:28:54,"Bitcoin Up or Down - June 4, 2:25PM-2:30PM ET",0xf6e7e0c94cba17f17c011726a07b4fd334b9ff8592cbe6136bb54b3a38a20f76,Up,61.00,19.770489,,,0x2271b043a84a194a6833e8670d6d5425c5dabec7b4babce16403f27fd04b3296
2026-06-04 18:28:54,Baltimore Orioles vs. Boston Red Sox,0x4a4406119113d717306b22b738cc6906b90b17266b4ffb348be36064766f4aca,Baltimore Orioles,93.00,26,,,0xded336b47d9ac94cd80126b56907ecd0f809438b1dda73682ba0ad2288a4555a
2026-06-04 18:28:54,"Bitcoin Up or Down - June 4, 2:25PM-2:30PM ET",0xf6e7e0c94cba17f17c011726a07b4fd334b9ff8592cbe6136bb54b3a38a20f76,Up,61.00,20,,,0x814c9336a1493f68ffe69a67c22ea3cd228eb52d5ea2b5b4fc0f04f4052d16e7
2026-06-04 18:28:54,San Diego Padres vs. Philadelphia Phillies: O/U 5.5,0x11f037d376ba41a607aa9db40aa54d656c523ae928fe9577eea5ca7f54b8cd97,Over,55.00,21.87,,,0xf2beab8a9613236c71e98cfa4ceb9cf74a4b47055b11992275b0803218d0aec2
2026-06-04 18:28:54,"Bitcoin Up or Down - June 4, 2:25PM-2:30PM ET",0xf6e7e0c94cba17f17c011726a07b4fd334b9ff8592cbe6136bb54b3a38a20f76,Up,60.75,40,,,0x2ebde8f0563a74f910e2d08327ed2c7c8186d7ddea7075f36eaa79914bb8338b
2026-06-04 18:28:54,"Bitcoin Up or Down - June 4, 2:25PM-2:30PM ET",0xf6e7e0c94cba17f17c011726a07b4fd334b9ff8592cbe6136bb54b3a38a20f76,Up,61.00,5,,,0x5e0221a5bb8033a6fc2d9f41f8dedbb2b6e9fc17aa53e076ceb4130ebb18c305
2026-06-04 18:28:54,"Bitcoin Up or Down - June 4, 2:25PM-2:30PM ET",0xf6e7e0c94cba17f17c011726a07b4fd334b9ff8592cbe6136bb54b3a38a20f76,Up,56.00,13.88,,,0x36e6d8d653481358418a75136a16e76ddd2ac138495a60d4b5fe50c7d3a63a66
2026-06-04 18:28:54,"Bitcoin Up or Down - June 4, 2:25PM-2:30PM ET",0xf6e7e0c94cba17f17c011726a07b4fd334b9ff8592cbe6136bb54b3a38a20f76,Up,61.00,9,,,0x29121055c1077546845e85fc29a97c3302de4a692bd804f438b038e801062a1e
2026-06-04 18:28:54,Will Trump praise Allah by June 30?,0xe0c298bfd778db77c991578b4e7921f7d93098d10575c112af8d905f4893d0e0,No,89.00,200,,,0x046f1dbe7eaec345b5004714ea4564dc7c7509963e0afd25e8c121d2d5a531bb
2026-06-04 18:28:54,"Bitcoin Up or Down - June 4, 2:25PM-2:30PM ET",0xf6e7e0c94cba17f17c011726a07b4fd334b9ff8592cbe6136bb54b3a38a20f76,Up,61.00,21,,,0xc84a38ccf02b77368832cf35e79be75916866bc9e19171ccd4ab708189d1adbd
2026-06-04 18:28:54,"Ethereum Up or Down - June 4, 2:25PM-2:30PM ET",0x26442be9d9b6ec037e586102fb23739181eec19ce2f790083a7bad87b0abe5cc,Up,39.00,8.19,,,0xa1a62a0d4c704bc150335e2f68e5d271cc3dbd20a6e193e879645cf4f0fc7a69
2026-06-04 18:28:54,"Ethereum Up or Down - June 4, 2:25PM-2:30PM ET",0x26442be9d9b6ec037e586102fb23739181eec19ce2f790083a7bad87b0abe5cc,Up,43.36,9.340908,,,0x0b33acda8ad027a8265c58335412a37b74e68ce9ce853a06cf0f91e990cf1c3c
2026-06-04 18:28:54,"Bitcoin Up or Down - June 4, 2:25PM-2:30PM ET",0xf6e7e0c94cba17f17c011726a07b4fd334b9ff8592cbe6136bb54b3a38a20f76,Up,58.00,20,,,0x5384c5e46e52aa1468a0ba2b7f4f43f64c35b4ed444fce42107ff09b5701a00d
2026-06-04 18:28:54,Counter-Strike: Liquid vs Heroic - Map 2 Winner,0xff5ee1b61898d96c561eafefb9da580a67f07848a33ab3257a53c32ae4634223,Liquid,85.00,42,,,0xc0a4a23f6c7037d5792b2a11e0b2858c51930fef2322ad3912c4ba5a1c060732
2026-06-04 18:28:54,Perugia: Andrea Pellegrino vs Roberto Carballes Baena,0x280f8e4b00877ddf567c6f95604ccefd5d08c171bffe80d71b0c0eb839e3b177,Andrea Pellegrino,63.00,21,,,0x87d69806d03c040573c4459a30f28403ac5aa3ae19cc08c5f6884103a931a68c
2026-06-04 18:28:54,LoL: ⁠Movistar KOI Fénix vs UCAM Esports Club (BO5) - LES Playoffs,0x19e5fe2c444f9a696482c66e66485c5b6c373e7a9a8bf6baa368c9ff3aa0dbba,⁠Movistar KOI Fénix,16.00,6.25,,,0xdc6d171bfea314cea1a939461758aba357ed5c084e9c650a30114c39a67bf013
2026-06-04 18:28:54,Makarska: Elina Avanesyan vs Dominika Salkova,0xd3c6d40aff15bad564a6421cd9011c149c488b657863e373ae23f70a9fc4c1a0,Dominika Salkova,8.00,1250,,,0x1e35349c8b84c5856743320b56b1f005906033fcb45d5a2d5b5c3aee446388ac
2026-06-04 18:28:54,LoL: ⁠Movistar KOI Fénix vs UCAM Esports Club (BO5) - LES Playoffs,0x19e5fe2c444f9a696482c66e66485c5b6c373e7a9a8bf6baa368c9ff3aa0dbba,UCAM Esports Club,85.00,15,,,0xc148f1f08f4c5b3fdee3e7ece73dcb7a6a0ca7064d53713814155d9f3afae794
2026-06-04 18:28:54,Birmingham: Harry Wendelken vs Mark Lajal,0xbcee9b79dfe04ecc0d54de43b3930b678d85e5b443b6fe69296dbf7ede7bd245,Mark Lajal,95.00,62.64,,,0x5dd4a271c045932646f7227dd61a8f35a8d0975fd9b4b331f63bed5251c22cb6
2026-06-04 18:28:54,"Solana Up or Down - June 4, 2:15PM-2:30PM ET",0xb65b86b3ed7be121c992ed3654bcd15043cfce4772c3a5ec3bef5af1f11b7de7,Down,1.00,100,,,0x10e2c0f9eb07cdf86316ff891b4f31e8ebbb899e7cbcda254b68f1ba5fb1b029
2026-06-04 18:28:54,"Ethereum Up or Down - June 4, 2:25PM-2:30PM ET",0x26442be9d9b6ec037e586102fb23739181eec19ce2f790083a7bad87b0abe5cc,Down,57.00,11.25,,,0x96cfbbda668ac1093f2e039b7042b081f510b4081f2779d6c862e27a3b6540ee
2026-06-04 18:28:54,Will the highest temperature in New York City be between 84-85°F on June 4?,0x3e7a4918956e5d02a6bc31ebcdd528b6007bf4aa1e05fa349cd4317bcc4a7115,Yes,30.00,20,,,0x29000028d93cb60948b29f57b7ee5ccef3609dc2e7472e5dc96cdad2b4bdb6d1
2026-06-04 18:28:54,"Bitcoin Up or Down - June 4, 2:25PM-2:30PM ET",0xf6e7e0c94cba17f17c011726a07b4fd334b9ff8592cbe6136bb54b3a38a20f76,Up,61.00,3.639343,,,0x238bbc15cf65a9aa8d12e9d412b6078e632fedc0534deab24bb18a59e6012476
2026-06-04 18:28:52,Will Innio's market cap be between $23B and $26B at market close on IPO day?,0x3c56ededaff4289a7478a36c2243f1918af88b7443d822576fb53d70d6a19053,No,14.00,23,,,0x512f8e4b446cb454cdf030d051304d158a85b44140bc0e00bfc44360d60a9b40
2026-06-04 18:28:52,"Bitcoin Up or Down - June 4, 2:25PM-2:30PM ET",0xf6e7e0c94cba17f17c011726a07b4fd334b9ff8592cbe6136bb54b3a38a20f76,Up,57.00,1.754383,,,0xdfa511b410e9d45d9fc4949781c0acc4320eb5080b861ce061c9604b9a772ec1
2026-06-04 18:28:52,Will Julián Álvarez win the Bronze Boot at the 2026 FIFA World Cup?,0x769f8c10e12d14b4df12c981e06357cb3f7a6ab16c27380ea0825c3cffa706f2,No,91.00,1.0989,,,0x7d92a7df55623b5395cc340feb32d73e7a9dab3740ee9dbff52eb9bed1b807b0
2026-06-04 18:28:52,"Bitcoin Up or Down - June 4, 2:25PM-2:30PM ET",0xf6e7e0c94cba17f17c011726a07b4fd334b9ff8592cbe6136bb54b3a38a20f76,Up,57.00,1.754383,,,0x3fe995995ac5c7f391e23bc9342d6e686ff8ab6a3b8b76c97c5582670b5bb97f
2026-06-04 18:28:52,"Bitcoin Up or Down - June 4, 2:25PM-2:30PM ET",0xf6e7e0c94cba17f17c011726a07b4fd334b9ff8592cbe6136bb54b3a38a20f76,Up,57.00,1.754383,,,0x80bba8398f8401bb178c7130b0c151ac5766b5a7061866694372d6455502cc81
2026-06-04 18:28:52,"Ethereum Up or Down - June 4, 2:25PM-2:30PM ET",0x26442be9d9b6ec037e586102fb23739181eec19ce2f790083a7bad87b0abe5cc,Up,36.00,3.84,,,0xac8fbff78c6235b5eabe3684ce03e6eb80a35bc4b1a20e2399600b75dd1bdf49
2026-06-04 18:28:52,Will MrBeast's next video get between 61 and 62 million views on day 6?,0x3f8ce61acf767f0be3610410e581a052033c45b9be1b2104f15ab6ec6a3df0bf,Yes,15.00,12,,,0xaa27acf7dcb5b28f6b2d989c0506a403d89c76f69aa76762607c3d4f3d14c6f2
2026-06-04 18:28:52,"Will Bitcoin dip to $62,000 on June 4?",0x15cc16d6a9cc568d3cd07606a76baf6e84d10d7e93f803ea111611ff9ec2f4b4,Yes,15.68,33.42,,,0x4dab403ef746dbeca09e4c19aae4658eb867cbca850f94ebe3c7cbf813dc11b9
2026-06-04 18:28:52,Will a player representing Norway be the top goalscorer at the 2026 FIFA World Cup?,0x13769b3c9e8daf0052d90385dcebb80bf28a570a8193bd5576ac73aa82909111,Yes,7.00,205,,,0xbdbb26eae89247358ab39ef4ab6e01610e76ed170a7302e35104b9807f2c6c95
2026-06-04 18:28:52,San Diego Padres vs. Philadelphia Phillies,0x688fc364252fa2059687177955af02b7bfd5a21778b6f8c168dd174ec422ee98,Philadelphia Phillies,93.00,83.870957,,,0x28575058b6587112c717344e6d2278b8e70ea01ce3d7af80401dd37dda33ed81
2026-06-04 18:28:52,"Bitcoin Up or Down - June 4, 2:25PM-2:30PM ET",0xf6e7e0c94cba17f17c011726a07b4fd334b9ff8592cbe6136bb54b3a38a20f76,Down,44.00,48.181817,,,0xedeb2dabfcf867ccb330db89539f81723ed5d589e6d57e0e7deda69f76fe421d
2026-06-04 18:28:52,Will Netherlands win the 2026 FIFA World Cup?,0x9be56371f6a29d12769b2f196847ee825b9585ebb8bfa042136be031b081eba1,Yes,3.90,0.01,,,0x273471849132c1ab90085021c5a803089b0cc825fa23616c39be9632048707d9
2026-06-04 18:28:52,Will Chad Bianco win the California Governor Election in 2026?,0x1a5b898bbfa1e697c19afeef356d9c1a6ecb95d2493c31524d3c75f16f782c3e,No,99.80,0.53,,,0xfbd93113ebe47471904040c07310ef5e350a972c112b4ca56f387d561d488e2b
2026-06-04 18:28:52,Map 2: Odd/Even Total Kills?,0xb51980dd78d598e438910c3843614089b1cc00416d988e7f8122ab33b66cf1b3,Even,99.90,5,,,0xbf94fbaba66824c3c657fa570993ccb31d1efeb2940770d245b71f1c43b3c372
2026-06-04 18:28:52,Map 2: Odd/Even Total Kills?,0xb51980dd78d598e438910c3843614089b1cc00416d988e7f8122ab33b66cf1b3,Even,99.90,5,,,0xfc501f7f4f3f60a6f18aed12d0b0928d39d9a8f6a3e3b57ccf1393639ccea882
2026-06-04 18:28:52,Map 2: Odd/Even Total Kills?,0xb51980dd78d598e438910c3843614089b1cc00416d988e7f8122ab33b66cf1b3,Even,99.90,5,,,0xa146c2de61f1a4a5deba42e65251844bfe2f72ee5848e4bc6a840152d2fef24d
2026-06-04 18:28:52,Map 2: Odd/Even Total Kills?,0xb51980dd78d598e438910c3843614089b1cc00416d988e7f8122ab33b66cf1b3,Even,99.90,5,,,0x81511d587a4d5d6f067ab5aea0afe27d0ecf64fbb677312ae27688f8b935edce
2026-06-04 18:28:52,Perugia: Andrea Pellegrino vs Roberto Carballes Baena,0x280f8e4b00877ddf567c6f95604ccefd5d08c171bffe80d71b0c0eb839e3b177,Roberto Carballes Baena,37.00,161,,,0xbe186f9de2c583c185d87c9f04a1bbe9c5dd2c3421013aa2f782178fbb2612cc
2026-06-04 18:28:52,Perugia: Andrea Pellegrino vs Roberto Carballes Baena,0x280f8e4b00877ddf567c6f95604ccefd5d08c171bffe80d71b0c0eb839e3b177,Andrea Pellegrino,63.00,39,,,0x123d986fcc1b30381ad5b3212ba523f7efbf3b03165980673c1976b8c2d80382
2026-06-04 18:28:52,"Bitcoin Up or Down - June 4, 2:25PM-2:30PM ET",0xf6e7e0c94cba17f17c011726a07b4fd334b9ff8592cbe6136bb54b3a38a20f76,Down,44.00,20,,,0x024c14fb5451c1e47f081cf93b81d92c2f749106173246efdc7c27d430fe6262
2026-06-04 18:28:52,"Hyperliquid Up or Down - June 4, 2:25PM-2:30PM ET",0x0c120dd6bd6d76ebd92cc795dfb77ad162ab7276e21f9ec9ddf19a23fb99c0c8,Down,99.00,5,,,0x9bd47e33d639aa20ec4dface7a1b5aa3e631cf7bb2403a2428ec02b4b2e2f0b4
2026-06-04 18:28:52,Will Korea Republic vs. Czechia end in a draw?,0xb3e5963c18d0fbe9285a35e65aa260b304a3cded6aaddab9507122caa33caf44,No,70.00,27.4,,,0xe89bfbd0205bf59bbb5d6b5206433b1bcdbec08b9ba9d73a2acc72511ee2fdf6
2026-06-04 18:28:52,"Bitcoin Up or Down - June 4, 2:25PM-2:30PM ET",0xf6e7e0c94cba17f17c011726a07b4fd334b9ff8592cbe6136bb54b3a38a20f76,Down,43.06,20.926135,,,0x2ae9c9ddfa0dffd0fbedf638fc2b484200785f7047b2ce45bd0b6634f173a1fb
2026-06-04 18:28:52,Will Innio's market cap be between $23B and $26B at market close on IPO day?,0x3c56ededaff4289a7478a36c2243f1918af88b7443d822576fb53d70d6a19053,No,14.00,22,,,0x804979d7712e7751afee53661e2fbb3630f1a6ae3d90c1a65fbcbfe90d7f3463
2026-06-04 18:28:52,"Bitcoin Up or Down - June 4, 2:25PM-2:30PM ET",0xf6e7e0c94cba17f17c011726a07b4fd334b9ff8592cbe6136bb54b3a38a20f76,Down,43.00,4.651161,,,0x0616b77ff44c04b494bb389ecf4005d698394e3a29f251dcf43ef910a3a404dd
2026-06-04 18:28:52,"Ethereum Up or Down - June 4, 2:25PM-2:30PM ET",0x26442be9d9b6ec037e586102fb23739181eec19ce2f790083a7bad87b0abe5cc,Down,61.00,11.25,,,0xaf6f0af7d6539642dbe8e5b123115c39dfe6f5b39ab92f249d54e48e6a3812c0
2026-06-04 18:28:52,"Bitcoin Up or Down - June 4, 2:25PM-2:30PM ET",0xf6e7e0c94cba17f17c011726a07b4fd334b9ff8592cbe6136bb54b3a38a20f76,Down,43.00,6,,,0xee5d2da59399c8f934e26abad0a75b5b63abd407bb19a533e66421e954382279
2026-06-04 18:28:52,"Bitcoin Up or Down - June 4, 2:25PM-2:30PM ET",0xf6e7e0c94cba17f17c011726a07b4fd334b9ff8592cbe6136bb54b3a38a20f76,Down,43.00,40,,,0xe59bc1da9993eb1055ee6040f9cc0fac1588cf0506a34c8fa0f3ac8ac377ddb2
2026-06-04 18:28:52,Will Innio's market cap be between $17B and $20B at market close on IPO day?,0x2ad7e489ae9f326a3748b8903b4ab8a7edce834f700cd4f3b0c8d6c407b97323,No,99.00,30,,,0xf8c6b3ef5ba649aaebaa832ffcb915cf595443f63a63693424bc8b2bd3e1fba6
2026-06-04 18:28:51,Will Innio's market cap be between $26B and $29B at market close on IPO day?,0xcc8ca76f1bf29eadaa912298f1221cd3c9c003bd946f94bd0911a2e07d3bd3ff,No,96.00,22,,,0x7b87a86285511f19ed647c2c02da3dc880ad56c38b8b713c754ce8900dac0131
2026-06-04 18:28:51,Will Innio's market cap be between $17B and $20B at market close on IPO day?,0x2ad7e489ae9f326a3748b8903b4ab8a7edce834f700cd4f3b0c8d6c407b97323,No,99.07,22,,,0x61f0787700066c65fd4aced0d52d1bea3330c7ab25bfd484b59e45e39b0e816a
2026-06-04 18:28:51,Israel announces Lebanon ceasefire extension by June 7?,0x42973552f8bcfc9269fba8492766f2c20a22243cbba154cf695acaff88ec96c7,No,0.30,10000,,,0x2dcdeae2d948369cdbdcfece3a33527e54b6e4ac4536c66eadeb19ada59cf6a6
2026-06-04 18:28:51,"Bitcoin Up or Down - June 4, 2:25PM-2:30PM ET",0xf6e7e0c94cba17f17c011726a07b4fd334b9ff8592cbe6136bb54b3a38a20f76,Up,57.00,12.5,,,0x2b2bc0d156331bfdce57d302b771c605befba3c077ce0b2a2a75dbd2b6dda4db
2026-06-04 18:28:51,LoL: ⁠Movistar KOI Fénix vs UCAM Esports Club - Game 4 Winner,0x258e411eef2cb422cfbc113866efa369b848738d23d28e9ed64a27709846b394,UCAM Esports Club,77.00,155.818178,,,0x19d636d9b0557883fe6ca9a87f7b4d5edbe54d9af300f75ed36628f39de0da42
2026-06-04 18:28:51,Will Innio's market cap be at least $29B at market close on IPO day?,0xa7c1b8b998b1c6ffd1761418a436f7506bf7257ed85670ee04fe76f906caf1b4,No,98.13,23,,,0x17fd07046d059404ae9ec8c48c3eeb9d9e87a7c8d6399cc8b9e4e525569832e5
2026-06-04 18:28:51,Will Innio's market cap be at least $29B at market close on IPO day?,0xa7c1b8b998b1c6ffd1761418a436f7506bf7257ed85670ee04fe76f906caf1b4,No,98.00,30,,,0x816f6b0aadd54c770357eac2b348dbbb77aa070ffc8c0042411d91e0f20a8726
2026-06-04 18:28:51,Will Innio's market cap be between $26B and $29B at market close on IPO day?,0xcc8ca76f1bf29eadaa912298f1221cd3c9c003bd946f94bd0911a2e07d3bd3ff,No,95.25,30,,,0x71c7be7a52e05ea84194e6f67e94aa32d22ae465777dd6ef76b87161f74b2d46
2026-06-04 18:28:51,Will Innio's market cap be between $26B and $29B at market close on IPO day?,0xcc8ca76f1bf29eadaa912298f1221cd3c9c003bd946f94bd0911a2e07d3bd3ff,No,96.00,23,,,0xb0c7f588f147442a716e6667d274c0ae2eafb8bcff61851194cd6f1e4b77ed17
2026-06-04 18:28:51,Will Innio's market cap be between $17B and $20B at market close on IPO day?,0x2ad7e489ae9f326a3748b8903b4ab8a7edce834f700cd4f3b0c8d6c407b97323,No,99.00,23,,,0x7a4790f98d46bb691a3bae9578f1a9f9466d797cb00c4f03b335cbc1fb693b2f
2026-06-04 18:28:51,"Bitcoin Up or Down - June 4, 2:25PM-2:30PM ET",0xf6e7e0c94cba17f17c011726a07b4fd334b9ff8592cbe6136bb54b3a38a20f76,Up,58.00,4.965516,,,0x04ab80e91379728c1cf9d48b839d61d74b2f9602ae11cbfe45f472838a186738
2026-06-04 18:28:51,Perugia: Andrea Pellegrino vs Roberto Carballes Baena,0x280f8e4b00877ddf567c6f95604ccefd5d08c171bffe80d71b0c0eb839e3b177,Roberto Carballes Baena,37.00,2.810809,,,0xc462552b373afef9daf9906fbc14c6b4724920f3ce62ad46ae8c6b0798329747
2026-06-04 18:28:51,"Bitcoin Up or Down - June 4, 2:25PM-2:30PM ET",0xf6e7e0c94cba17f17c011726a07b4fd334b9ff8592cbe6136bb54b3a38a20f76,Up,57.00,2.77,,,0x33739a860f25c78ff2b453ff99bc5e7e05ec55ff0bc780b6a13949f5fe955bc0
2026-06-04 18:28:51,Will Liechtenstein win on 2026-06-04?,0x0b161a0d30523fc1f4181fdd35834ffc1987188e682237ff3c9059c3acca6cfe,Yes,8.00,25,,,0x1b8bc0f66e073ac6a05e7fb11133b514df917e57370a8a014c21c10a016b91f2
2026-06-04 18:28:51,"Bitcoin Up or Down - June 4, 2:25PM-2:30PM ET",0xf6e7e0c94cba17f17c011726a07b4fd334b9ff8592cbe6136bb54b3a38a20f76,Down,43.00,11.627905,,,0x6ea69365427a3e99691f790f5e20534b89fea154a5d7ccfc597f2f60865ea3ad
2026-06-04 18:28:51,"Bitcoin Up or Down - June 4, 2:25PM-2:30PM ET",0xf6e7e0c94cba17f17c011726a07b4fd334b9ff8592cbe6136bb54b3a38a20f76,Down,42.00,2.85,,,0xb97263424283b0a6d98f41ed78c1de5af61131b9718db10fc1f5d46ce6e23095
2026-06-04 18:28:51,"Bitcoin Up or Down - June 4, 2:25PM-2:30PM ET",0xf6e7e0c94cba17f17c011726a07b4fd334b9ff8592cbe6136bb54b3a38a20f76,Up,57.00,3,,,0x494e04e3f32b0bdcc0eaf9af6e9719dfe1d8dbb5e0ea0533763abbf86d28f2eb
2026-06-04 18:28:51,Counter-Strike: M80 vs NRG (BO3) - IEM Cologne Major Stage 1,0xca57b20c69fc5219ae2e4c2d747689ebdcea7702558b86d99d25ae958908262f,NRG,30.00,16.666665,,,0xdf7b6f04fc61129b702b67455d7363885e73a373342388dd09903dfa9bf6d9af
2026-06-04 18:28:51,Will Netherlands win the 2026 FIFA World Cup?,0x9be56371f6a29d12769b2f196847ee825b9585ebb8bfa042136be031b081eba1,Yes,3.90,0.01,,,0x10da6bd3060fbf21523df56bc91221b55eb4077de526f2e8b049e76d6acd84cc
2026-06-04 18:28:51,Will Arvid Lindblad get pole position at the 2026 F1 Monaco Grand Prix?,0xc074ec4d0330eb9b56e2b1f10b8bcaebcabb57d19aae27d12b9bd8cb75611851,No,99.80,10,,,0xbcf28032597aebc16c244f425ed72553550ad81d66f3c5e1ffe0787561765f85
2026-06-04 18:28:51,"Solana Up or Down - June 4, 2:25PM-2:30PM ET",0xaa3b1523de28d0a85a75bb16666b6690cd278f91014c089e37d8c2a240d9e0f2,Down,58.00,8.275861,,,0xc16ef534dd5aebfc5987af5fb7bbed95fb59a3be8a46601fb181908a3d9b5fab
2026-06-04 18:28:51,Will Franco Colapinto get pole position at the 2026 F1 Monaco Grand Prix?,0x685e73f8081645580c0b0941fb55803af958c0940e5d7f6bfa541dc4944be925,No,99.80,10,,,0x3b43ce803d9a903eaba70e5f19b26fb4b5346b0460253e5949464aa0564aaaae
2026-06-04 18:28:51,Will Isack Hadjar get pole position at the 2026 F1 Monaco Grand Prix?,0xd2daa515380816b57eb797f477dd6c74f4830be358f4e2a5aba187591b9d0b7b,No,99.80,10,,,0x1969d1f90bd7ac0302d6a2b31997591e0b14212852cb520e615dbe64967ee6d9
2026-06-04 18:28:51,Will Gabriel Bortoleto get pole position at the 2026 F1 Monaco Grand Prix?,0x04383b400e8e0cfdc6aaf186fd2f03c75f5e0d1655677e2023c540b6d93d16bd,No,99.80,10,,,0x65ad8ec3fa53d210d5bd180c8d5ca2a543b1ad685f9d164bd5332f28276c521a
2026-06-04 18:28:51,Will Netherlands win the 2026 FIFA World Cup?,0x9be56371f6a29d12769b2f196847ee825b9585ebb8bfa042136be031b081eba1,Yes,3.90,0.76,,,0x557d0a1424082d8e4d4e77b00e12a1be4e87b44acea0271a7a5341783a38aa37
2026-06-04 18:28:51,Will Pierre Gasly get pole position at the 2026 F1 Monaco Grand Prix?,0x659229325be0210274527126d16ac56b2337a5d0d31eab9cb78dbb0a0dd6491c,No,99.80,10,,,0xbd43232f438f9420c9fd8fa509eab159ef53b72a35c48b7202b79c6bfb4f2bf0
2026-06-04 18:28:51,"Bitcoin Up or Down - June 4, 2:30PM-2:35PM ET",0x51dcfba27586c391de127ab5a8e9baa4680d301a39f09db459e9b05f49102973,Down,50.00,5,,,0x6f6bc6b1794217467cb52ac2790dfd9586b376a186e818a11b35e1898665a2d2
2026-06-04 18:28:51,Will Lewis Hamilton get pole position at the 2026 F1 Monaco Grand Prix?,0xae6313f3afcc21b392ac1c0bd43060cb7b39a18aa086ac66936e82a669c1360c,No,85.00,10,,,0x8aa613afd0bfc4cee7266ebb9c519fd5a69d211d9641f7b6acbcffa58c69bbd6
2026-06-04 18:28:51,Makarska: Elina Avanesyan vs Dominika Salkova,0xd3c6d40aff15bad564a6421cd9011c149c488b657863e373ae23f70a9fc4c1a0,Elina Avanesyan,93.00,5,,,0xed5c60488fd78753fd1d1a8699c704b878404d13d44986bfa2b475f951453eac
2026-06-04 18:28:51,Will Andorra win on 2026-06-04?,0xab776168534d01a100f266e885dee0cd5ac1a9166edcda9aa89773da0a761b38,Yes,35.00,1.51,,,0x04f2898d149de7261c1b6cdf0834f8f91a613a228d2f96b4eeae0910dbd51947
2026-06-04 18:28:51,Makarska: Elina Avanesyan vs Dominika Salkova,0xd3c6d40aff15bad564a6421cd9011c149c488b657863e373ae23f70a9fc4c1a0,Elina Avanesyan,92.00,5,,,0x6bed16ad2a8c78379530d217f9b66733515419888c7f83234b32c69ec5665520
2026-06-04 18:28:51,LoL: ⁠Movistar KOI Fénix vs UCAM Esports Club - Game 4 Winner,0x258e411eef2cb422cfbc113866efa369b848738d23d28e9ed64a27709846b394,⁠Movistar KOI Fénix,31.00,3.225805,,,0x6a1361ef9336c0cc6bac6978bd87729adeed654b1ba6880a4c161583c9c370bc
2026-06-04 18:28:51,Will the Fed increase interest rates by 50+ bps after the July 2026 meeting?,0x2a28cc33492516116690a20d290f9922acbe0ed367ff52a6082154474c7f2971,No,99.70,11.13,,,0x844f3839d91bf5b27e9ce0457dd1a8f5b85b0915c44085c4cb172784108e63b2
2026-06-04 18:28:51,Perugia: Andrea Pellegrino vs Roberto Carballes Baena,0x280f8e4b00877ddf567c6f95604ccefd5d08c171bffe80d71b0c0eb839e3b177,Andrea Pellegrino,63.00,200,,,0xc9c816904a5a0b8d8661f2412a3224a3a9d0e4f55e2a7133339bb4b252313ebb
2026-06-04 18:28:51,Perugia: Andrea Pellegrino vs Roberto Carballes Baena,0x280f8e4b00877ddf567c6f95604ccefd5d08c171bffe80d71b0c0eb839e3b177,Roberto Carballes Baena,37.00,82,,,0x7e9643c8a2f2f19093b9b794118a1097b150c74d5e29e95cfc62f5635175ed5e
2026-06-04 18:28:51,Sweden vs. Greece: O/U 3.5,0x3b5cdaa6bdb4082fbb042b0411d7778a376d94d62c876b0afb38c9d7133dbe22,Over,18.00,457,,,0xba4b0b4a03d1db03d03f7b67059c37d92cf0445b3034db43092e4bef45118174
2026-06-04 18:28:51,Perugia: Andrea Pellegrino vs Roberto Carballes Baena,0x280f8e4b00877ddf567c6f95604ccefd5d08c171bffe80d71b0c0eb839e3b177,Roberto Carballes Baena,37.00,3.783782,,,0xd7471fffad23654c221e74b1a1e1368311a82013d122f40cf2a8494e93bf5aa9
2026-06-04 18:28:51,Will Oliver Bearman get pole position at the 2026 F1 Monaco Grand Prix?,0xbdc4850ccc296082f1e41544d89e4fcc888473afa3a3246e3b843368f743ee28,No,99.80,10,,,0x0759db0450c589cea9d4d13d6a6bb4d24852b876569465c3bb0ac278ba6b4d11
2026-06-04 18:28:51,"Bitcoin Up or Down - June 4, 2:25PM-2:30PM ET",0xf6e7e0c94cba17f17c011726a07b4fd334b9ff8592cbe6136bb54b3a38a20f76,Up,58.00,6.689654,,,0x9be47cb94aa5bf7b4b25ec07b3610614a5ca81c7ac2d6035e9d68a4510dfab16
2026-06-04 18:28:51,Will Nico Hulkenberg get pole position at the 2026 F1 Monaco Grand Prix?,0xd9382df8533b2e1beae3d791789af6c48344bdc603e47d570cb21d67fb6b9262,No,99.80,10,,,0x46d7381692001c804ed6d4a6a9f17f4177a84e04135c2932d740171a563ff40d
2026-06-04 18:28:51,"Solana Up or Down - June 4, 2:25PM-2:30PM ET",0xaa3b1523de28d0a85a75bb16666b6690cd278f91014c089e37d8c2a240d9e0f2,Up,42.00,7,,,0xdece0133ae6fb3e5b40f27815242fbc05a05e7056443be030c8ac56a256e9450
2026-06-04 18:28:51,Will Innio's market cap be between $20B and $23B at market close on IPO day?,0x0f83009a774bfef025a48ce930c41ef8239cbc3d8d73fba270ec483640b8ac6f,No,92.00,90,,,0xd17f3ce53785256eab5866e4bb79e836206c529558fb3eaa91b41a91153cbb90
2026-06-04 18:28:51,Will Sweden vs. Greece end in a draw?,0x30e2d0da24ebb970cf6ce4245402b03745692cfd1721d57f7c9b957899634b9e,Yes,51.00,10,,,0x4ff1ca153ac3c66fefdaf29306d89189363197babb8d5ee7ca67f248c945b31b
2026-06-04 18:28:51,Perugia: Andrea Pellegrino vs Roberto Carballes Baena,0x280f8e4b00877ddf567c6f95604ccefd5d08c171bffe80d71b0c0eb839e3b177,Andrea Pellegrino,63.00,77,,,0x663d3a3d037a83a17c1faabab73601c3566630825d9bf31f10c1da056354b0d1
2026-06-04 18:28:51,Perugia: Andrea Pellegrino vs Roberto Carballes Baena,0x280f8e4b00877ddf567c6f95604ccefd5d08c171bffe80d71b0c0eb839e3b177,Roberto Carballes Baena,37.00,123,,,0xab4d88cad592904eed771f81895787cf5de0e6af9439f5a8a65c47ff7ff79100
2026-06-04 18:28:51,Will the price of XRP be between $1.00 and $1.10 on June 5?,0x396be83556fcde33a6ce6cc1ee755567ccc945f4e7eba45a87a56074a4f9c85f,Yes,2.20,58.181817,,,0xffe4d3ba365644b7268c32407b1de4e41cd8371ea0e900afc3cc34721d863f96
2026-06-04 18:28:51,Will Innio's market cap be between $23B and $26B at market close on IPO day?,0x3c56ededaff4289a7478a36c2243f1918af88b7443d822576fb53d70d6a19053,No,14.00,30,,,0x80b03f09c1889b6840c9471ba03c3467bfebea5ed9c13edcc1609dca669eb809
2026-06-04 18:28:51,Will Innio's market cap be at least $29B at market close on IPO day?,0xa7c1b8b998b1c6ffd1761418a436f7506bf7257ed85670ee04fe76f906caf1b4,No,99.41,22,,,0x80534b17c998cdbeb37c7703624aae552a959c75c00eb01bab42e77edf8fb0be
2026-06-04 18:28:49,"Bitcoin Up or Down - June 4, 2:25PM-2:30PM ET",0xf6e7e0c94cba17f17c011726a07b4fd334b9ff8592cbe6136bb54b3a38a20f76,Up,58.00,1.724135,,,0xfd19fd70997a357bb8f10023b2d2fb4fe6893f13e747ca7ffc60f2398462a8df
2026-06-04 18:28:49,Will the highest temperature in Dallas be between 90-91°F on June 4?,0xcb230bfc57d04c3bd85f792cb2e4099d651f1c0c7cb798d85ea4526304cac281,No,99.50,30,,,0xbb6f598b783fee87f95f251d5b98697882960dbb404dcfabb562dacac0c98ba1
2026-06-04 18:28:49,Will Sergio Perez get pole position at the 2026 F1 Monaco Grand Prix?,0x7d6b202d7ea5156afde267874d6e4114b96575d3482632e509593572e309803e,No,99.80,10,,,0x906727aea75fd82cfc089b15fbb82d5c39205ac78dd356d7210aed52aef8da08
2026-06-04 18:28:49,Will Valtteri Bottas get pole position at the 2026 F1 Monaco Grand Prix?,0x82e76514f9e122f5672c35a09be072e9f7912253e76ed1f37ff512c484bced50,No,99.80,10,,,0xff9fe7648ea0287bb73c0d0cd5ce8d182e1ea38d7022ff676b8852e233aea37c
2026-06-04 18:28:49,Will Netherlands win the 2026 FIFA World Cup?,0x9be56371f6a29d12769b2f196847ee825b9585ebb8bfa042136be031b081eba1,Yes,4.00,500,,,0x7b53002fe75d53947574e39f5a25311160152aa97925760848d629b82a831db0
2026-06-04 18:28:49,Will Liam Lawson get pole position at the 2026 F1 Monaco Grand Prix?,0x7823846c67013d54fa8fefb1bb259f3b81a1b748616289b148ed5d0e77d6f5cf,No,99.70,10,,,0xa1401b647aeb47aba0162952c776347351c25078a57de19fb7fd0b012da29e62
2026-06-04 18:28:49,Will Lando Norris get pole position at the 2026 F1 Monaco Grand Prix?,0xa794c90f747e0a9c0e579fc3725427fadc7a772928b103a65cdda0bc2834c927,No,93.00,10,,,0xc366b398a4baac35aba9aa6529c4ab978e6a74fa6e239ac96f70a140743b8a68
2026-06-04 18:28:49,Will Fernando Alonso get pole position at the 2026 F1 Monaco Grand Prix?,0x765cdac329b7b6c0ef61a9a2c696072effabc8b3d423b5175eaa56127903804c,No,99.80,10,,,0xe9ee51114d2dc1e0e38a61877fdb95adc544137b273f7e9b43db63f61cc80c85
2026-06-04 18:28:49,Will Kimi Antonelli get pole position at the 2026 F1 Monaco Grand Prix?,0x1580c1249404f5b91754300720be0c1e857da46a5aad422de71150b3797ebec6,No,86.00,10,,,0x12446eb534ef45830c05760d1422f4b0aa6c7505d65ac9c6a90ec03bf626b1ea
2026-06-04 18:28:49,Will Carlos Sainz Jr. get pole position at the 2026 F1 Monaco Grand Prix?,0xda7f85815e932dda0e202d94920908f3d93a48b94e9219f697b1d70e68df8484,No,99.80,10,,,0xbf9fcaf257db1b9466d5684092b573ea6ea4f3d6cb8bb99aabdf38ae0461eec5
2026-06-04 18:28:49,Will Oscar Piastri get pole position at the 2026 F1 Monaco Grand Prix?,0x25beef59c93a0e830583ed71e3f07f612eb8e7fd9ce95711f58d3573f8005bed,No,95.00,10,,,0xa40c205317f55fa60c84153b33308cf01c848e8de3c765d28a7968a843a7905d
2026-06-04 18:28:49,Will Esteban Ocon get pole position at the 2026 F1 Monaco Grand Prix?,0x16fea1367f01e00e4c62b6de7bbbfc53fd3a485661f4df614921be429914c9a9,No,99.80,10,,,0x2ae04823d75cca431e744c4297ef070b55b5f46afce58fcefeffe16b9a372093
2026-06-04 18:28:49,Will Max Verstappen get pole position at the 2026 F1 Monaco Grand Prix?,0x91396d10d87607587b428fad706cc8bb45df49dcd111420f8c7768ab0fb0e331,No,93.00,10,,,0xc9736dbf7980b3e9e663ab780e57f7b78c071b915edd3215835b5a10bb89f4ae
2026-06-04 18:28:49,Will the highest temperature in Dallas be between 86-87°F on June 4?,0xaacea0f1fe5e07dabc011e765667733dea938f0c476639eaa416cf916027611b,No,77.80,18,,,0x092173ab275dc5896c8f795164f0016b99d77266ab785fa17b7b087bd7cfd640
2026-06-04 18:28:49,Will George Russell get pole position at the 2026 F1 Monaco Grand Prix?,0x54ca3b42112e8a6ede2f877c604c1ba2caf86313e373d27be485975f1e34fdbb,No,87.00,10,,,0x918e7e1bbbb92c87a43e85ab8c4433c7c96b381cc7a11447f0aef56f8a7d5b24
2026-06-04 18:28:49,Will Charles Leclerc get pole position at the 2026 F1 Monaco Grand Prix?,0x67325616e7f6d45b0e566e45eee5c6d84babdb6ff78118c6f57589dac3f291da,No,62.00,10,,,0x647407f66a1585afcf66267beaec05391b797c6251efca774521e3fa8a81baac
2026-06-04 18:28:49,Will the Fed decrease interest rates by 50+ bps after the June 2026 meeting?,0x4e4a7df876b0c04f0b8b29b9073eddfbaf5c787192da825ae7ca1031bc8cfd15,No,99.50,75.9,,,0x1658cac3e0793dc30a4d5cf1e967a8392e2b0fe490b8cecc63c94c1b294d6dc5
2026-06-04 18:28:49,Spain vs. Iraq: O/U 1.5,0xda172e669b5d53444bd928d23fc3879ee56a41a2721579fc73e67485dda4e255,Over,91.00,2.307688,,,0x441dde2cc0659aebd4ac9703d304e5e65e92af65a636d62178ee551bcce19330
2026-06-04 18:28:49,"Bitcoin Up or Down - June 4, 2:25PM-2:30PM ET",0xf6e7e0c94cba17f17c011726a07b4fd334b9ff8592cbe6136bb54b3a38a20f76,Down,43.00,18.976743,,,0x97a412f9b218e51608ca40a540f5b8fca68f1e3fd3a6e0144a9f3063c0e0c930
2026-06-04 18:28:49,Will the highest temperature in Dallas be between 90-91°F on June 4?,0xcb230bfc57d04c3bd85f792cb2e4099d651f1c0c7cb798d85ea4526304cac281,No,99.50,18,,,0xa953553331d944ee6c21fc2531a076ca928e4113553372fdd22f4e7c2342b20e
2026-06-04 18:28:49,Will the highest temperature in Dallas be between 88-89°F on June 4?,0x9e8ff40744a0261967386dde3a68deafbbe311132c2f4768495a51d17d440227,No,94.95,18,,,0x5a12cea1e88d9b4b01a37c47f9c6a16b4e8ceb6cb1d9b09ec9532e474f74ceb0
2026-06-04 18:28:49,Will the highest temperature in Dallas be 92°F or higher on June 4?,0x883f6b8528585ea328887388382f74a3c3fe496914e8b462892b5f8bd0f97e2b,No,99.80,18,,,0x45ab476c78cf0c70a066084e40443b0b5fd9c16638556c154bf5c201d4a0e473
2026-06-04 18:28:49,"Bitcoin Up or Down - June 4, 2:25PM-2:30PM ET",0xf6e7e0c94cba17f17c011726a07b4fd334b9ff8592cbe6136bb54b3a38a20f76,Up,58.00,5,,,0x950c90bf1e07e16b73bb48fa851daf041777e9347dcd9b06e6ea95681330b384
2026-06-04 18:28:49,Will Abelardo de la Espriella  win the 2026 Colombian presidential election?,0xfbe85201ab2b4acff01cd5a3639039fc813d3448c64db081f70926bd9b9e74e9,No,15.00,6,,,0x29fd3b0ea51a7d4c705d5f0788619906b776a1312bd60dc783460c58459d1f3b
2026-06-04 18:28:49,Will Broadcom Q2 AI revenue be above $10.5B?,0xb1ef0f9c20547babc0441710c29837d28fd00595bfe46d04cbde20b95cd70acd,No,0.10,260.25,,,0x70dc9c5bfe787dd936da166760af108bf8cf21e7099fb32fccbd7fbec673f9ae
2026-06-04 18:28:49,Counter-Strike: M80 vs NRG (BO3) - IEM Cologne Major Stage 1,0xca57b20c69fc5219ae2e4c2d747689ebdcea7702558b86d99d25ae958908262f,NRG,29.92,59.9,,,0x0023e5eb5b31fc2553d328ada731bb831c09371f87cd7a9a37d5e27dfb7764a0
2026-06-04 18:28:49,Foggia: Mayar Sherif vs Giorgia Pedone,0x73228e7ba976545fdc2f33c8aeae46ccc8fc7b7c24f8e20ad91b38da5503ac50,Giorgia Pedone,99.90,6.07,,,0x9fde18fc32b032f6e5dd74bf544cf71ccf32c168eabd22199f0a5220a2897236
2026-06-04 18:28:49,Will the highest temperature in Dallas be between 86-87°F on June 4?,0xaacea0f1fe5e07dabc011e765667733dea938f0c476639eaa416cf916027611b,No,75.33,30,,,0x01dbc5982f194878bee3113351194235f33a53cc3d17e5b999d2232f38991747
2026-06-04 18:28:49,Will the highest temperature in Dallas be 92°F or higher on June 4?,0x883f6b8528585ea328887388382f74a3c3fe496914e8b462892b5f8bd0f97e2b,No,99.74,30,,,0xe93b79b8f27c1614c6acf3e6da1f370cbb6a8fc634db1dd4d90a942d578359d8
2026-06-04 18:28:49,Will the highest temperature in Dallas be between 84-85°F on June 4?,0xecd4fd0ed48b7df03589c819afc227bac1585cc1f206659384352b1d510de2c1,Yes,69.16,143.66,,,0x11d3c063c722cb8cf5f8a352143457efc9776b3e343cf3f57528e6311e8784c6
2026-06-04 18:28:49,"Bitcoin Up or Down - June 4, 2:25PM-2:30PM ET",0xf6e7e0c94cba17f17c011726a07b4fd334b9ff8592cbe6136bb54b3a38a20f76,Up,58.00,19.913792,,,0xa64e50c8ba4ccfe142f797be7df208818c028ee5d064b12eba9c607df2c52c52
2026-06-04 18:28:49,"Bitcoin Up or Down - June 4, 2:25PM-2:30PM ET",0xf6e7e0c94cba17f17c011726a07b4fd334b9ff8592cbe6136bb54b3a38a20f76,Up,57.27,20,,,0x1814290bfa1d664808d35a3415058a7502e277026094f9e1ff2466aa86226802
2026-06-04 18:28:49,"Bitcoin Up or Down - June 4, 2:25PM-2:30PM ET",0xf6e7e0c94cba17f17c011726a07b4fd334b9ff8592cbe6136bb54b3a38a20f76,Up,57.00,27,,,0x487eec24b27cca66ae02fe64ae17ce4bb08e1575711c43ee5f5cc18fdb950a35
2026-06-04 18:28:49,"Bitcoin Up or Down - June 4, 2:25PM-2:30PM ET",0xf6e7e0c94cba17f17c011726a07b4fd334b9ff8592cbe6136bb54b3a38a20f76,Up,58.00,16.73,,,0xf5d9c808dff30c5d8478ecc3b4163723be9439bc9e800ccfb28374175ccc0690
2026-06-04 18:28:49,Will the highest temperature in Dallas be between 90-91°F on June 4?,0xcb230bfc57d04c3bd85f792cb2e4099d651f1c0c7cb798d85ea4526304cac281,No,99.50,20,,,0x49ca7c2b6786518bfbe1674762066a09ec6011dc5d9cfa2fba458d47da4d62aa
2026-06-04 18:28:49,Will the highest temperature in Dallas be between 88-89°F on June 4?,0x9e8ff40744a0261967386dde3a68deafbbe311132c2f4768495a51d17d440227,No,94.00,30,,,0xea19affc60858e3a183ded4c180648a18b13d7b5c26c15ad02fb9f68609cd70d
2026-06-04 18:28:49,Will Iran win the 2026 FIFA World Cup?,0x84edef36bded182da6a395ac6c785dba8f3e09b6c5ad041385b2042536cbef25,No,99.80,1.89,,,0x8fb2337b5a1b1b505025c39feae910c623fa9b14175164dfe8ec4b65f5364fd3
2026-06-04 18:28:49,Will the highest temperature in Dallas be between 88-89°F on June 4?,0x9e8ff40744a0261967386dde3a68deafbbe311132c2f4768495a51d17d440227,No,94.00,20,,,0x99ede9ab1ddebcf37071dbb4761034b216add9bdbdffcd237de32b49bdf29454
2026-06-04 18:28:49,Will the highest temperature in Dallas be 92°F or higher on June 4?,0x883f6b8528585ea328887388382f74a3c3fe496914e8b462892b5f8bd0f97e2b,No,99.80,20,,,0x43205fefe2d135f4e939685aad2a2447d8ccd45414d859dc1c3578234606f272
2026-06-04 18:28:49,Will Marco Rubio win the 2028 Republican presidential nomination?,0x21ad31a46bfaa51650766eff6dc69c866959e32d965ffb116020e37694b6317d,No,33.30,3.14,,,0x119cc7b07a0f9acdbb080edf98eb38921681c81073068933de31222f7187dfd0
2026-06-04 18:28:49,Will Lance Stroll get pole position at the 2026 F1 Monaco Grand Prix?,0x021bd3fa641e22d586217e123131539b02f415ddd64b59ce38d9457db41d8838,No,99.70,10,,,0xf9584e718dac8d5aa387c1f830ced77ddce3d89c266dca75c8500072e557f9e9
2026-06-04 18:28:49,Will the House pass a reconciliation bill by June 15?,0xf6ae05afd09332f7ed3e1a4424df234f8e2b64ba79c43aec4e85c278ee76a947,No,32.00,20,,,0x1421c32e42e8559d69868e34f2ec93c43d004e7c9bb121fe05d3605e7d995633
2026-06-04 18:28:48,"Bitcoin Up or Down - June 4, 2:25PM-2:30PM ET",0xf6e7e0c94cba17f17c011726a07b4fd334b9ff8592cbe6136bb54b3a38a20f76,Down,47.00,16.361701,,,0x7f4e2f9ea2d9acdb9280357f6c22a85f2c092359ea1122698f603fedae50b8b7
2026-06-04 18:28:48,Will Andorra vs. Liechtenstein end in a draw?,0x1cea1ffb7207241c8a1bffc6d67b6c86dd6a5d7e4cdcfac7636beff1d2e73a67,Yes,57.00,0.73,,,0x969921c9ef4e1ce6a971358f82e3f567011b4f853734b6c701467b437b4f53a4
2026-06-04 18:28:48,"Bitcoin Up or Down - June 4, 2:30PM-2:45PM ET",0x061b207481cf9dc7bad7c8bd43dc5ab08279152de197ef0c762d58cebb490386,Down,51.00,78.431371,,,0xc1b4d210597e6559e45d8b192cf6513e3285f07693700e2cc282ce490e442feb
2026-06-04 18:28:48,"Bitcoin Up or Down - June 4, 2:25PM-2:30PM ET",0xf6e7e0c94cba17f17c011726a07b4fd334b9ff8592cbe6136bb54b3a38a20f76,Down,46.00,16.16,,,0x8b7b863984f53e337e9e175444471a30739bf21d14624d4e2f96cba4d36cbbb7
2026-06-04 18:28:48,"XRP Up or Down - June 4, 2:25PM-2:30PM ET",0x1dda94c24b0e85e81306fd852ef834d4205674fb324b75d33ac401ca0010161c,Up,88.12,17.022463,,,0x1203b0ad2997b2a0f8d79d5eb2bc86f0cdd54d21a8d5c63c5bcb687236f52e0d
2026-06-04 18:28:48,Sweden vs. Greece: O/U 4.5,0xfee8041473ee7d1b067ea757b3e7b0a24f4f430ec3d2ce2d0315ed62e6ec81ab,Under,96.00,0.6,,,0x345d13f27a09bb6e13e29a09bc3777cce015f7b9749754a8557487cab8403b94
2026-06-04 18:28:48,"Will the price of Bitcoin be above $66,000 on June 5?",0xa4874d4eb4538bac79cd6b5b7717510e09872b4ee7ab1c5082d4edb9a6f5b9fa,Yes,7.00,285.714284,,,0xeebdecca5b1473d4a3914cab589575206f2ba787c87683849bc753bc36107488
2026-06-04 18:28:48,"Bitcoin Up or Down - June 4, 2:25PM-2:30PM ET",0xf6e7e0c94cba17f17c011726a07b4fd334b9ff8592cbe6136bb54b3a38a20f76,Up,58.00,5,,,0x707df5d3379d01d69b59cce1e59b8042ab6980b3f2769be8095c831acb2ac4ac
2026-06-04 18:28:48,Sweden vs. Greece: O/U 2.5,0xe3f685835d7fc6afbbc5de38ef7400dee5c8d06d43d7fcf1f90044e0025298d9,Over,57.00,7.894734,,,0xdd010829e78de05e7d05c767ce2c034ad45a1ab5adf98ffcea587a291f1dd277
2026-06-04 18:28:48,Game Handicap: UCAM (-1.5) vs ⁠Movistar KOI Fénix (+1.5),0x9a990134b2477384d9d0e4b72ff98b9de92ebb9d6d1b9b59f24f602ec31bb303,UCAM Esports Club,60.00,6,,,0xafb690f99959e30571642cdfd15243e3849832c9a7f9636fdc409986941a8ec8
2026-06-04 18:28:48,"Ethereum Up or Down - June 4, 2:25PM-2:30PM ET",0x26442be9d9b6ec037e586102fb23739181eec19ce2f790083a7bad87b0abe5cc,Down,60.00,22.5,,,0x9a4942533d0dae66a7d4b38a78111362b20f631f3c6e1597a71da512c486f5e9
2026-06-04 18:28:48,"Bitcoin Up or Down - June 4, 2:25PM-2:30PM ET",0xf6e7e0c94cba17f17c011726a07b4fd334b9ff8592cbe6136bb54b3a38a20f76,Down,44.00,30,,,0x4e873acad6619ee92b1a1cb8784c7cbee82576b4a0741083b62b5733c3f61bd0
2026-06-04 18:28:48,"Solana Up or Down - June 4, 2:25PM-2:30PM ET",0xaa3b1523de28d0a85a75bb16666b6690cd278f91014c089e37d8c2a240d9e0f2,Up,43.00,4.488371,,,0x176a0228d30ae87a15b9fe16ea958cea2019f90856f81b4d4762b3a867824081
2026-06-04 18:28:48,"Bitcoin Up or Down - June 4, 2:25PM-2:30PM ET",0xf6e7e0c94cba17f17c011726a07b4fd334b9ff8592cbe6136bb54b3a38a20f76,Up,58.00,10.224135,,,0x6b0cb0e8d3c3414d50078d4fdb2b57afacb5bc8d434ab4810575a15dd31c3471
2026-06-04 18:28:48,"Bitcoin Up or Down - June 4, 2:25PM-2:30PM ET",0xf6e7e0c94cba17f17c011726a07b4fd334b9ff8592cbe6136bb54b3a38a20f76,Up,58.00,5,,,0x7d24fb913b9cebbc60263808cde1987d9cd816368b480fbdd4bce68c967506e7
2026-06-04 18:28:48,"Bitcoin Up or Down - June 4, 2:25PM-2:30PM ET",0xf6e7e0c94cba17f17c011726a07b4fd334b9ff8592cbe6136bb54b3a38a20f76,Up,58.00,20,,,0xe91d0e3ba1b6c03d69fd0ad2544d0a85ca3d3ee11c44a5944780d4e6ed6f0415
2026-06-04 18:28:48,"Bitcoin Up or Down - June 4, 2:25PM-2:30PM ET",0xf6e7e0c94cba17f17c011726a07b4fd334b9ff8592cbe6136bb54b3a38a20f76,Down,44.00,4.181817,,,0x14bb0cc2ed0f51f538b42a4f8128a90d9fc3d658545afc6f6d22f4e7b28d6800
2026-06-04 18:28:48,"Bitcoin Up or Down - June 4, 2:25PM-2:30PM ET",0xf6e7e0c94cba17f17c011726a07b4fd334b9ff8592cbe6136bb54b3a38a20f76,Up,56.00,3,,,0x159b2bf053fc97d0001b608e001a0e07a65cdff1c0d563d992e08b2585cd7e05
2026-06-04 18:28:48,"Ethereum Up or Down - June 4, 2:25PM-2:30PM ET",0x26442be9d9b6ec037e586102fb23739181eec19ce2f790083a7bad87b0abe5cc,Down,60.00,10,,,0xe95facb8720fd4cc5fde2d608104fbd803e781e2e1b6660235bb8be757dfd21a
2026-06-04 18:28:48,"Bitcoin Up or Down - June 4, 2:25PM-2:30PM ET",0xf6e7e0c94cba17f17c011726a07b4fd334b9ff8592cbe6136bb54b3a38a20f76,Up,57.00,5,,,0x874dd3563c92b0394ba65df0e379a67c686e0d65c0b861b46d0ecc894d312177
2026-06-04 18:28:48,"XRP Up or Down - June 4, 2:25PM-2:30PM ET",0x1dda94c24b0e85e81306fd852ef834d4205674fb324b75d33ac401ca0010161c,Up,89.00,2.044936,,,0x6dd14035816a9e0347a25e84fb336b151aa7e0eaf1d8c8479ead84e93f8d972a
2026-06-04 18:28:48,"Ethereum Up or Down - June 4, 2:25PM-2:30PM ET",0x26442be9d9b6ec037e586102fb23739181eec19ce2f790083a7bad87b0abe5cc,Up,39.00,6.5,,,0x6e2e91e16b2f2a4525451c0cd65e00440a2a079dadad91b63b65f67b0f2173f6
2026-06-04 18:28:48,"Bitcoin Up or Down - June 4, 2:25PM-2:30PM ET",0xf6e7e0c94cba17f17c011726a07b4fd334b9ff8592cbe6136bb54b3a38a20f76,Up,56.00,3,,,0x01097821f667d77806c157332f485d91f93b71892104b96211a97381686340a3
2026-06-04 18:28:48,"Bitcoin Up or Down - June 4, 2:25PM-2:30PM ET",0xf6e7e0c94cba17f17c011726a07b4fd334b9ff8592cbe6136bb54b3a38a20f76,Down,44.00,10,,,0x55b930f39ef8ba8cc4743bfed4cf12ce83b8dc8fe8ba3d3094f20ecc3f0dfeb5
2026-06-04 18:28:48,"Ethereum Up or Down - June 4, 2:25PM-2:30PM ET",0x26442be9d9b6ec037e586102fb23739181eec19ce2f790083a7bad87b0abe5cc,Up,41.00,9.878047,,,0x463a4e325ac82ad2f81b7dc69e459e0efc7c74598fb99cb2a4ffbf9b0f65a5df
2026-06-04 18:28:48,"Ethereum Up or Down - June 4, 2:25PM-2:30PM ET",0x26442be9d9b6ec037e586102fb23739181eec19ce2f790083a7bad87b0abe5cc,Up,41.00,10,,,0x2d6faced10a785e940cfeafee68382a6ce1eb76b79f215a4a0403a48304b0eb7
2026-06-04 18:28:48,"XRP Up or Down - June 4, 2:25PM-2:30PM ET",0x1dda94c24b0e85e81306fd852ef834d4205674fb324b75d33ac401ca0010161c,Down,13.00,8.08,,,0x1ea59846674fa372cf8d6f03348f72818284637924f1f137eb271d04275c58fd
2026-06-04 18:28:48,"XRP Up or Down - June 4, 12:00PM-4:00PM ET",0x79986c11903b0690f20cbd6bd0d8595b510b6fd9cb2c7a00af3970434422a273,Down,34.00,14.71,,,0x26e8ed02f76bd2c3550d1afc4b68352e9b3712768517d3c3436d379dd1d9092b
2026-06-04 18:28:48,"Bitcoin Up or Down - June 4, 2:25PM-2:30PM ET",0xf6e7e0c94cba17f17c011726a07b4fd334b9ff8592cbe6136bb54b3a38a20f76,Up,57.00,1.754383,,,0x9906634d31fdbdc146fefdafdf5f016da00e09c10ce2d81e117e4cdf2e3bd22d
2026-06-04 18:28:48,"XRP Up or Down - June 4, 2:25PM-2:30PM ET",0x1dda94c24b0e85e81306fd852ef834d4205674fb324b75d33ac401ca0010161c,Up,89.00,5.617972,,,0x88818b46af4acc722ba96d366dabd134714cd691778d88384b53e43710dc1802
2026-06-04 18:28:48,"Bitcoin Up or Down - June 4, 2:25PM-2:30PM ET",0xf6e7e0c94cba17f17c011726a07b4fd334b9ff8592cbe6136bb54b3a38a20f76,Up,57.00,5,,,0xe837d8295f9f046953b5e2a7704bf196807cf3c7890cf73b1b0a2aec1fe386a3
2026-06-04 18:28:48,"Bitcoin Up or Down - June 4, 2:25PM-2:30PM ET",0xf6e7e0c94cba17f17c011726a07b4fd334b9ff8592cbe6136bb54b3a38a20f76,Up,57.00,9,,,0x4f095ecfd5fe3f15c695aa6fec592862f031a96a292fb20f51e1d43b5bc8184f
2026-06-04 18:28:48,"Bitcoin Up or Down - June 4, 2:25PM-2:30PM ET",0xf6e7e0c94cba17f17c011726a07b4fd334b9ff8592cbe6136bb54b3a38a20f76,Up,57.00,5,,,0xac5732e2c3cb59ade21ee6f1c754416878761ed9a4d682b3f59eaced905f1b08
2026-06-04 18:28:48,"Bitcoin Up or Down - June 4, 2:25PM-2:30PM ET",0xf6e7e0c94cba17f17c011726a07b4fd334b9ff8592cbe6136bb54b3a38a20f76,Up,56.36,11.125086,,,0xc5faa8732c313336478dd7be18970a5b826094fe68f42218ddbcd9a130355106
2026-06-04 18:28:48,"Bitcoin Up or Down - June 4, 2:25PM-2:30PM ET",0xf6e7e0c94cba17f17c011726a07b4fd334b9ff8592cbe6136bb54b3a38a20f76,Up,56.00,34.285713,,,0x212d51c27a41839a216a42c0b021f47a6e66fbdf9d37b86facd016c3c7d03f9d
2026-06-04 18:28:48,"Bitcoin Up or Down - June 4, 2:25PM-2:30PM ET",0xf6e7e0c94cba17f17c011726a07b4fd334b9ff8592cbe6136bb54b3a38a20f76,Down,45.00,9.755554,,,0x4ee58a85c475462498b2b6671dd36cd0894b9101c0480aa7acd7b293631848d4
2026-06-04 18:28:48,"Bitcoin Up or Down - June 4, 2:25PM-2:30PM ET",0xf6e7e0c94cba17f17c011726a07b4fd334b9ff8592cbe6136bb54b3a38a20f76,Up,56.00,3.571427,,,0x549513c27f5742d5c00c9b4b4fb2a2661ce2d045ba18dc3a881bfc1b797c86c1
2026-06-04 18:28:48,"Bitcoin Up or Down - June 4, 2:25PM-2:30PM ET",0xf6e7e0c94cba17f17c011726a07b4fd334b9ff8592cbe6136bb54b3a38a20f76,Up,55.00,15,,,0x0b5975f89260f1979e3c76e3b0c0b8f2d34a256c6cd92f179e1c5ebe156af704
2026-06-04 18:28:48,"Bitcoin Up or Down - June 4, 2:25PM-2:30PM ET",0xf6e7e0c94cba17f17c011726a07b4fd334b9ff8592cbe6136bb54b3a38a20f76,Down,46.00,5.434781,,,0x6488052f0ae3c1709ff708522f6e9b961b47d7d2f52d74b63067f8aef193043b
2026-06-04 18:28:48,France vs. Côte d'Ivoire: O/U 5.5,0x898a4f6d7cd13801f6d3c3c537108d9e9ac522f58f59f17b53a627eb972b78f1,Under,90.00,166.66,,,0x6813fe757f589ba1ee9ccdc6b8e5635e3dcc931086c2a39ce958dca89d5a8834
2026-06-04 18:28:46,"Bitcoin Up or Down - June 4, 2:25PM-2:30PM ET",0xf6e7e0c94cba17f17c011726a07b4fd334b9ff8592cbe6136bb54b3a38a20f76,Up,53.00,5.72,,,0xfbe860351c45ce2fad8c0e9097d94ce81292480a4ad2be82d74680943095f3ad
2026-06-04 18:28:46,"Bitcoin Up or Down - June 4, 2:25PM-2:30PM ET",0xf6e7e0c94cba17f17c011726a07b4fd334b9ff8592cbe6136bb54b3a38a20f76,Down,46.00,30.347825,,,0x672c3bf6f7e26f03526d989aa94bffdf0734fd3eac3c07905e602d1f2eb73bf7
2026-06-04 18:28:46,"Bitcoin Up or Down - June 4, 2:25PM-2:30PM ET",0xf6e7e0c94cba17f17c011726a07b4fd334b9ff8592cbe6136bb54b3a38a20f76,Up,54.00,17.09,,,0x0457a89f74d616cd9126a053008d2501635d90cdd9360ed6d637d72baabf1d25
2026-06-04 18:28:46,"Bitcoin Up or Down - June 4, 2:25PM-2:30PM ET",0xf6e7e0c94cba17f17c011726a07b4fd334b9ff8592cbe6136bb54b3a38a20f76,Up,53.00,3,,,0xa15eb78156aacb1e7093e334f71f1ea2a00440c502f9d80c7a37a8a8af226984
2026-06-04 18:28:46,Will the Fed decrease interest rates by 50+ bps after the June 2026 meeting?,0x4e4a7df876b0c04f0b8b29b9073eddfbaf5c787192da825ae7ca1031bc8cfd15,No,99.60,75.9035,,,0xcd013bc52b2e179ad67d7cfd945203dac646c45de6c8c645ec57b8f518523870
2026-06-04 18:28:46,"Bitcoin Up or Down - June 4, 2:25PM-2:30PM ET",0xf6e7e0c94cba17f17c011726a07b4fd334b9ff8592cbe6136bb54b3a38a20f76,Up,54.00,21.11111,,,0x3ce4f47ee03adc5304db79edc82de48270611ea6b143bd8bc3bf63f660f857f9
2026-06-04 18:28:46,Will Korea Republic win on 2026-06-11?,0x7061e7ce4d7744677b6c3a7d1db0f82eb90c342104167386619d75777a6083c1,Yes,37.00,7.04,,,0x78d36e22db261a52321cbb5a958924a30bda5bd2d40f12172f7f870d5452872b
2026-06-04 18:28:46,Knicks vs. Spurs: O/U 200.5,0xd07778b1fd709f6c992b9563d510dfe089b6c78e3348639e9a7b432901c6a2a6,Over,82.00,5,,,0x6092a8c2f5b6f67cf7267f064f629b29cffc86ecb4d70c69b0e10c1d290d8475
2026-06-04 18:28:46,Will IR Iran win on 2026-06-04?,0x9abb037df729683b3e26bfd93427fd6af3bb56799baf4b6a4ac824b527eb30e8,Yes,99.00,20.63,,,0x986ce56bb1792b6b804d73aa705780a2283d045318247bcef8b4a19e2eee2e8f
2026-06-04 18:28:46,"Bitcoin Up or Down - June 4, 2:25PM-2:30PM ET",0xf6e7e0c94cba17f17c011726a07b4fd334b9ff8592cbe6136bb54b3a38a20f76,Down,46.00,0.22,,,0x5a39278b3a9b1acaed67cae6dff4513de87e7914e938ef14aff898e0dc487c0c
2026-06-04 18:28:46,Will Côte d'Ivoire win on 2026-06-04?,0x51221ee56ff6a9f1062740a8dc618af6a4363231504d176053636c39f623f959,No,94.00,106.382966,,,0x128884d5735dd433f4ddf7556c6fd08c88483da9be35fc1556f8394311f3d51c
2026-06-04 18:28:46,"Bitcoin Up or Down - June 4, 2:25PM-2:30PM ET",0xf6e7e0c94cba17f17c011726a07b4fd334b9ff8592cbe6136bb54b3a38a20f76,Up,54.00,5,,,0xed1e020d9f81cfd7b0659b1ecb319aae604b48e755549cfa2b34b4b4f09e303e
2026-06-04 18:28:46,"Ethereum Up or Down - June 4, 2:25PM-2:30PM ET",0x26442be9d9b6ec037e586102fb23739181eec19ce2f790083a7bad87b0abe5cc,Down,64.00,10,,,0x62883e6850bc16636471433a3a1e4dc4007b2d0b362f36ff07299fa17354123c
2026-06-04 18:28:46,Knicks vs. Spurs: O/U 200.5,0xd07778b1fd709f6c992b9563d510dfe089b6c78e3348639e9a7b432901c6a2a6,Under,23.40,5.3408,,,0x4e45c308ea13aa5100f885dae02fc26ba8edbfb065eb443db4e0c43d3a231fe4
2026-06-04 18:28:46,Will Moldova vs. Bulgaria end in a draw?,0x118b9fd069ab3f67926510560277a238c9ffb1af4d9a59142bb5b7ee7aad3f06,No,72.00,258.333332,,,0x2e63f9460fefac6f09f84448487356c375d0a2dd3869942ca1405f3ddca5b422
2026-06-04 18:28:46,"Ethereum Up or Down - June 4, 2:25PM-2:30PM ET",0x26442be9d9b6ec037e586102fb23739181eec19ce2f790083a7bad87b0abe5cc,Down,63.00,11.25,,,0x4a87688b7f41af85cb4f537e2b4d56ff8d2cafa155b1faf65dfecd4f119a5825
2026-06-04 18:28:46,Cleveland Guardians vs. New York Yankees,0xfdbba7f905701ebf33b6c83d38d8d39a1c40c49ea0f36d86bf0571aed682f2c6,Cleveland Guardians,54.00,8.93,,,0x46c2188ed249a57cebdb1e27d2723ff5f96cfff6dcd3b86943d464bbe9b7bba5
2026-06-04 18:28:46,Counter-Strike: AM Gaming vs ex-RUBY (BO3) - CCT Europe Series 3 Playoffs,0x551ed6ffd6643d2df6123e2f1887ff093d6454fc4d5d4af9c038637010312911,ex-RUBY,85.00,33,,,0xe8ddea2d49d84566d24331c8679e314f35515494ca16faf2a9a68bcd3aa9a372
2026-06-04 18:28:46,San Diego Padres vs. Philadelphia Phillies,0x688fc364252fa2059687177955af02b7bfd5a21778b6f8c168dd174ec422ee98,Philadelphia Phillies,93.00,1.075267,,,0x15a7f4ca1bb9ae5324af15be72b2d91dca60ea3610cdad0cde3adf05cf6c7df9
2026-06-04 18:28:46,"Ethereum Up or Down - June 4, 2:25PM-2:30PM ET",0x26442be9d9b6ec037e586102fb23739181eec19ce2f790083a7bad87b0abe5cc,Up,37.00,28.05,,,0x84292db89ba5eaccd8cca2c1aae6191085f42ff0f6e662c6323e4bf9c3969657
2026-06-04 18:28:46,"Ethereum Up or Down - June 4, 2:25PM-2:30PM ET",0x26442be9d9b6ec037e586102fb23739181eec19ce2f790083a7bad87b0abe5cc,Up,36.00,10,,,0x40f6b13a1522051f2ed9bfc78747d09c4c81e52f3b6035c4978f353f5aa78fc7
2026-06-04 18:28:46,"Will the price of Bitcoin be above $62,000 on June 5?",0x190fc95b15669ac1c463a3606ae451e576ec0b347903b064d1a4a9521327735b,Yes,82.00,16.841461,,,0xd9adaedafd2e9e164501cfad150a01ae300d9957bd7d3b6f7448e43ce6603b73
2026-06-04 18:28:46,Will Pat Murphy win the 2026 NL Manager of the Year?,0x45084fbab42a42ec5ee0aaac5a5a085223eca4c2bfcf6167a1dba3de36c08a6a,No,85.17,59,,,0x15b179bbe71f0b015afd4b6abfd4c5c0da8dfcf0af17e6c088fb685bab9c3a6d
2026-06-04 18:28:46,San Diego Padres vs. Philadelphia Phillies,0x688fc364252fa2059687177955af02b7bfd5a21778b6f8c168dd174ec422ee98,Philadelphia Phillies,93.00,21,,,0x96e6d1c77807ff40a6f1988f00c22ee55a31045fc6fc6044d444cf5d78e86e04
2026-06-04 18:28:46,Will the highest temperature in Busan be 22°C on June 5?,0xb599f5320cdc0c096dadc76a292da8047e99de5901b850b9fb9a34dcbd692aef,Yes,0.10,6.98,,,0xe602a2c630db945626bb1c17eef0da415b7eeac805d33ae94eecfeffe45f4558
2026-06-04 18:28:46,"Solana Up or Down - June 4, 2:25PM-2:30PM ET",0xaa3b1523de28d0a85a75bb16666b6690cd278f91014c089e37d8c2a240d9e0f2,Up,40.05,5.243901,,,0x989b9fea1fa0b2e3548c9ed3b7915e366a6609e6f2c573026d6fa032f919ed53
2026-06-04 18:28:46,"Bitcoin Up or Down - June 4, 2:25PM-2:30PM ET",0xf6e7e0c94cba17f17c011726a07b4fd334b9ff8592cbe6136bb54b3a38a20f76,Up,54.00,5,,,0xfe50171c810de6ceae29203d606bc8c9324483204d01a2bd56f7c7f4a744de0d
2026-06-04 18:28:46,Will the highest temperature in Sao Paulo be 23°C on June 4?,0x4444abd85657e2cf867d9783ba644cb7f0d6cb8820285dae0e60d5eaef8462fc,No,99.90,6.35,,,0x5ceabd829f9ac171ba9df325610ac394170bfec14e25eb4fc1e41adbcc55eeef
2026-06-04 18:28:46,"Bitcoin Up or Down - June 4, 2:25PM-2:30PM ET",0xf6e7e0c94cba17f17c011726a07b4fd334b9ff8592cbe6136bb54b3a38a20f76,Down,47.00,21.723403,,,0x2210c60a9df6b885a4e4a8db54b126242f449a3db0b1d50aeb43df7572947454
2026-06-04 18:28:46,"XRP Up or Down - June 4, 2:25PM-2:30PM ET",0x1dda94c24b0e85e81306fd852ef834d4205674fb324b75d33ac401ca0010161c,Up,87.00,11.505746,,,0xf086bf18382753d83c4698bea2ddae0037b24abe33d99302c51d76223db9094f
2026-06-04 18:28:45,"Bitcoin Up or Down - June 4, 2:25PM-2:30PM ET",0xf6e7e0c94cba17f17c011726a07b4fd334b9ff8592cbe6136bb54b3a38a20f76,Up,53.00,3.92,,,0x519468d11873130c4a6ac54746775081fdb363b592c9f76cf8349351e4286b97
2026-06-04 18:28:45,Will the highest temperature in Sao Paulo be 22°C on June 4?,0xc90dc51102af15d0bb518aa894b15728f1cc38e6625527b24183e26592d639bf,No,97.10,6.35,,,0x2ac0bd791f0c5fefb38bb5199d2df1453572bfde4c34d79a9b7cbe16b04c16a2
2026-06-04 18:28:45,Will the highest temperature in Sao Paulo be 21°C on June 4?,0x692f74fd864ed4ab53fd026acf6b1f734f6e5c099578356deed1386f8d95fe5e,Yes,97.40,11.344961,,,0x8d9b2d70e1d5203112b452635501905ee5179baef163f3347f7ae3dd6c991cb2
2026-06-04 18:28:45,Will Sweden vs. Greece end in a draw?,0x30e2d0da24ebb970cf6ce4245402b03745692cfd1721d57f7c9b957899634b9e,Yes,52.00,19,,,0xcb7070133d31d5cf83ca8b6a4a15905af35eac472560e720a61c0708d557bc76
2026-06-04 18:28:45,"Bitcoin Up or Down - June 4, 2:25PM-2:30PM ET",0xf6e7e0c94cba17f17c011726a07b4fd334b9ff8592cbe6136bb54b3a38a20f76,Down,47.00,2.234041,,,0x6be4708d2c52bdca0a3dfa6107ef2df1652c810a52088b60a095742daa7b8364
2026-06-04 18:28:45,Counter-Strike: M80 vs NRG (BO3) - IEM Cologne Major Stage 1,0xca57b20c69fc5219ae2e4c2d747689ebdcea7702558b86d99d25ae958908262f,M80,72.22,2021.520407,,,0xcabcb9c47bc8ce27aade8ea175ca89c777f3f8f669fdb847133fd0684f066d13
2026-06-04 18:28:45,Will Greece win on 2026-06-04?,0x7050a08e992792746d9198f03136ac5b9f1010547a6c77195841f9eace5c8719,Yes,18.00,27.777776,,,0x90674cb8beee28b307595b2a202d0bb5650c5ac0e6d969490c1d8eb893164a01
2026-06-04 18:28:45,Will Greece win on 2026-06-04?,0x7050a08e992792746d9198f03136ac5b9f1010547a6c77195841f9eace5c8719,No,83.00,24,,,0xf4ad78272e25fe36493a519c8d20e733897b90b2a1cc49704ea975d015151f23
2026-06-04 18:28:45,Spread: Spain (-1.5),0x7b5afd959f7f7427e7f646d0a52170063534b9309d51e4945c856a4705e62d8b,Iraq,23.00,5,,,0x8210f3a9c6cdadf94e78fcf9804c875fd3d40beaff17ecbf72f1d11d2f0ffc60
2026-06-04 18:28:45,"Bitcoin Up or Down - June 4, 2:25PM-2:30PM ET",0xf6e7e0c94cba17f17c011726a07b4fd334b9ff8592cbe6136bb54b3a38a20f76,Down,47.00,2.659573,,,0x70cd6a2d8ccf3a66a13df92b02029388073af20136ed832c3fda6b7097b85485
2026-06-04 18:28:45,"Ethereum Up or Down - June 4, 2:25PM-2:30PM ET",0x26442be9d9b6ec037e586102fb23739181eec19ce2f790083a7bad87b0abe5cc,Down,66.00,17.93,,,0x54c795190e73bd399092d1356bc4567cacd96237c04d43e7ccdc6027606ce0ae
2026-06-04 18:28:45,"Bitcoin Up or Down - June 4, 2:30PM-2:35PM ET",0x51dcfba27586c391de127ab5a8e9baa4680d301a39f09db459e9b05f49102973,Up,51.00,5,,,0x25210ade0acfa2d52ea0ce03c737407bc88ab10ec49bec0117aca2c1933e43fe
2026-06-04 18:28:45,Will the highest temperature in Chicago be between 64-65°F on June 5?,0x8409572a05cff1913b8cc851ae00f83094b76ae587963eedf63ff754f4e37db9,Yes,0.10,10,,,0xd106b1621e4faae7bd5d2e0e31eedf40557d6515f8348f7062704a27e320487c
2026-06-04 18:28:45,"Bitcoin Up or Down - June 4, 2:25PM-2:30PM ET",0xf6e7e0c94cba17f17c011726a07b4fd334b9ff8592cbe6136bb54b3a38a20f76,Up,54.00,20.45,,,0x22adfcd33e6e171ea2aca36bf83d9de8e3b5df724d9fcd118a3e692bd4d2bcda
2026-06-04 18:28:45,"Bitcoin Up or Down - June 4, 2:25PM-2:30PM ET",0xf6e7e0c94cba17f17c011726a07b4fd334b9ff8592cbe6136bb54b3a38a20f76,Up,53.31,20,,,0x43c1a69a0970cf8fd7b787e9a8833d5d539c92df1de6fbd549fd8f697fe1a5e8
2026-06-04 18:28:45,"Bitcoin Up or Down - June 4, 2:25PM-2:30PM ET",0xf6e7e0c94cba17f17c011726a07b4fd334b9ff8592cbe6136bb54b3a38a20f76,Up,53.00,13.245282,,,0x036a38ebc92ba285cf3f8f1e119401d720ab082e087036b0e284497539323139
2026-06-04 18:28:45,"XRP Up or Down - June 4, 2:25PM-2:30PM ET",0x1dda94c24b0e85e81306fd852ef834d4205674fb324b75d33ac401ca0010161c,Down,17.00,5.76,,,0x52e2e58fd6382f6a0427c9eb561116399640bfa4434cd8c5985b00098cb733c1
2026-06-04 18:28:45,"Will the price of Bitcoin be above $62,000 on June 5?",0x190fc95b15669ac1c463a3606ae451e576ec0b347903b064d1a4a9521327735b,Yes,79.86,35,,,0x180018d502888da48f7600868591b8404e89074ef6d0a999348a1ea85085a860
2026-06-04 18:28:45,Sweden vs. Greece: O/U 4.5,0xfee8041473ee7d1b067ea757b3e7b0a24f4f430ec3d2ce2d0315ed62e6ec81ab,Under,96.00,17,,,0x0d1f1cdf1e119b0405c9061c4a43c9cf38530589621511f495805c7f32f00bf8
2026-06-04 18:28:45,"Will Bitcoin dip to $55,000 in June?",0xadebd6bbf401c9509dd2e78b65a16b567f1f386dccd8cac86cd389bb53ec3a58,No,75.30,132.808761,,,0x94cd52ff19941963277849e5abd9272554930e8b20752ea991bbcb856e77c3d0
2026-06-04 18:28:45,"Bitcoin Up or Down - June 4, 2:25PM-2:30PM ET",0xf6e7e0c94cba17f17c011726a07b4fd334b9ff8592cbe6136bb54b3a38a20f76,Up,49.00,20,,,0xf66e1470fd5352553fbf36558dac4c4021584f174c8463ea634b6b9d023beec7
2026-06-04 18:28:45,"Bitcoin Up or Down - June 4, 2:25PM-2:30PM ET",0xf6e7e0c94cba17f17c011726a07b4fd334b9ff8592cbe6136bb54b3a38a20f76,Up,49.84,32,,,0x30c322d9e28a7be0effd8fb6e9b71aacf0eacfaf85c9a71dbad614a754db91ff
2026-06-04 18:28:45,"Bitcoin Up or Down - June 4, 2:25PM-2:30PM ET",0xf6e7e0c94cba17f17c011726a07b4fd334b9ff8592cbe6136bb54b3a38a20f76,Up,53.00,4.71698,,,0x1ef527e5b04931c10e48c02b05d0e971459abdd7db5eda7cde9f339eda647005
2026-06-04 18:28:45,Will Morocco win the 2026 FIFA World Cup?,0x37a6de1b21803e5f3fb1965116218215d79963af4f7e51659696366267a63a03,Yes,1.60,625,,,0xb4f5539d5e53fa79c081c548875bfdfab8e899dfa41edc38abd7ac19e824e323
2026-06-04 18:28:45,"Ethereum Up or Down - June 4, 2:25PM-2:30PM ET",0x26442be9d9b6ec037e586102fb23739181eec19ce2f790083a7bad87b0abe5cc,Down,67.00,2.985072,,,0x8c40abc29c2ff24bc6138b5d94312b9e91fedbc613a781ebdc6806f02062b210
2026-06-04 18:28:45,Will Dune: Messiah be the top grossing movie of 2026?,0x9c47ba9e666983bd8d82bfab790509153bf7756c43913f6ef269e33c8955939c,No,99.10,0.25,,,0xee09ce77fe3e4d4a3a1b34ff6ca8440bb66931be138800d4f835b4b0f15dd4ac
2026-06-04 18:28:45,"Bitcoin Up or Down - June 4, 2:25PM-2:30PM ET",0xf6e7e0c94cba17f17c011726a07b4fd334b9ff8592cbe6136bb54b3a38a20f76,Up,53.00,13.245282,,,0xb55c5ba1c3e79a234ee36be9e7e270c3000f15034528426410ad67e3763cc342
2026-06-04 18:28:45,"Bitcoin Up or Down - June 4, 2:25PM-2:30PM ET",0xf6e7e0c94cba17f17c011726a07b4fd334b9ff8592cbe6136bb54b3a38a20f76,Up,52.00,40,,,0x7c4ab1cb88deef634393e62d038f0259ec47769d4792aaecb5fd32c155e8f9ca
2026-06-04 18:28:43,"Bitcoin Up or Down - June 4, 2:25PM-2:30PM ET",0xf6e7e0c94cba17f17c011726a07b4fd334b9ff8592cbe6136bb54b3a38a20f76,Up,53.10,20,,,0xfb12a96b8ce9a39139bd87e752fd8bff1a2c3459e94db85a72471973744a0064
2026-06-04 18:28:43,"Bitcoin Up or Down - June 4, 2:25PM-2:30PM ET",0xf6e7e0c94cba17f17c011726a07b4fd334b9ff8592cbe6136bb54b3a38a20f76,Up,49.00,5,,,0x2b8ae8aa3d20df4deea708640865821dd0583d24f7a286b916803a86404c8753
2026-06-04 18:28:43,"Bitcoin Up or Down - June 4, 2:25PM-2:30PM ET",0xf6e7e0c94cba17f17c011726a07b4fd334b9ff8592cbe6136bb54b3a38a20f76,Up,53.00,17.339621,,,0x4f33fbd705f112e855d93c19aba51290c9e7bb99bfe52085426420d07d9a8bcd
2026-06-04 18:28:43,"Ethereum Up or Down - June 4, 2:25PM-2:30PM ET",0x26442be9d9b6ec037e586102fb23739181eec19ce2f790083a7bad87b0abe5cc,Up,33.61,16.63294,,,0xbbba5864a4d1e059bf8cdfd4c4f9488de19ed097a7b2978a20b6ab44c4cd5004
2026-06-04 18:28:43,"Bitcoin Up or Down - June 4, 2:25PM-2:30PM ET",0xf6e7e0c94cba17f17c011726a07b4fd334b9ff8592cbe6136bb54b3a38a20f76,Down,48.00,4.166665,,,0xf8b9adef0953bf857f2406b9a2b771d2a810015fc24a2e1ecdeadc1c55efd800
2026-06-04 18:28:43,"Ethereum Up or Down - June 4, 2:25PM-2:30PM ET",0x26442be9d9b6ec037e586102fb23739181eec19ce2f790083a7bad87b0abe5cc,Up,33.00,10.272726,,,0xac0baeaba38f2deda87bbac67b5f33b6b46046f6dcbf5f2ed29f67292bcbf662
2026-06-04 18:28:43,"Bitcoin Up or Down - June 4, 2:25PM-2:30PM ET",0xf6e7e0c94cba17f17c011726a07b4fd334b9ff8592cbe6136bb54b3a38a20f76,Up,52.86,28.397923,,,0xc7d2c3782175e48e79210c90c4d760e8b04baa1fa4da442b74848e17768fff62
2026-06-04 18:28:43,"Bitcoin Up or Down - June 4, 2:25PM-2:30PM ET",0xf6e7e0c94cba17f17c011726a07b4fd334b9ff8592cbe6136bb54b3a38a20f76,Up,46.00,20,,,0x7b071188daf2c7f397eb185cea3a8973aa1a0bf1e7f8041ffd7d592e9d70613b
2026-06-04 18:28:43,"Bitcoin Up or Down - June 4, 2:25PM-2:30PM ET",0xf6e7e0c94cba17f17c011726a07b4fd334b9ff8592cbe6136bb54b3a38a20f76,Up,46.00,20,,,0xe795eac8f360206db779a808e299e193beeb260d009f468fe9f229924180aa62
2026-06-04 18:28:43,"Bitcoin Up or Down - June 4, 2:25PM-2:30PM ET",0xf6e7e0c94cba17f17c011726a07b4fd334b9ff8592cbe6136bb54b3a38a20f76,Up,46.00,48.695651,,,0x89e760524919e0206f195328c9959aa9ce1fc9d6b348a039780387fba0fb9b17
2026-06-04 18:28:43,"Bitcoin Up or Down - June 4, 2:25PM-2:30PM ET",0xf6e7e0c94cba17f17c011726a07b4fd334b9ff8592cbe6136bb54b3a38a20f76,Down,52.00,192.307691,,,0x68e6683f294e869121459b1b6f1dac69fb4bb9eef8de6c284db0d7b4a1351ef2
2026-06-04 18:28:43,"Bitcoin Up or Down - June 4, 2:25PM-2:30PM ET",0xf6e7e0c94cba17f17c011726a07b4fd334b9ff8592cbe6136bb54b3a38a20f76,Up,47.00,20,,,0x4ebe02a75e8037cb307f91b3ea54db7227ea9e226740137d9d7b41f9e4b3ba05
2026-06-04 18:28:43,San Diego Padres vs. Philadelphia Phillies: O/U 8.5,0xefd217eaff72714e4190407afb8d47b624f182a668c5c194da9a875f4617b2fc,Over,14.00,0.27,,,0x450be7b188a1fd76ab2dd82297fb57ab906443b781d5a34381a549bfcd0b7830
2026-06-04 18:28:43,Will Trump praise Delcy Rodriguez by June 30?,0x2e627b039e20420b37405299bcc5fcf1609380ac8479ba067196069d754dc651,No,64.00,20,,,0x33f377fba7205758d57c806345941688b7c28baf836b66f18c1e1b6143128930
2026-06-04 18:28:43,"Ethereum Up or Down - June 4, 2:25PM-2:30PM ET",0x26442be9d9b6ec037e586102fb23739181eec19ce2f790083a7bad87b0abe5cc,Up,25.00,12.44,,,0x36cab85b23cf0eae3a60c2f44ad9a1216042006ea525eb9558dcb942b6773407
2026-06-04 18:28:43,LoL: ⁠Movistar KOI Fénix vs UCAM Esports Club (BO5) - LES Playoffs,0x19e5fe2c444f9a696482c66e66485c5b6c373e7a9a8bf6baa368c9ff3aa0dbba,⁠Movistar KOI Fénix,16.00,6.25,,,0x57dc1350241503f7469092669bd4d8dea9bd33640df6370afbc6f271c97e04fa
2026-06-04 18:28:43,Will the highest temperature in San Francisco be between 64-65°F on June 4?,0x2590e4d7afdcd54b1a44ead2465f46ccd1c913918e36fe02271c41ee13a90635,Yes,0.10,0.02,,,0x84a20fc1d4350e70d0682573ffd2128e4cb727a4fd2cd9d57bf8cafdf5b50261
2026-06-04 18:28:43,"Bitcoin Up or Down - June 4, 2:25PM-2:30PM ET",0xf6e7e0c94cba17f17c011726a07b4fd334b9ff8592cbe6136bb54b3a38a20f76,Up,46.00,13.565216,,,0x7b5a6c6785cc2db65441b694c18adf7b650770b3932d5b5e2ab131cacca4ac12
2026-06-04 18:28:43,"Bitcoin Up or Down - June 4, 2:25PM-2:30PM ET",0xf6e7e0c94cba17f17c011726a07b4fd334b9ff8592cbe6136bb54b3a38a20f76,Up,46.00,6.25,,,0xfd6e62941e87069511554e78a7e25208b843336daca64928ea21a69e59283ead
2026-06-04 18:28:43,Spread: France (-1.5),0xa4e1f70294b21bafc33c618ba691b87617e03902a4bf391099c609db06ac5b87,France,59.00,169.491524,,,0x3444af5d36b3869f203479b7a6d9236af75287a54cf2633de2fa25147774acf8
2026-06-04 18:28:43,"Solana Up or Down - June 4, 2:25PM-2:30PM ET",0xaa3b1523de28d0a85a75bb16666b6690cd278f91014c089e37d8c2a240d9e0f2,Up,30.00,5,,,0x53efde2b5ec86960a67ebaf2fe7c92a60388862f55af8d2991cb0566ecc5fe50
2026-06-04 18:28:43,"Bitcoin Up or Down - June 4, 2:25PM-2:30PM ET",0xf6e7e0c94cba17f17c011726a07b4fd334b9ff8592cbe6136bb54b3a38a20f76,Up,46.00,20,,,0x1c09d15eb61550fa63184d18c2ffda7061db8d18d1f22aec8765bf2ae100dd3d
2026-06-04 18:28:43,Will the Fed decrease interest rates by 50+ bps after the June 2026 meeting?,0x4e4a7df876b0c04f0b8b29b9073eddfbaf5c787192da825ae7ca1031bc8cfd15,No,99.50,76.05,,,0x038570df18491c0a72766a6c3eabbacae28dd876b1e6af82b620d61c369e1f56
2026-06-04 18:28:43,France vs. Côte d'Ivoire: Both Teams to Score,0xa818d09a818e40f197c9534b4f986c2693d8d096fe3eb94b3106dd72f55a5c74,Yes,46.00,2.608694,,,0x6b68bf612026fc9be20154005a4b40a45a77d6e3a2e765b96bcaefea7f42bdfc
2026-06-04 18:28:43,"Bitcoin Up or Down - June 4, 2:25PM-2:30PM ET",0xf6e7e0c94cba17f17c011726a07b4fd334b9ff8592cbe6136bb54b3a38a20f76,Up,46.00,5,,,0x18bc7a9249fb43e427f64dba2792a143e377d100bacdcc7e5a4b2cb09a721196
2026-06-04 18:28:43,Will the highest temperature in Miami be 73°F or below on June 5?,0x3bb17a58b98a7e053a0dda265f5bca731e8060fc55cb8f52a5654643f39dd484,Yes,0.10,2.75,,,0x8bdb1d005a52463518f598abc004b34acdfbeccc4ecfa7635c25ac0572ee3c91
2026-06-04 18:28:43,Andorra vs. Liechtenstein: O/U 0.5,0x44c69ccab540f0eb29bf1a49ad46018e4cd6e91f6b80bbae12b27886e221ad2f,Under,54.00,8,,,0x8ef23f13994e7849f4068b753df94d95b1de811a9c5486ff3758e61d3f0ad281
2026-06-04 18:28:43,LoL: ⁠Movistar KOI Fénix vs UCAM Esports Club (BO5) - LES Playoffs,0x19e5fe2c444f9a696482c66e66485c5b6c373e7a9a8bf6baa368c9ff3aa0dbba,⁠Movistar KOI Fénix,16.00,6.25,,,0x8c02eca64182ffebeb015b6601c55270c8725bf94fa39e348816a24a7f046a80
2026-06-04 18:28:43,"Bitcoin Up or Down - June 4, 2:25PM-2:30PM ET",0xf6e7e0c94cba17f17c011726a07b4fd334b9ff8592cbe6136bb54b3a38a20f76,Down,54.00,2.27,,,0x412339f048cd54b4b280727de2aee1c9433ed4a375558691a8786f29d623a0a7
2026-06-04 18:28:43,"Bitcoin Up or Down - June 4, 2:25PM-2:30PM ET",0xf6e7e0c94cba17f17c011726a07b4fd334b9ff8592cbe6136bb54b3a38a20f76,Up,45.00,19.6,,,0xa5b1338794c292eded5d6fe815a86f69cf81be1bf2b8b736bdc9ee20d722d1a6
2026-06-04 18:28:43,"Bitcoin Up or Down - June 4, 2:25PM-2:30PM ET",0xf6e7e0c94cba17f17c011726a07b4fd334b9ff8592cbe6136bb54b3a38a20f76,Up,45.08,19.565216,,,0xf227b52c02fa830d3aee0da407dc7865456bc8eee45b150445f91b95a6f0995c
2026-06-04 18:28:43,Will the San Antonio Spurs win the 2026 NBA Finals?,0xb6b3d7a2037b3faa7e1306d741840d453432902d73cc9a146a035e40271eae73,Yes,46.60,21.459226,,,0x5f20bad0db87c2057d30709f53ca89b1d100e3907a38c4864b6ecdb57110243e
2026-06-04 18:28:43,"Bitcoin Up or Down - June 4, 2:25PM-2:30PM ET",0xf6e7e0c94cba17f17c011726a07b4fd334b9ff8592cbe6136bb54b3a38a20f76,Up,46.00,2.173912,,,0x5733005e69a88b192ca2e337273b4dedeaa27d4cd3dbbbd15487732d80dc02ff
2026-06-04 18:28:42,"Bitcoin Up or Down - June 4, 2:25PM-2:30PM ET",0xf6e7e0c94cba17f17c011726a07b4fd334b9ff8592cbe6136bb54b3a38a20f76,Up,46.00,19.173912,,,0xa9639f9f624629b55ea86b725a565126e16a012468e88724af23dd01f2f87b3d
2026-06-04 18:28:42,"Bitcoin Up or Down - June 4, 2:25PM-2:30PM ET",0xf6e7e0c94cba17f17c011726a07b4fd334b9ff8592cbe6136bb54b3a38a20f76,Up,45.00,2.4,,,0x1c4e1c8f1f61ff767920ae1210b22920e3e285a8ddb6e498d3619e60fba2caa1
2026-06-04 18:28:42,Will the highest temperature in Los Angeles be 55°F or below on June 5?,0x59cf9701f9af1a2efe2b71d922d584adc02782a6ba820836866621b99ed71363,Yes,0.10,3.57,,,0xa80cbc6cd8924f180d669e9a907cb4f43fef0a171137487e659aea335f4e35f3
2026-06-04 18:28:42,Makarska: Elina Avanesyan vs Dominika Salkova,0xd3c6d40aff15bad564a6421cd9011c149c488b657863e373ae23f70a9fc4c1a0,Dominika Salkova,12.00,10.13,,,0x4316515501e7b2dea3857e856639417b9ebc390c983abe8116dea8762e6c4eb1
2026-06-04 18:28:42,France vs. Côte d'Ivoire: O/U 4.5,0x92fce28d79155d4ea6d8664c469aa47cfae29cdcd48d8a9811970938808ebd37,Over,23.00,4,,,0x1ea583b95a18fe2d337b22cec1429caf25e8eaedee973a468003b6629398911c
2026-06-04 18:28:42,"Will the price of Bitcoin be above $68,000 on June 5?",0x5d8feab6615a6690fa33a617c4e31eab9d77759e030484ae02b1fc18004cc9b2,Yes,1.70,88.09,,,0xe7f76c24b4dc853bf24e9142e9de083e9aa938fd7874b34b3d13a59e962230d4
2026-06-04 18:28:42,Counter-Strike: M80 vs NRG (BO3) - IEM Cologne Major Stage 1,0xca57b20c69fc5219ae2e4c2d747689ebdcea7702558b86d99d25ae958908262f,M80,70.00,5,,,0x4dab37f95dc5c166f7984cfb290999d5026880ebd34b5b0b8a4f6eaa6b5aa895
2026-06-04 18:28:42,"Bitcoin Up or Down - June 4, 2:25PM-2:30PM ET",0xf6e7e0c94cba17f17c011726a07b4fd334b9ff8592cbe6136bb54b3a38a20f76,Up,45.00,30,,,0xbe50f49ad589089bf09a6a4def9d90def754f2963a2f08d013e5983a2eb01c06
2026-06-04 18:28:42,"Bitcoin Up or Down - June 4, 2:25PM-2:30PM ET",0xf6e7e0c94cba17f17c011726a07b4fd334b9ff8592cbe6136bb54b3a38a20f76,Up,44.00,10.31,,,0x4e754881388b595359f085fa798f6ca540c387a3fa8b9cceff239e9536aa6e0d
2026-06-04 18:28:42,Will MrBeast win the 2028 Democratic presidential nomination?,0xc44edcfdedb422bae8ff1803e2178d1ee025fc41efd81400ccbede709e018841,No,99.20,2.67,,,0x4330659a381635fc4ac2811f90fe9d355fc77890923fef6c451a80e84a14e1e2
2026-06-04 18:28:42,Perugia: Andrea Pellegrino vs Roberto Carballes Baena,0x280f8e4b00877ddf567c6f95604ccefd5d08c171bffe80d71b0c0eb839e3b177,Andrea Pellegrino,63.00,5,,,0xe22a6becba0d23c98f0ddb3731f399393b71a4ae08868dfbd99601bb42f43abe
2026-06-04 18:28:42,"Bitcoin Up or Down - June 4, 2:25PM-2:30PM ET",0xf6e7e0c94cba17f17c011726a07b4fd334b9ff8592cbe6136bb54b3a38a20f76,Up,45.00,2.222221,,,0x5f13c51acdef8a75729022a16ec7db0a2b7ec436d6d860c9f9eabccb68eecbdd
2026-06-04 18:28:42,"Ethereum Up or Down - June 4, 2:25PM-2:30PM ET",0x26442be9d9b6ec037e586102fb23739181eec19ce2f790083a7bad87b0abe5cc,Down,75.00,22.026664,,,0x936197c25983c51c7129a9ab9069db7ce2aa0142bf96643ba5a2febd972067ed
2026-06-04 18:28:42,"Bitcoin Up or Down - June 4, 2:25PM-2:30PM ET",0xf6e7e0c94cba17f17c011726a07b4fd334b9ff8592cbe6136bb54b3a38a20f76,Down,56.00,5,,,0x3e5b3a7c3e78b994fe2265ab9dd6397eb7c41dbb9f9eea4ba572495ebab88d37
2026-06-04 18:28:42,Will Natus Vincere win IEM Cologne Major 2026?,0x810aabb183a1df47b151a7e6918bf7603c19889055a75d8eddf42f188c876a28,Yes,8.60,151.162789,,,0x6a62b45f2cd0ef39cbb857a7edf2f85ccb3029d1bdeac42435434691e312a276
2026-06-04 18:28:42,"Bitcoin Up or Down - June 4, 2:25PM-2:30PM ET",0xf6e7e0c94cba17f17c011726a07b4fd334b9ff8592cbe6136bb54b3a38a20f76,Up,45.00,18.75,,,0x2fd641a8e902267b5dae9fc5dc5506bc8bcae7e87a47087dbdad6da8df5562ad
2026-06-04 18:28:42,Dota 2: LGD Gaming vs Team Yandex (BO3) - BLAST Slam Playoffs,0x7032482ab3b53548109cdadcf50c09a1c5ce387dd1e1743d7778963530c7f8f3,Team Yandex,85.00,35.294116,,,0x6e0cec025a566930d964e4c151ed8fc5348f85b98c3ad54e3ad56df208cb7e81
2026-06-04 18:28:42,Will Slovenia vs. Cyprus end in a draw?,0xbcf5fcd8dee683592995977a35f5d46f30bdeb0f46ed306386956c054cee52a0,Yes,99.90,119.04,,,0x39d66b2d47008c080b83d3650645063b45820227713f4c8db66a4ce708add084
2026-06-04 18:28:42,"Bitcoin Up or Down - June 4, 2:25PM-2:30PM ET",0xf6e7e0c94cba17f17c011726a07b4fd334b9ff8592cbe6136bb54b3a38a20f76,Up,45.00,2.222221,,,0xacc4e6d90a80b8c1d4722503f9182988dd89b6140810233f1feb467d2d53d20c
2026-06-04 18:28:42,"Bitcoin Up or Down - June 4, 2:25PM-2:30PM ET",0xf6e7e0c94cba17f17c011726a07b4fd334b9ff8592cbe6136bb54b3a38a20f76,Down,56.00,8.910713,,,0x4287f03ba344f52427740d95d5a9cda3a5dcfc512c3dd35d107703de43effdcd
2026-06-04 18:28:42,"Bitcoin Up or Down - June 4, 2:25PM-2:30PM ET",0xf6e7e0c94cba17f17c011726a07b4fd334b9ff8592cbe6136bb54b3a38a20f76,Up,44.00,5,,,0x1ef3013b4a0bf08ce3473c51a49b7bd16b0d4d2ee90c599cef7c7cc2542dd9ce
2026-06-04 18:28:42,"Ethereum Up or Down - June 4, 2:25PM-2:30PM ET",0x26442be9d9b6ec037e586102fb23739181eec19ce2f790083a7bad87b0abe5cc,Up,26.00,6,,,0x4e2218c38a8adf4a3b4b5eccd98aec6aae29e2784c06628afcbf36df22c2eb4f
2026-06-04 18:28:42,Knicks vs. Spurs,0x17e2f3347e34d8a13572baf10c9b4eb3291217868a0fb84b37f36c80f8e2105a,Spurs,67.00,81.283581,,,0xc68b56ddc53d7bf706b875338b04e54b39b7d7bad003ffb710822ff0052276c7
2026-06-04 18:28:42,"Bitcoin Up or Down - June 4, 2:25PM-2:30PM ET",0xf6e7e0c94cba17f17c011726a07b4fd334b9ff8592cbe6136bb54b3a38a20f76,Up,44.00,1.6,,,0xa75b89fb33db641b64aa42f35a561fbf7cbd6288805de54dcab69e804e991cac
2026-06-04 18:28:42,Toronto Blue Jays vs. Atlanta Braves,0x858b6b7d5f98af62410cde957e24a5439b9c0711b7afba878220e1e616cfb3a6,Atlanta Braves,70.00,28.571426,,,0x14a305b5281af61e5e5e7077c70958fe0b2b6f5d85596795309aee82fbdcd0ca
2026-06-04 18:28:42,"Will Bitcoin dip to $61,000 on June 4?",0xef86fb1f9164f2419ba1fded8e1a647804b0c4122f9738343eab47a5c5f58ec9,Yes,5.20,104.5,,,0x3e9e614dbe779744b947516509021a31b568be65f0b68390ad1e320fdc7781c7
2026-06-04 18:28:42,Counter-Strike: M80 vs NRG (BO3) - IEM Cologne Major Stage 1,0xca57b20c69fc5219ae2e4c2d747689ebdcea7702558b86d99d25ae958908262f,M80,70.00,31,,,0x51061057cc1b9fe9c089252be473145da846e1941db22c19b75d01dc0b862bde
2026-06-04 18:30:40,"XRP Up or Down - June 4, 2:30PM-2:35PM ET",0xc5313621721be12687f36dc6855de28a6e4ff03d38c5e6a4b8d7dd0904b5ff2e,Down,27.00,8.407406,,,0x4b1a9e51c611e6c5860f472ae5938b23fd833a0cf14285df8c0afd01c865112e
2026-06-04 18:30:40,"Bitcoin Up or Down - June 4, 2:30PM-2:35PM ET",0x51dcfba27586c391de127ab5a8e9baa4680d301a39f09db459e9b05f49102973,Up,71.21,54,,,0x5401f35374ab3238712d0fd6e2c6e6a3d49ba2ccc28b56dce5f41aaeb8d83ed4
2026-06-04 18:30:40,"Will the price of Ethereum be between $1,800 and $1,900 on June 5?",0x27f67230e358460771787f9201c74c7c7a36b65934236a2af7344bdf10edb6f7,Yes,32.60,100,,,0x1acbd7f66e9ce5f2fa1f2b75ae06ef49610e39b42d30db3a61935aaa3490d89a
2026-06-04 18:30:40,"Bitcoin Up or Down - June 4, 2:30PM-2:35PM ET",0x51dcfba27586c391de127ab5a8e9baa4680d301a39f09db459e9b05f49102973,Up,72.00,1.388885,,,0x53144b984f2339a2f40f84d21c498aa75fd16a0c1c8d9570a7d00f987d68a9ec
2026-06-04 18:30:40,"Ethereum Up or Down - June 4, 2:30PM-2:35PM ET",0x86ef98a9e5ca2ea5dc2e9053559b1221ff292d54ba6752bf6e3a5c5b5f426eef,Down,31.00,19.354837,,,0xbb66315a3b60b708196d4d122c8bd44d3c7c2456fd61d127b6cedbf55cecce02
2026-06-04 18:30:40,"Bitcoin Up or Down - June 4, 2:30PM-2:35PM ET",0x51dcfba27586c391de127ab5a8e9baa4680d301a39f09db459e9b05f49102973,Up,72.00,6.875,,,0x5d561e1713cc8d34f7c9760d5151d7aaee66643fa049fcd5f92cd7fd095dc292
2026-06-04 18:30:40,"Bitcoin Up or Down - June 4, 2:30PM-2:35PM ET",0x51dcfba27586c391de127ab5a8e9baa4680d301a39f09db459e9b05f49102973,Up,71.00,1.408448,,,0x3a876a2f595df9f02e342f6926a34dbfb11613eaa8ffcbdab2b51f61e899883f
2026-06-04 18:30:40,Will Mexico vs. Serbia end in a draw?,0x1c0c7cae424ce6ffbf9182c44f4d02ceb0de4610bc864a956e790ca1aafee644,Yes,17.00,30,,,0xbf8455d05a0590ad5f490927d40256ce729c7c27d8d50aa3246147dab68284a5
2026-06-04 18:30:40,"XRP Up or Down - June 4, 2:30PM-2:35PM ET",0xc5313621721be12687f36dc6855de28a6e4ff03d38c5e6a4b8d7dd0904b5ff2e,Down,27.00,7.592591,,,0xb08358d0b22b09d3b6f8b5308da65793140048007f04a712a334869de0fbf98c
2026-06-04 18:30:40,"Bitcoin Up or Down - June 4, 2:30PM-2:35PM ET",0x51dcfba27586c391de127ab5a8e9baa4680d301a39f09db459e9b05f49102973,Up,72.00,2.777775,,,0x7278fd03ea764a5ddd9737457d44a3569f36e5fa6149ff4b55e9e1b7b553975f
2026-06-04 18:30:40,"Bitcoin Up or Down - June 4, 2:30PM-2:35PM ET",0x51dcfba27586c391de127ab5a8e9baa4680d301a39f09db459e9b05f49102973,Down,32.00,5.9375,,,0x5b7a7f4c875db2b09a10db5032380ee14b65410284da5a682f2e7fae4a052665
2026-06-04 18:30:40,"XRP Up or Down - June 4, 2:30PM-2:45PM ET",0xe15914db46c5709be331549193e61701d2c15fc90d46f490cb3bcb1d62bcff37,Down,42.00,3,,,0x18c48f10e8dce2bfd51dc3468224ed3ff27de0766cf2fa83c69b88e88d302390
2026-06-04 18:30:40,"Bitcoin Up or Down - June 4, 2:30PM-2:45PM ET",0x061b207481cf9dc7bad7c8bd43dc5ab08279152de197ef0c762d58cebb490386,Up,65.00,0.43,,,0xb56128704f089dc2f3adc7cdac9c45f3991064b5f4d6e4b8ab4d76475688a6ce
2026-06-04 18:30:40,Bitcoin Up or Down on June 5?,0xe5841b2972dc200d23ede725279fabe137837f305d2912991cf3735a105c1001,Down,47.00,13.297871,,,0xf47ea0cabcbc487e48bbfd9c9a0ae795af4aa3a9dd9f2463bf71de3bcbacf8de
2026-06-04 18:30:40,"Bitcoin Up or Down - June 4, 12:00PM-4:00PM ET",0xc4796e2a8784f59a76936173a8e924a2cecc527eb851fcc5abe7d65813c5f3e9,Up,58.63,10.233332,,,0x5afde9ae76a8a4f171fdacb73e9435fc9aa7b6c1f086e8b557a16b73cf1424a2
2026-06-04 18:30:39,"Bitcoin Up or Down - June 4, 2:30PM-2:45PM ET",0x061b207481cf9dc7bad7c8bd43dc5ab08279152de197ef0c762d58cebb490386,Up,62.43,8.809521,,,0xd01a55730dc26a025b578cd6722f769c0937b2c0d34550266c51f41fcefe956d
2026-06-04 18:30:39,"Bitcoin Up or Down - June 4, 2:30PM-2:45PM ET",0x061b207481cf9dc7bad7c8bd43dc5ab08279152de197ef0c762d58cebb490386,Up,63.00,1.5873,,,0xb66e951368b51f5381914428b0186e482b90f724840cdfe555f3ab5d250339bc
2026-06-04 18:30:39,"Bitcoin Up or Down - June 4, 2:30PM-2:35PM ET",0x51dcfba27586c391de127ab5a8e9baa4680d301a39f09db459e9b05f49102973,Down,35.00,22.32,,,0x66581173eedfcb618cab61f95f59390a70e1023760bd0b72da1015051bf616fe
2026-06-04 18:30:39,"XRP Up or Down - June 4, 2:30PM-2:35PM ET",0xc5313621721be12687f36dc6855de28a6e4ff03d38c5e6a4b8d7dd0904b5ff2e,Up,77.00,5.194804,,,0xccdd842a19c8e9d22292f18c40abb3496db14155cb4c5336f8b421c37703de79
2026-06-04 18:30:39,Barcelona vs. CB Murcia,0x119414c31aaca933a8dce2b0f7893351a145e01858226c16fe01a94326427a3e,Barcelona,41.62,13,,,0x41c9de429544ea0eee13b8062ca02650b04abab17737a74a506106b717d54d78
2026-06-04 18:30:39,"Ethereum Up or Down - June 4, 2:30PM-2:35PM ET",0x86ef98a9e5ca2ea5dc2e9053559b1221ff292d54ba6752bf6e3a5c5b5f426eef,Up,65.00,10.307691,,,0x78d326908608fdb46267d337d5181b3be083159ebc35dfb6871a4e5a73075290
2026-06-04 18:30:39,Sweden vs. Greece: O/U 4.5,0xfee8041473ee7d1b067ea757b3e7b0a24f4f430ec3d2ce2d0315ed62e6ec81ab,Under,90.00,5.38,,,0x11d01052eab3c5cbdee4fa9fcbf62d472925c318fc851903a06122fa81149298
2026-06-04 18:30:39,"Ethereum Up or Down - June 4, 2:30PM-2:35PM ET",0x86ef98a9e5ca2ea5dc2e9053559b1221ff292d54ba6752bf6e3a5c5b5f426eef,Up,65.00,12.22,,,0x553575ed4bff323e9c17023b3da4f104fba8e3b8e846dd5791e769bb9abebe30
2026-06-04 18:30:39,"Ethereum Up or Down - June 4, 2:30PM-2:45PM ET",0x0eda108c856a95c6c7500d6d9f0c485369bf3b129f46fd2834abccaa800bd387,Up,64.00,15.625,,,0x501813052227dfb33692361c5b80e1305302baeede743dfcde47bc2248703d27
2026-06-04 18:30:39,"Bitcoin Up or Down - June 4, 2:30PM-2:35PM ET",0x51dcfba27586c391de127ab5a8e9baa4680d301a39f09db459e9b05f49102973,Down,35.00,2.857141,,,0x96dc97b7aa061e193111c6f3dc8d3fac7ce301b7442df987cb3ddd9b2854e225
2026-06-04 18:30:39,"Bitcoin Up or Down - June 4, 2:30PM-2:35PM ET",0x51dcfba27586c391de127ab5a8e9baa4680d301a39f09db459e9b05f49102973,Down,35.00,37.5,,,0x9df1cb69717e4a221729a0f2b30a1e3dd0becd4d8c55e94a0a9df1f2b1fc43aa
2026-06-04 18:30:39,Will the price of Solana be above $50 on June 5?,0x3bd76914773c2dceba2cb4d1190d140a0474b34ec6b6a00d3718291982f49976,No,0.10,7.6,,,0xaddca5884b05335d3eed821dbf45ad6307ff2b11d93b6b6d429fda1218913fa5
2026-06-04 18:30:39,"Bitcoin Up or Down - June 4, 2:30PM-2:45PM ET",0x061b207481cf9dc7bad7c8bd43dc5ab08279152de197ef0c762d58cebb490386,Down,35.00,5,,,0x5c5ce6ed6b0cfa5b1a197ca2a420418d4525ed65dc0c440e3ffb007ad12f153a
2026-06-04 18:30:39,"Bitcoin Up or Down - June 4, 2:30PM-2:45PM ET",0x061b207481cf9dc7bad7c8bd43dc5ab08279152de197ef0c762d58cebb490386,Down,41.00,2.682925,,,0xe185cda45db9d5014589e79ca9012234e5efe3dec8c6c436eeb4f2b139e41d9e
2026-06-04 18:30:39,"Bitcoin Up or Down - June 4, 2:30PM-2:45PM ET",0x061b207481cf9dc7bad7c8bd43dc5ab08279152de197ef0c762d58cebb490386,Up,63.70,228.38,,,0x13d75d0475b8ac73c31319745c172134864c70840660b334a57b04d06537c94e
2026-06-04 18:30:39,"Solana Up or Down - June 4, 2:30PM-2:35PM ET",0x4908916f4e744dc6dcdc604e790a5e2fa2a7c0174afa21cb1638dc2aaa665149,Up,83.00,15,,,0xcc082b003060e60ae45ba1ba1140ae077e50f54096824a3cf3c0c748ccf56cda
2026-06-04 18:30:39,"Bitcoin Up or Down - June 4, 2:30PM-2:35PM ET",0x51dcfba27586c391de127ab5a8e9baa4680d301a39f09db459e9b05f49102973,Up,66.92,48.967056,,,0xc00a97c99b87af33f085618419c62f0646cb2fc8458ac46f9090d0b26a7edf4e
2026-06-04 18:30:39,"XRP Up or Down - June 4, 2:30PM-2:45PM ET",0xe15914db46c5709be331549193e61701d2c15fc90d46f490cb3bcb1d62bcff37,Down,40.42,14.547856,,,0x144ffdbe3561db9c4ffaf8cba1d8194ca123e4d087baf21e95ac3db31bdd0d1d
2026-06-04 18:30:39,"Ethereum Up or Down - June 4, 2:30PM-2:35PM ET",0x86ef98a9e5ca2ea5dc2e9053559b1221ff292d54ba6752bf6e3a5c5b5f426eef,Up,71.00,10.34,,,0x93c467e6744a277e01763d2a0f8e2524d8777c4ca3929c0703c28c68d65bbb5b
2026-06-04 18:30:39,Will the price of Solana be above $60 on June 5?,0x633ace9e22b6d13bdf68220b300d740766f1f3cbdbce1f9252ff3ce586aa3a35,Yes,98.80,7.6,,,0x93fd9ecf2fd21d195621f66ba9d6b64387c94d32042a4dae74e77eb7f1f5ed04
2026-06-04 18:30:39,"Bitcoin Up or Down - June 4, 2:30PM-2:35PM ET",0x51dcfba27586c391de127ab5a8e9baa4680d301a39f09db459e9b05f49102973,Up,71.00,25,,,0xb96484eff6b17dbef2ff4069f18b65c45cc50ccce66eb89219c79702c50bf043
2026-06-04 18:30:39,"Ethereum Up or Down - June 4, 2:30PM-2:35PM ET",0x86ef98a9e5ca2ea5dc2e9053559b1221ff292d54ba6752bf6e3a5c5b5f426eef,Up,69.58,36.88,,,0x38d23ca937e68b675b8ae5b2ba79bf6b2e5421b0315a6e5e753256375e393d55
2026-06-04 18:30:39,Will the price of Solana be between $80 and $90 on June 5?,0xbad9a27bb495e36426b432dff986468ad4be0eceb5e070f7f46ff473df640959,No,99.70,150,,,0x99c220c85de0adf46ba0913f66a9a9a280d0dc29c138ee7e569adf66d1309936
2026-06-04 18:30:39,"Bitcoin Up or Down - June 4, 2:30PM-2:35PM ET",0x51dcfba27586c391de127ab5a8e9baa4680d301a39f09db459e9b05f49102973,Up,70.46,66,,,0x2236b7e1c44383c6eaba4845d7aba94208485f08547d3e760b3b697e451b3453
2026-06-04 18:30:39,"XRP Up or Down - June 4, 2:30PM-2:35PM ET",0xc5313621721be12687f36dc6855de28a6e4ff03d38c5e6a4b8d7dd0904b5ff2e,Down,33.00,19.090908,,,0x487e1d725359d4b88e8ea8cc8d601e647e6794088887dbab7b7d18934b82c681
2026-06-04 18:30:39,"XRP Up or Down - June 4, 2:30PM-2:45PM ET",0xe15914db46c5709be331549193e61701d2c15fc90d46f490cb3bcb1d62bcff37,Down,39.00,5.769229,,,0xb06ac3a6d08ad46538d29560fb333f7536e7dfe0dcc5e0902c2b524965016345
2026-06-04 18:30:39,"Bitcoin Up or Down - June 4, 2:30PM-2:35PM ET",0x51dcfba27586c391de127ab5a8e9baa4680d301a39f09db459e9b05f49102973,Up,68.42,61,,,0x5ef530af9f652934c34ad75c9508efc7a4fc3be84bb0b15f59f76947651761b8
2026-06-04 18:30:39,"Bitcoin Up or Down - June 4, 2:30PM-2:45PM ET",0x061b207481cf9dc7bad7c8bd43dc5ab08279152de197ef0c762d58cebb490386,Up,66.01,5.074624,,,0x19a5409c3356f3409b1af496d1a3e55dc0ff82915496f8e87c4ca74c1b776b5d
2026-06-04 18:30:39,"Will the price of Bitcoin be above $60,000 on June 5?",0x007c4167457c4191e8f5b73be321ae1fddc1fe11c9b1b554f8e4bbccc8f169e8,Yes,98.30,1070.008117,,,0x1c4b5fa8a9927a66a6b2fdc8ba383b89fa682bcd7a7630aa88c6ff581e9648df
2026-06-04 18:30:39,LoL: ⁠Movistar KOI Fénix vs UCAM Esports Club - Game 4 Winner,0x258e411eef2cb422cfbc113866efa369b848738d23d28e9ed64a27709846b394,UCAM Esports Club,80.00,379.25,,,0x7e6ba05badf65387cc909a1c31529266075ef8ab182a095c6db7396dd8b37a06
2026-06-04 18:30:39,"Bitcoin Up or Down - June 4, 2:30PM-2:45PM ET",0x061b207481cf9dc7bad7c8bd43dc5ab08279152de197ef0c762d58cebb490386,Up,63.00,1.5873,,,0x13d47b6d86277d4ecdd6e257eb7ce925d92144dc97cce69143dfb12a0ea9e058
2026-06-04 18:30:39,"Bitcoin Up or Down - June 4, 2:30PM-2:35PM ET",0x51dcfba27586c391de127ab5a8e9baa4680d301a39f09db459e9b05f49102973,Up,66.00,5,,,0x2aefd14ab6c17ff3287e913fbd51de5b028eedf1871a1bc52f92d0eb9eb52a33
2026-06-04 18:30:39,Spread: Philadelphia Phillies (-1.5),0xd91a81f04d7890dace8be5d0ba9a09a801ba215e4a26681264955b0c429ba6ee,Philadelphia Phillies,79.00,6.56,,,0x82012f52b982dd5bf3da986b270a4fde01f812f70fda05359f93cb5aa44b1af5
2026-06-04 18:30:39,Counter-Strike: M80 vs NRG - Map 2 Winner,0x57713f6aa15c35ce6185819f4b554fa3f3cac40a7617116f1098bef9afec829f,NRG,73.00,350,,,0x00da5ea30c0014b119f5b911963051e3b064e47ae3e55289c09ea093d0eb7ce4
2026-06-04 18:30:39,Birmingham: Harry Wendelken vs Mark Lajal,0xbcee9b79dfe04ecc0d54de43b3930b678d85e5b443b6fe69296dbf7ede7bd245,Mark Lajal,94.00,1.21275,,,0x885d2493e48b130ebc9ea1d6dab724ac6ed41aab96cf9f25f6d90c89671a1f0e
2026-06-04 18:30:39,"Bitcoin Up or Down - June 4, 2:30PM-2:35PM ET",0x51dcfba27586c391de127ab5a8e9baa4680d301a39f09db459e9b05f49102973,Up,68.00,1.470587,,,0xc93fd7cd1471ffe692e49dc77d092609b389ceb15bb8676b0dac8560333b185c
2026-06-04 18:30:39,Will the highest temperature in San Francisco be between 64-65°F on June 4?,0x2590e4d7afdcd54b1a44ead2465f46ccd1c913918e36fe02271c41ee13a90635,Yes,0.10,0.02,,,0x0b6377318980b7f0eb2fe6008996fdf75b68db76358377001f9d7ea3f521849b
2026-06-04 18:30:39,"Will Bitcoin dip to $60,000 in June?",0x946bb3ec7e7d9bf146b4487be87e71ace99f1e0e9978cf36fbb5063c23900afb,No,39.00,155,,,0x8536633fbf305dce93aed13c61823df3198cb879ae8a3b0a903a62755937a5b5
2026-06-04 18:30:39,"Will Ethereum dip to $1,700 in June?",0x264d1ccd6a931814f887d4cd6ed9efb80267d5cf9c2d5db23fbf5616dd4e2da4,Yes,76.00,5.263154,,,0x923bf8c54de6a3ed07162b2bcc085c289b99fe52490c7dee9bad3b145920b1d6
2026-06-04 18:30:39,Will Andorra vs. Liechtenstein end in a draw?,0x1cea1ffb7207241c8a1bffc6d67b6c86dd6a5d7e4cdcfac7636beff1d2e73a67,No,91.00,10,,,0xac4a5eab225752a5e2c40740d89884a387f75a809108892b546f096102a11c21
2026-06-04 18:30:39,"Bitcoin Up or Down - June 4, 2:30PM-2:45PM ET",0x061b207481cf9dc7bad7c8bd43dc5ab08279152de197ef0c762d58cebb490386,Down,40.83,50,,,0x77d045f0c77d6d1be6f7b3b7fceffecbe7d31bd089cb59f0f65216d05c6fde2d
2026-06-04 18:30:39,"Bitcoin Up or Down - June 4, 2:30PM-2:35PM ET",0x51dcfba27586c391de127ab5a8e9baa4680d301a39f09db459e9b05f49102973,Up,70.00,25,,,0x35574dfce2ada1fb9fc67f65b8f6ab03a9654022e8191ed52f65334b0ff7677c
2026-06-04 18:30:39,LoL: ⁠Movistar KOI Fénix vs UCAM Esports Club - Game 4 Winner,0x258e411eef2cb422cfbc113866efa369b848738d23d28e9ed64a27709846b394,UCAM Esports Club,80.00,488.925,,,0x78558fa2813184c1aa1126851c8dc08bb9a0499b62be6b5ca7065e73d74a1769
2026-06-04 18:30:39,"Bitcoin Up or Down - June 4, 2:30PM-2:35PM ET",0x51dcfba27586c391de127ab5a8e9baa4680d301a39f09db459e9b05f49102973,Up,66.00,51.772726,,,0xcd207746289e0cb78d7f63505ffd83c1b2f68ab6fda24054ee44a51c9a0ace60
2026-06-04 18:30:39,Barcelona vs. CB Murcia,0x119414c31aaca933a8dce2b0f7893351a145e01858226c16fe01a94326427a3e,Barcelona,40.00,6.57,,,0x7f8b7bb2419bf8e515dd4840b082d2f31026b37faea05c90d5b992624f8e2be0
2026-06-04 18:30:39,Counter-Strike: M80 vs NRG - Map 2 Winner,0x57713f6aa15c35ce6185819f4b554fa3f3cac40a7617116f1098bef9afec829f,NRG,74.81,26,,,0xe3c862c4996a05fdfc66ae3ec96308b0749745e3866b8b56092fc9e74c57ad16
2026-06-04 18:30:39,"Bitcoin Up or Down - June 4, 2:30PM-2:35PM ET",0x51dcfba27586c391de127ab5a8e9baa4680d301a39f09db459e9b05f49102973,Up,68.00,5,,,0xe62e393bbade46eae2088cb8372c25ca7c2386605ea8ce91898a19ac5c9015ee
2026-06-04 18:30:39,"Ethereum Up or Down - June 4, 2:30PM-2:35PM ET",0x86ef98a9e5ca2ea5dc2e9053559b1221ff292d54ba6752bf6e3a5c5b5f426eef,Up,69.87,10,,,0x18a70faeba70cfcbf81d3a57f0d01e5b22931915ca8215b047eb5adfd6c2e66d
2026-06-04 18:30:39,Andorra vs. Liechtenstein: O/U 1.5,0x55e2210dc226d7f1c2e6454c0a7ff423e1652a17b89d0aa4bc6c9bd4aa9c2e87,Under,61.00,6,,,0xdff1aa13e8c0d472ff8f7d3c184bd184ef18be5141ced0fe643fb4de861e1c20
2026-06-04 18:30:39,"Bitcoin Up or Down - June 4, 2:30PM-2:35PM ET",0x51dcfba27586c391de127ab5a8e9baa4680d301a39f09db459e9b05f49102973,Up,66.00,20,,,0x030f8011de35042e9722ec62d7620d6c28d121da9876119c33293b072aa97f2e
2026-06-04 18:30:39,"Solana Up or Down - June 4, 2:30PM-2:35PM ET",0x4908916f4e744dc6dcdc604e790a5e2fa2a7c0174afa21cb1638dc2aaa665149,Down,21.21,25.454544,,,0xc2fb18cd089ff674e47e9e6689ffd334274016ad5b40d6ca5d84aaee64101719
2026-06-04 18:30:39,"XRP Up or Down - June 4, 2PM ET",0x5d9aa19269933ef8dd98d3cb3f06ebe4adee0ab4e29e9d7bf12426277fbef93f,Up,94.00,73,,,0x4a7e903674cd91f1b547b1b3fe3ad8d611625d301c544a1e9e6d6f780131b89d
2026-06-04 18:30:39,Will the price of Solana be between $50 and $60 on June 5?,0x8b9a7a3f142f708277243b9dc2b8ffb17b86c632477bc980c2f91dd4fb6475ff,No,99.59,150,,,0x214eb517ad7e830bfbf87f55403065dbd10f7e5bc84562526e0ccfd57feba8ad
2026-06-04 18:30:39,"Bitcoin Up or Down - June 4, 2:30PM-2:35PM ET",0x51dcfba27586c391de127ab5a8e9baa4680d301a39f09db459e9b05f49102973,Up,66.00,14.5,,,0x036d6d281606d2aae210aad53011f5ff4a29e5de9093eca2ce290b730e72f7b1
2026-06-04 18:30:39,"Bitcoin Up or Down - June 4, 2:30PM-2:45PM ET",0x061b207481cf9dc7bad7c8bd43dc5ab08279152de197ef0c762d58cebb490386,Up,63.00,16.666664,,,0x00646cb573866bb53d5e242f58d19c704debb1134cb0bd7fd3b42efa090e78c3
2026-06-04 18:30:39,Cleveland Guardians vs. New York Yankees,0xfdbba7f905701ebf33b6c83d38d8d39a1c40c49ea0f36d86bf0571aed682f2c6,New York Yankees,52.00,5,,,0xce5fbe6d918d8f1350df071999ca2b9f6719ea75afc420c63cfc40bfa8ce0f3e
2026-06-04 18:30:39,"Bitcoin Up or Down - June 4, 12:00PM-4:00PM ET",0xc4796e2a8784f59a76936173a8e924a2cecc527eb851fcc5abe7d65813c5f3e9,Down,41.00,25,,,0xee22e872dcc2a1e98712ef37f66298683ae3fc094d8cddd1b3dcd5e490b0f749
2026-06-04 18:30:39,"Ethereum Up or Down - June 4, 2:30PM-2:35PM ET",0x86ef98a9e5ca2ea5dc2e9053559b1221ff292d54ba6752bf6e3a5c5b5f426eef,Down,33.00,3.636362,,,0x9113200ebb3e22d812b00706fabe91427590028c70e5e2b04364b26e1c49af96
2026-06-04 18:30:39,"Ethereum Up or Down - June 4, 2:30PM-2:45PM ET",0x0eda108c856a95c6c7500d6d9f0c485369bf3b129f46fd2834abccaa800bd387,Up,64.00,1.5625,,,0x1508f084c97c77bb7f1df8ff48b4a80ccbfde2b2c83e8af9e9187f7fcc378295
2026-06-04 18:30:39,"XRP Up or Down - June 4, 2:30PM-2:45PM ET",0xe15914db46c5709be331549193e61701d2c15fc90d46f490cb3bcb1d62bcff37,Down,43.19,5.325776,,,0x55df1f108681f19d5730c4c75d981198ac82f5926086ffdf2be0471269d6be7c
2026-06-04 18:30:39,"Ethereum Up or Down - June 4, 2:30PM-2:45PM ET",0x0eda108c856a95c6c7500d6d9f0c485369bf3b129f46fd2834abccaa800bd387,Down,42.00,94.295216,,,0xc2e7ff7df91a663780a51faf9574a8de3459b6cf76456b98c9e07144651b0d14
2026-06-04 18:30:39,Will the price of Solana be between $70 and $80 on June 5?,0x3342bdd1ecdd346bf3ecda80ec7f36c20bd93fa8fa4393500c7e61d12e682974,Yes,44.00,213,,,0x0a818a253a8d7c88d6f14c8fbc5530794b2b7987fb265706061e9e486eb2f2d8
2026-06-04 18:30:39,"XRP Up or Down - June 4, 2:30PM-2:35PM ET",0xc5313621721be12687f36dc6855de28a6e4ff03d38c5e6a4b8d7dd0904b5ff2e,Down,32.00,35,,,0x933b60f0864b9a6c68997c05e79631a348d152f6c39e02d67267d317e9cb90d2
2026-06-04 18:30:39,"Bitcoin Up or Down - June 4, 2PM ET",0x3abc093600d2793741018001059df76f55349e8d9e5737c23816bbb5a0f42225,Up,92.00,65,,,0x8729fcf8f4a5a0947abab0cd3bbd344eeb588741a7202eed0f6c9612e2beb7b4
2026-06-04 18:30:39,"Bitcoin Up or Down - June 4, 2:30PM-2:45PM ET",0x061b207481cf9dc7bad7c8bd43dc5ab08279152de197ef0c762d58cebb490386,Up,63.00,5.238094,,,0x52a28a37a745b6d019112dcace09e71eb7005313fc9a3c6aa8e6f0040006d120
2026-06-04 18:30:39,"XRP Up or Down - June 4, 2:30PM-2:35PM ET",0xc5313621721be12687f36dc6855de28a6e4ff03d38c5e6a4b8d7dd0904b5ff2e,Down,30.62,38.858822,,,0xb47dd6f2eb8deff2bc5eb33404cd4129b3edb3ae3ae8648ab779d444df9acaf4
2026-06-04 18:30:39,"Bitcoin Up or Down - June 4, 2:30PM-2:45PM ET",0x061b207481cf9dc7bad7c8bd43dc5ab08279152de197ef0c762d58cebb490386,Up,63.00,5,,,0x3125aa512ab546d04535fa5f0abaa3865fa1eeb96b5e7a94a627b7a2e00ad3a3
2026-06-04 18:30:39,"Will the price of Bitcoin be less than $58,000 on June 10?",0x658cd44737004e7dced6e146f9e5a3511dd08381cf4bc1c31355eb8ee88f2610,No,94.90,1.991568,,,0x0f0a3de5b988bc82f7a32d77e1e43e1543274f53ec07fe7dc331610da1db35ae
2026-06-04 18:30:39,"Bitcoin Up or Down - June 4, 2:30PM-2:45PM ET",0x061b207481cf9dc7bad7c8bd43dc5ab08279152de197ef0c762d58cebb490386,Down,41.29,7.700951,,,0xdb3458a98fca8b963051c87717fb00c8cffc72e79ad10a91789e9f677ed4e3d0
2026-06-04 18:30:39,"Bitcoin Up or Down - June 4, 2:30PM-2:35PM ET",0x51dcfba27586c391de127ab5a8e9baa4680d301a39f09db459e9b05f49102973,Up,66.00,20,,,0x7e313755fb3061ae7546147e30063d48d2f7848b999984c01d8c9a7de48e9e54
2026-06-04 18:30:39,Will the lowest temperature in London be 14°C on June 5?,0x59a8fc085770ede72401aba20c86ad0dffcedac4f64641472e5582f615ea8106,Yes,26.02,76.85857,,,0x4929e52bc04466dcb27308fbc71afb1700b725340ab30ccf905d693fc05d0e57
2026-06-04 18:30:39,"Will the price of Bitcoin be less than $64,000 on June 5?",0x4d1a80d51564d3bcdebd31205285b306f41af2211d1d6a501b4f583c076ca9bb,Yes,49.60,3,,,0x1dcd71eb97badd5e9d604c5904b22632a777acaf867d8522ef801135cd769489
2026-06-04 18:30:39,"Bitcoin Up or Down - June 4, 2:30PM-2:45PM ET",0x061b207481cf9dc7bad7c8bd43dc5ab08279152de197ef0c762d58cebb490386,Up,63.00,5,,,0x52e9402759190e023b07128346c63f050b326f0d86b9cee2077582513302f6ff
2026-06-04 18:30:39,"XRP Up or Down - June 4, 2:30PM-2:35PM ET",0xc5313621721be12687f36dc6855de28a6e4ff03d38c5e6a4b8d7dd0904b5ff2e,Down,26.21,10.758619,,,0xfea39c5ab668d266b9e3af5f4382c24c9c50ac4e19a41acb628cbfa1f5b3392b
2026-06-04 18:30:39,"Ethereum Up or Down - June 4, 2:30PM-2:45PM ET",0x0eda108c856a95c6c7500d6d9f0c485369bf3b129f46fd2834abccaa800bd387,Up,64.00,1.5625,,,0x6ed9dc72f7634499256b29f4ae3eddcafd59ebe88f8396748ccfbd2697843c78
2026-06-04 18:30:39,"Ethereum Up or Down - June 4, 2:30PM-2:45PM ET",0x0eda108c856a95c6c7500d6d9f0c485369bf3b129f46fd2834abccaa800bd387,Down,37.00,13.378377,,,0x7cf373a4142b0d26909e5f3fc62ee66443d6e9d238f36365e4a35b2e53253b30
2026-06-04 18:30:39,Counter-Strike: M80 vs NRG - Map 2 Winner,0x57713f6aa15c35ce6185819f4b554fa3f3cac40a7617116f1098bef9afec829f,M80,28.00,892.857141,,,0x58254bac2bbfa625e12bdd87ee800f0bd4245b5a84cb89cce187848c7d4f267f
2026-06-04 18:30:39,"Ethereum Up or Down - June 4, 2:30PM-2:35PM ET",0x86ef98a9e5ca2ea5dc2e9053559b1221ff292d54ba6752bf6e3a5c5b5f426eef,Up,68.66,27.78,,,0xe91b3d5db571567d29d9fc99f0e897ab655185915e1361262af5cbcc1268f9ce
2026-06-04 18:30:39,"Ethereum Up or Down - June 4, 2:30PM-2:35PM ET",0x86ef98a9e5ca2ea5dc2e9053559b1221ff292d54ba6752bf6e3a5c5b5f426eef,Down,33.00,3.727271,,,0xc504a32ead3aa4a6aad1bf905a07a928bffed425651336001c8d15f65d5fa914
2026-06-04 18:30:39,"Will Bitcoin reach $70,000 in June?",0xce6f2c7437b15b808a6be3ea61fc125077e35ce7cc55b66fdbf15f7ce22493ea,Yes,35.00,1722,,,0xe2832991ae5161c165edf1c151fb4678bb03f9ce4410338bf0ce37ce326015b2
2026-06-04 18:30:39,LoL: ⁠Movistar KOI Fénix vs UCAM Esports Club - Game 4 Winner,0x258e411eef2cb422cfbc113866efa369b848738d23d28e9ed64a27709846b394,⁠Movistar KOI Fénix,18.00,379.55,,,0xe2350b1b96e3cff921273b4eac538e0197a3729fb4506b07a9cb34a0a4551af3
2026-06-04 18:30:39,"Bitcoin Up or Down - June 4, 2:30PM-2:35PM ET",0x51dcfba27586c391de127ab5a8e9baa4680d301a39f09db459e9b05f49102973,Up,67.00,20,,,0x2b7b1c38d433edac19fbc2712b0b296a0eab9e63dcef8a445e251891f23f78d8
2026-06-04 18:30:39,Will Ivan Cepeda Castro win the 2026 Colombian presidential election?,0x0fb006e0c06caa4db12f7e30ec8c2483d658f83eb57b2ee8eb478e39beca3dfd,Yes,17.00,28.294116,,,0x3e0479a6a263512d54a9b01e20a7e3472e5701c8e039f6945f674df621b06c4b
2026-06-04 18:30:39,"XRP Up or Down - June 4, 2:30PM-2:45PM ET",0xe15914db46c5709be331549193e61701d2c15fc90d46f490cb3bcb1d62bcff37,Down,40.48,18.51,,,0xaa89405e5ba067eac798b111250deba476b08b4038c846116aeb5b22aa32b925
2026-06-04 18:30:39,"XRP Up or Down - June 4, 2:30PM-2:45PM ET",0xe15914db46c5709be331549193e61701d2c15fc90d46f490cb3bcb1d62bcff37,Down,41.60,21.708836,,,0x44a08674d13b9c0420504cd930e996a0cc2082be24b45d18aa702b5f010dd493
2026-06-04 18:30:39,"Will Ethereum dip to $1,300 in June?",0x757ad347115f28ab9923a3d12a8f046534a87728f9be27c2f666de39983a99eb,No,89.50,100,,,0xd295e603d481cc4cf750b084ce4df28ceb30662ef2915f3dc2fa269ce7b1835a
2026-06-04 18:30:39,"Will Ethereum dip to $1,600 in June?",0xde3e9c82625d8c63537a9952dd7d27a57b55d897f8729bb2c30b2a2e2337ef73,No,51.00,5,,,0x03f544bc0d2184fc5666fa2b10ecf3eb1a6dc1a0b9830f7a064874826b008d7c
2026-06-04 18:30:39,Will XRP dip to $0.80 in June?,0x61d57e7aaceafb85859883fdf12dab517609c7ab53cca7ca7be442720eab88f5,No,94.29,750.070842,,,0x6e11d6eb522b8d8cc7a6303bcec8a8f485bc1b59f5152430dff87cd412b03425
2026-06-04 18:30:39,"Ethereum Up or Down - June 4, 2:30PM-2:35PM ET",0x86ef98a9e5ca2ea5dc2e9053559b1221ff292d54ba6752bf6e3a5c5b5f426eef,Up,65.00,10.461537,,,0x31903c18cf2141b95bf829ac0e1bba0894cae21b1f15ced8603cedaa372cb30a
2026-06-04 18:30:39,"Bitcoin Up or Down - June 4, 2PM ET",0x3abc093600d2793741018001059df76f55349e8d9e5737c23816bbb5a0f42225,Up,92.00,5.054337,,,0x4c21af4b4237398c8ef2a38e55e6094112330de46244e8e84c4260cd277e2df2
2026-06-04 18:30:39,"Ethereum Up or Down - June 4, 2:30PM-2:35PM ET",0x86ef98a9e5ca2ea5dc2e9053559b1221ff292d54ba6752bf6e3a5c5b5f426eef,Down,34.00,3.705881,,,0x43b612ca6c5a08a8fc1e5576e54527629fd05ab154e54e1134a621c4adc21371
2026-06-04 18:30:39,Will the highest temperature in Toronto be 29°C on June 5?,0xfcb31ac80dc8f9c35e7265cf1ca2263ca600eeab3e98514f87133af42a6032f1,No,81.00,27.97,,,0xa4842b1e77c6068bf73db056e42abe06e805f057bda9e9597946a6df80298f6e
2026-06-04 18:30:39,"Will the price of Ethereum be between $1,600 and $1,700 on June 5?",0xc5840bac87513a3bb7d58e2e8730c5ef05001577a54db34fe22b19b7905734e6,No,91.97,30.009762,,,0x483ea271c69c12e7124704b79f769993bb092f0c8976bccf728b2e0de9cd2a32
2026-06-04 18:30:39,Cleveland Guardians vs. New York Yankees: O/U 7.5,0xc6fb192690cdc8062e720615db974ead9e2cae93def381c1e680b25fca3ab709,Under,67.00,5.746266,,,0x90a5542253900e160015015f1d8d51938d1a427116da7d217303b644783ab30d
2026-06-04 18:30:39,La Laguna Tenerife vs. Real Madrid,0x7d0086c4c135735987ae14cb0a1960235a6548159e2f38affb8398bd3415f331,Real Madrid,75.52,264.837233,,,0xd63d319033a79d8892b788784759a2d1a1035fb13e5ccfd7e7df8dcce1aa14c8
2026-06-04 18:30:37,"XRP Up or Down - June 4, 2:30PM-2:45PM ET",0xe15914db46c5709be331549193e61701d2c15fc90d46f490cb3bcb1d62bcff37,Down,43.17,11.581817,,,0xe1967a373f1890e96439a50a1a3a2daf9747e069d6320a850630ce3bfd3b05a9
2026-06-04 18:30:37,"Will the price of Bitcoin be above $64,000 on June 7?",0xab2140c0fcb04db72733d1885b632aa641355a7ae2ed31d4656ffeaa5f48b854,Yes,49.30,5,,,0x78d7ff8967b64255e2e53362b34b0320404668f41b206a67aa1799f70e972e56
2026-06-04 18:30:37,"Solana Up or Down - June 4, 2:30PM-2:45PM ET",0x717adb22fca935fabda1bba78df51a1e840f3fba98479c7884178a42aa9cc485,Up,67.00,6.06,,,0x49d0532f3923a4f0052018a0afc4a5988e3c2d2d65c28e617179b1fd038f321f
2026-06-04 18:30:37,"Solana Up or Down - June 4, 2:30PM-2:35PM ET",0x4908916f4e744dc6dcdc604e790a5e2fa2a7c0174afa21cb1638dc2aaa665149,Up,82.00,7.317072,,,0xbc8b0b9b7cb0eea1730de0dff38e1385b27859457e74d62c4b833ee88a849099
2026-06-04 18:30:37,"Will the price of Bitcoin be less than $64,000 on June 5?",0x4d1a80d51564d3bcdebd31205285b306f41af2211d1d6a501b4f583c076ca9bb,Yes,51.10,2,,,0x8774e60fb1181319d961501c263fd46ac3df974983fa0f2e1fa90492ef2dc98a
2026-06-04 18:30:37,"Bitcoin Up or Down - June 4, 2:30PM-2:45PM ET",0x061b207481cf9dc7bad7c8bd43dc5ab08279152de197ef0c762d58cebb490386,Up,60.45,11,,,0xe289fb93e9496edb5b8076a805ee3d61afcd73943ad05401e4914e1a2d59d04f
2026-06-04 18:30:37,"Bitcoin Up or Down - June 4, 2:30PM-2:35PM ET",0x51dcfba27586c391de127ab5a8e9baa4680d301a39f09db459e9b05f49102973,Up,65.00,1,,,0x30f0212cee43dd9cc0af518f56c30c3f66aba5a36f93e4171623966df48f7010
2026-06-04 18:30:37,"Bitcoin Up or Down - June 4, 2:30PM-2:35PM ET",0x51dcfba27586c391de127ab5a8e9baa4680d301a39f09db459e9b05f49102973,Up,67.00,5.19,,,0x6bf4381b8d4eb310335c6c9a142501efd1630d66a6743ede3b72a2e3e7690627
2026-06-04 18:30:37,"Bitcoin Up or Down - June 4, 2:30PM-2:35PM ET",0x51dcfba27586c391de127ab5a8e9baa4680d301a39f09db459e9b05f49102973,Up,67.00,7.462684,,,0xa73f909df2b6aa8b9f6b0198a502e4c3324fedcca213db0832278efb3f29107f
2026-06-04 18:30:37,"Bitcoin Up or Down - June 4, 2:30PM-2:35PM ET",0x51dcfba27586c391de127ab5a8e9baa4680d301a39f09db459e9b05f49102973,Down,35.00,7.14,,,0x7d18ccd0827310329cfc3e364d927e1ef71e3199f9f51d4f90c2fae04f5346e8
2026-06-04 18:30:37,"Bitcoin Up or Down - June 4, 2PM ET",0x3abc093600d2793741018001059df76f55349e8d9e5737c23816bbb5a0f42225,Down,9.00,5,,,0x2175c85e660459c7022bee674be52bdcde77cdc44668e01823b4a23596030f50
2026-06-04 18:30:37,"Ethereum Up or Down - June 4, 2:30PM-2:35PM ET",0x86ef98a9e5ca2ea5dc2e9053559b1221ff292d54ba6752bf6e3a5c5b5f426eef,Up,64.00,12.5,,,0x57c059cdefcb83d552a0396bbf41f999e9021472b981ae4e8c78cb05b7d87c08
2026-06-04 18:30:37,"Bitcoin Up or Down - June 4, 2:30PM-2:45PM ET",0x061b207481cf9dc7bad7c8bd43dc5ab08279152de197ef0c762d58cebb490386,Up,56.00,5,,,0x8c7938eddc5e3bf64992395dad273ecf844dd9dca01efeb4353ff3878ad2e3b5
2026-06-04 18:30:37,"Hyperliquid Up or Down - June 4, 2:30PM-2:45PM ET",0x63d1ff10a069c48db2396d3ffbfaeb73a2535c18ca51b09467df868047856c58,Up,71.00,1.408448,,,0x2a95a085f4e07c9fbc0604159030d749c70228fbbc2f00208f8f3917fa6c3b5e
2026-06-04 18:30:37,"Bitcoin Up or Down - June 4, 2:30PM-2:45PM ET",0x061b207481cf9dc7bad7c8bd43dc5ab08279152de197ef0c762d58cebb490386,Up,56.00,20,,,0x601b58a654b6ddc0e1de56fb2a7a952f7ef3ac0250ab7523e919de14dc97cc1c
2026-06-04 18:30:37,"Solana Up or Down - June 4, 2:30PM-2:35PM ET",0x4908916f4e744dc6dcdc604e790a5e2fa2a7c0174afa21cb1638dc2aaa665149,Down,20.00,5,,,0xdaf5dca86e3742c3d378fb90ddeecffb562513f92527ccf69e13e9583b680e88
2026-06-04 18:30:37,"Bitcoin Up or Down - June 4, 2:30PM-2:45PM ET",0x061b207481cf9dc7bad7c8bd43dc5ab08279152de197ef0c762d58cebb490386,Up,56.00,1.785713,,,0xbe215072c29ad845544027e56de804b91f7c62a351b5ace76c74e0fdb7c7bbed
2026-06-04 18:30:37,"Will the price of Bitcoin be above $64,000 on June 9?",0x87aca965d099a3dbc17f4b7b37ddb569ceaade39a9621cc4a3ab43a01565271c,Yes,49.00,5,,,0x1b5bd1187c3331e7fa76cfa12a1a4fec3fea88859551ad9eb39090ea6145976b
2026-06-04 18:30:37,Will Greece win on 2026-06-04?,0x7050a08e992792746d9198f03136ac5b9f1010547a6c77195841f9eace5c8719,No,99.00,514,,,0x56296440362f3a0e5938723f64150f2c742e76bd73135fe6f62042a4a57032ab
2026-06-04 18:30:37,"Bitcoin Up or Down - June 4, 2PM ET",0x3abc093600d2793741018001059df76f55349e8d9e5737c23816bbb5a0f42225,Up,90.00,5.11111,,,0x39c07f4cb871d15893d2af43b3c94ba220f7a2e469d57747b1e06172186df97e
2026-06-04 18:30:37,"Bitcoin Up or Down - June 4, 2PM ET",0x3abc093600d2793741018001059df76f55349e8d9e5737c23816bbb5a0f42225,Down,10.00,5,,,0xf0c70a854f2dbadebf34209862bc930886bdbcca61da9e0d6ed5166d13f176d4
2026-06-04 18:30:37,"Ethereum Up or Down - June 4, 2:30PM-2:45PM ET",0x0eda108c856a95c6c7500d6d9f0c485369bf3b129f46fd2834abccaa800bd387,Up,58.13,17.203387,,,0x192b69c06656e96c6201b10b15b5feac3cf6f338fa41085fe7a829a7ba231ef2
2026-06-04 18:30:37,"Bitcoin Up or Down - June 4, 2:30PM-2:35PM ET",0x51dcfba27586c391de127ab5a8e9baa4680d301a39f09db459e9b05f49102973,Down,35.83,46,,,0x773299faadbd1d43591588cfb544b9056397c26c9f07de37f930ed1d615b1d98
2026-06-04 18:30:37,"Bitcoin Up or Down - June 4, 2:30PM-2:45PM ET",0x061b207481cf9dc7bad7c8bd43dc5ab08279152de197ef0c762d58cebb490386,Up,56.00,1.785713,,,0xe60e0f12a81f6619736a6fcdce536a8dc81ef9d62b202b506b6cc11a616bba8b
2026-06-04 18:30:37,"Will the price of Bitcoin be between $66,000 and $68,000 on June 5?",0x861c4b736026d2783300c9ad54e06be9de467edf554666e028cc887645f048b8,Yes,8.70,11.954021,,,0x11d5c989113fe2fbddf259bf064e1fa494633626f17e32996c539237bb38b3c0
2026-06-04 18:30:37,"Bitcoin Up or Down - June 4, 2:30PM-2:35PM ET",0x51dcfba27586c391de127ab5a8e9baa4680d301a39f09db459e9b05f49102973,Up,67.00,10,,,0xe7fa2b7f8759d09f47b5ecb6320b7be33814e284107d51ff046dee17b49dfe7d
2026-06-04 18:30:37,"Ethereum Up or Down - June 4, 2:30PM-2:35PM ET",0x86ef98a9e5ca2ea5dc2e9053559b1221ff292d54ba6752bf6e3a5c5b5f426eef,Up,61.00,5,,,0xacf3bd2d8865da46023868c4a0546fb8afb11cad3829170874440bf85d6b848e
2026-06-04 18:30:37,"Will the price of Bitcoin be less than $64,000 on June 5?",0x4d1a80d51564d3bcdebd31205285b306f41af2211d1d6a501b4f583c076ca9bb,Yes,51.10,2,,,0x467f4bf3b3921e1001ed859d13ddb5e617fcb8d7a7d78849f9f9ef58c849bd9e
2026-06-04 18:30:37,Cleveland Guardians vs. New York Yankees: O/U 8.5,0xfaf6314ce8067cacccd0f0b2f563eb45f0b1f5366c3f202d83555acefd46cd91,Under,71.00,6.9,,,0x7e0d223c3c2410368b81ac2e72880d8b6f0dfeff3947cfc7e08ef09d7639dcda
2026-06-04 18:30:37,Counter-Strike: Liquid vs Heroic (BO3) - IEM Cologne Major Stage 1,0x351383a1548b4900556493b770b0a95b6879cd94f1bf3995b66e96381b687ea2,Liquid,90.45,27.4,,,0xe6bd42fbc8c36bf61ac36283691fbf52b789d8e3a61270e486ad09d744ab52f2
2026-06-04 18:30:37,"Bitcoin Up or Down - June 4, 2PM ET",0x3abc093600d2793741018001059df76f55349e8d9e5737c23816bbb5a0f42225,Up,90.00,5,,,0x69982a36bf012684c754854c29854879d2cab7a3812e0bec3f471c4803f0fa4d
2026-06-04 18:30:37,"XRP Up or Down - June 4, 2:30PM-2:35PM ET",0xc5313621721be12687f36dc6855de28a6e4ff03d38c5e6a4b8d7dd0904b5ff2e,Down,39.00,2.564101,,,0x76ff64b650de3a3c796632e5c7a1f6ebef517c0cdbe1b7844a075e84126bd404
2026-06-04 18:30:37,"XRP Up or Down - June 4, 2:30PM-2:45PM ET",0xe15914db46c5709be331549193e61701d2c15fc90d46f490cb3bcb1d62bcff37,Up,55.00,4.909088,,,0x1a2cfe03c87b830c11770849cc3de484f09953643e5c600f8154c6075276d6ad
2026-06-04 18:30:37,"Will the price of Bitcoin be above $66,000 on June 5?",0xa4874d4eb4538bac79cd6b5b7717510e09872b4ee7ab1c5082d4edb9a6f5b9fa,No,91.40,10,,,0xad3420d4b2ba3d036df7a4ea09f71326e1a1870c8f74d7b9cf57cf8ea363c20d
2026-06-04 18:30:37,"XRP Up or Down - June 4, 2:30PM-2:45PM ET",0xe15914db46c5709be331549193e61701d2c15fc90d46f490cb3bcb1d62bcff37,Up,55.00,0.09,,,0x04c6eff9a5f95ff97bb3d4dbdc8fb2abc686e140bcfa97b21bdb7191bb48b2be
2026-06-04 18:30:37,Will Andorra win on 2026-06-04?,0xab776168534d01a100f266e885dee0cd5ac1a9166edcda9aa89773da0a761b38,No,11.00,8.93,,,0xcaa548d36374fa6af53848394e3614852f7d1da55e0ddc00d7ca54bcc4bb75d9
2026-06-04 18:30:37,"Bitcoin Up or Down - June 4, 2:30PM-2:45PM ET",0x061b207481cf9dc7bad7c8bd43dc5ab08279152de197ef0c762d58cebb490386,Up,56.00,17.85714,,,0x900cabf5d08b6eff28895538951e4b48adb0a7a87b9733330af1aa178153a662
2026-06-04 18:30:37,Will Andorra vs. Liechtenstein end in a draw?,0x1cea1ffb7207241c8a1bffc6d67b6c86dd6a5d7e4cdcfac7636beff1d2e73a67,Yes,9.00,200,,,0xcbb8aa23ae6ba89d0cebe10e8b7b9f53e426e1367fa0dc8b7f7d12597b595aeb
2026-06-04 18:30:37,Sweden vs. Greece: O/U 3.5,0x3b5cdaa6bdb4082fbb042b0411d7778a376d94d62c876b0afb38c9d7133dbe22,Under,53.00,7.74,,,0x99078bb3b1084fc78465a48d9e15dcc74bdedab831a013abe43b5968070e87a2
2026-06-04 18:30:37,"Bitcoin Up or Down - June 4, 2:30PM-2:35PM ET",0x51dcfba27586c391de127ab5a8e9baa4680d301a39f09db459e9b05f49102973,Down,36.00,36,,,0xe46c405b7e6028e58e2dc0b0e4a618a42c3752f015ea59819e2d703b45d79772
2026-06-04 18:30:37,Birmingham: Harry Wendelken vs Mark Lajal,0xbcee9b79dfe04ecc0d54de43b3930b678d85e5b443b6fe69296dbf7ede7bd245,Harry Wendelken,7.00,1700,,,0xeced66df222ae3ea2c24d55da461fbcdc659599d2afe251eadf68e262bb5ba01
2026-06-04 18:30:37,"XRP Up or Down - June 4, 2:30PM-2:45PM ET",0xe15914db46c5709be331549193e61701d2c15fc90d46f490cb3bcb1d62bcff37,Up,54.00,8.92,,,0xdbedeefd8bb5a93604bab3f162653eb244ca15805e62adc067d81b48796e830b
2026-06-04 18:30:37,"Bitcoin Up or Down - June 4, 2PM ET",0x3abc093600d2793741018001059df76f55349e8d9e5737c23816bbb5a0f42225,Down,10.00,5,,,0xe9a9551657dd02da3dad0c9def63332c6342e18ee22615c59939b2187ee4b6fd
2026-06-04 18:30:37,"XRP Up or Down - June 4, 2PM ET",0x5d9aa19269933ef8dd98d3cb3f06ebe4adee0ab4e29e9d7bf12426277fbef93f,Up,94.00,5,,,0x42d7ff2a774158f3275c5e573bb4c69ee9c8349f8684314b2c76c208e87b13cd
2026-06-04 18:30:37,"Bitcoin Up or Down - June 4, 2:30PM-2:35PM ET",0x51dcfba27586c391de127ab5a8e9baa4680d301a39f09db459e9b05f49102973,Up,67.00,19.611939,,,0x4c716141d2ac5623db2096a82344e5f86c7aad96e41b6f74445f0a5de2f8d005
2026-06-04 18:30:37,"Will the price of Bitcoin be above $64,000 on June 6?",0x894b9718837301936c6db7286f29aadfad1f2ee27f41b5dc666ee823f60303f1,Yes,47.00,6,,,0x88b4be06e5dc9073842c180bc6438d46245458630a003278bf042cd1eb7b6533
2026-06-04 18:30:37,"Bitcoin Up or Down - June 4, 2:30PM-2:35PM ET",0x51dcfba27586c391de127ab5a8e9baa4680d301a39f09db459e9b05f49102973,Down,34.29,7,,,0x22389aca74e9450650e9c83d649b7c737262c4ae2370f887096f8efae43a1cf1
2026-06-04 18:30:37,"Ethereum Up or Down - June 4, 2:30PM-2:35PM ET",0x86ef98a9e5ca2ea5dc2e9053559b1221ff292d54ba6752bf6e3a5c5b5f426eef,Up,59.00,5,,,0x19be42729435a2bd287be72aae20fee77497e89d89e5dc21589da60bd4d25d97
2026-06-04 18:30:37,"Bitcoin Up or Down - June 4, 2:30PM-2:35PM ET",0x51dcfba27586c391de127ab5a8e9baa4680d301a39f09db459e9b05f49102973,Up,66.00,100,,,0xf6d4d45af2e7df51a6b2519b3a508ab9e23a28dbe8c76b1ab7f9bba858850970
2026-06-04 18:30:37,"Ethereum Up or Down - June 4, 2:30PM-2:35PM ET",0x86ef98a9e5ca2ea5dc2e9053559b1221ff292d54ba6752bf6e3a5c5b5f426eef,Up,59.00,5.16949,,,0x79505f705b5b23591dd6b492e4a67d0e510326f13a2e51e0d8846ee8aabcc69e
2026-06-04 18:30:37,"Bitcoin Up or Down - June 4, 2:30PM-2:35PM ET",0x51dcfba27586c391de127ab5a8e9baa4680d301a39f09db459e9b05f49102973,Up,66.41,60,,,0x7c3adc8c24da3052c21b41739c669f2fdb7dd1b63da3f30d254fe8a1bee01bc7
2026-06-04 18:30:37,Will the Fed decrease interest rates by 50+ bps after the June 2026 meeting?,0x4e4a7df876b0c04f0b8b29b9073eddfbaf5c787192da825ae7ca1031bc8cfd15,No,99.60,74.23675,,,0xd7f5e40929fc8aaa1e4ba7f8aefdef1ebdb7bd9c70e627d6fc7e13a1c0b36adf
2026-06-04 18:30:37,"Will Bitcoin dip to $60,000 in June?",0x946bb3ec7e7d9bf146b4487be87e71ace99f1e0e9978cf36fbb5063c23900afb,No,39.00,133.734101,,,0x11fd1b92d3ab9ea216cd3acadbbd0f23472275f42b033e6b10a47638160d344e
2026-06-04 18:30:37,"Ethereum Up or Down - June 4, 2:30PM-2:35PM ET",0x86ef98a9e5ca2ea5dc2e9053559b1221ff292d54ba6752bf6e3a5c5b5f426eef,Up,61.00,5,,,0x71956a76091553970513d9beb6204fb9de63e4bed1ef68a8e04ac5d728260b58
2026-06-04 18:30:37,"Will the price of Bitcoin be above $64,000 on June 5?",0x34ecf20e4baddd4062279778e96ce898d91a845dd1b60289aaaf05cdf7d64a38,Yes,45.70,20,,,0x6c68eacc9f622d7660923c70f27da9c0f2fccd48fa7d562a1d7f2ab09ca6e7d8
2026-06-04 18:30:37,"Will the price of Bitcoin be between $66,000 and $68,000 on June 5?",0x861c4b736026d2783300c9ad54e06be9de467edf554666e028cc887645f048b8,Yes,8.62,12.068964,,,0x8c3a4d59281e0dad1939ab59b6b60bfc3d35d3df26528c596dd257f3cfd37835
2026-06-04 18:30:37,"XRP Up or Down - June 4, 2:30PM-2:45PM ET",0xe15914db46c5709be331549193e61701d2c15fc90d46f490cb3bcb1d62bcff37,Up,54.00,6,,,0x732c9a51406424ec03d3ca186fe933db57462f1b385fe6b0bfe5160c14964531
2026-06-04 18:30:37,"Bitcoin Up or Down - June 4, 2:30PM-2:35PM ET",0x51dcfba27586c391de127ab5a8e9baa4680d301a39f09db459e9b05f49102973,Up,66.00,1.51515,,,0x01b58b18b6c653a1bcca394ce5ee1510ff36b2a2b68457872ded53db3cc62cf6
2026-06-04 18:30:37,Moldova vs. Bulgaria: O/U 0.5,0x3f612adc9d7a5eac54ce84f069cadde00684c7e09239cc6dc31db41957a3528f,Under,9.00,240,,,0x526bced2312482258d772ae99a7f50526f043da940e3ddc9ce4b74f84ea3164f
2026-06-04 18:30:37,"XRP Up or Down - June 4, 2:30PM-2:45PM ET",0xe15914db46c5709be331549193e61701d2c15fc90d46f490cb3bcb1d62bcff37,Down,47.00,10,,,0x8bd356fa775096e20d8b435d5bbe54687efa79cae999edb920979c4b4b4d992d
2026-06-04 18:30:37,Cleveland Guardians vs. New York Yankees,0xfdbba7f905701ebf33b6c83d38d8d39a1c40c49ea0f36d86bf0571aed682f2c6,New York Yankees,51.00,75,,,0x718d0724a639b418a6b04088647c576d87712fd926d32ee9439c94a6da7ad5f6
2026-06-04 18:30:37,"Bitcoin Up or Down - June 4, 12:00PM-4:00PM ET",0xc4796e2a8784f59a76936173a8e924a2cecc527eb851fcc5abe7d65813c5f3e9,Down,47.00,19,,,0x094d99676e81ec4c9064f2bc1e0d29f3b664281ff2afed8180d37c78b0647af8
2026-06-04 18:30:37,"Bitcoin Up or Down - June 4, 2:30PM-2:35PM ET",0x51dcfba27586c391de127ab5a8e9baa4680d301a39f09db459e9b05f49102973,Up,65.06,94,,,0x502cca0ed41512f41d28599b1960ba453fcd7a8fc9b28a8ad62bdd4aa8bcdbbc
2026-06-04 18:30:37,Birmingham: Harry Wendelken vs Mark Lajal,0xbcee9b79dfe04ecc0d54de43b3930b678d85e5b443b6fe69296dbf7ede7bd245,Harry Wendelken,7.00,214.285713,,,0xc1977fdf6bf6bd7469c26e39f5eadf840e0b827c7624c87427c37696ac40f042
2026-06-04 18:30:37,"XRP Up or Down - June 4, 2:30PM-2:35PM ET",0xc5313621721be12687f36dc6855de28a6e4ff03d38c5e6a4b8d7dd0904b5ff2e,Up,58.75,20,,,0x6fb3513067e603ebba8da6b8e97b64f79d52b9c234cc64a229666320c71cd37f
2026-06-04 18:30:37,Will Sweden win on 2026-06-04?,0xdb2128a475e15e341d4ea0a5e5b86daea6d4141be9c6771564b320221c41c54b,Yes,77.00,16.46,,,0x266b54585202aba79a625f634c9c97fa1ff8cf83377af2430a789976a6289505
2026-06-04 18:30:37,"Dogecoin Up or Down - June 4, 2:30PM-2:35PM ET",0xe11d0e232c87a42d2bb686e713714f01f4729dc8a44bddb81af2390cc3d477ea,Up,81.00,5,,,0xefeb00d67478c4b18822981f7bfb718c6da463fe7947cf0a7bc8e79866df6f78
2026-06-04 18:30:37,"Will the price of Bitcoin be above $66,000 on June 6?",0xe508ea2ab4aea6493ccfb5a7b8e2f1ca201f208bc05688d463c2125ecaef06f1,Yes,14.30,107.35,,,0x35b4a4ea9a31f961b9c6b271f8d1f3dfb33747e9f67b7a93c9895dffca096273
2026-06-04 18:30:37,"Bitcoin Up or Down - June 4, 2PM ET",0x3abc093600d2793741018001059df76f55349e8d9e5737c23816bbb5a0f42225,Down,8.03,398,,,0x55e59c7f95c5c4a3fcf5b5f9d2fe1ccead4d76b20a18b4988260e8119873ca88
2026-06-04 18:30:37,"Will the price of Bitcoin be less than $64,000 on June 5?",0x4d1a80d51564d3bcdebd31205285b306f41af2211d1d6a501b4f583c076ca9bb,Yes,51.10,2,,,0x1d5b4edec9d55f061e43236977ac7436362e04864f2bffa8be38141f1dec15aa
2026-06-04 18:30:37,"Bitcoin Up or Down - June 4, 2PM ET",0x3abc093600d2793741018001059df76f55349e8d9e5737c23816bbb5a0f42225,Up,91.00,5,,,0x78ab6902cd869b8339380433637ee7026a92a9a44bc8efe809553462d752e6c6
2026-06-04 18:30:37,"Will Ethereum dip to $1,500 in June?",0x614732ba7a1fe13aa24f5ca67f8e42564178a6f769fb296a017fdb71f82533f9,No,71.00,5,,,0x2f3ab519a59efb3f78a64cf9dac277efa978dbd8bdbbdead35cb42cfe9ceadee
2026-06-04 18:30:37,"Bitcoin Up or Down - June 4, 2:30PM-2:45PM ET",0x061b207481cf9dc7bad7c8bd43dc5ab08279152de197ef0c762d58cebb490386,Up,56.00,1.56,,,0xd21baa70e75b46563230494c9cab557982124d7b75826e9071f81e8c0a609e30
2026-06-04 18:30:37,"Solana Up or Down - June 4, 2:30PM-2:45PM ET",0x717adb22fca935fabda1bba78df51a1e840f3fba98479c7884178a42aa9cc485,Up,70.00,1.42857,,,0x36ec2347f8f671ac74c0510722c01e510497fd1590ed4e35dbbe26924b59ba93
2026-06-04 18:30:37,"Ethereum Up or Down - June 4, 2:30PM-2:35PM ET",0x86ef98a9e5ca2ea5dc2e9053559b1221ff292d54ba6752bf6e3a5c5b5f426eef,Up,64.00,9.375,,,0xcfdd21666a5c9b8ca0e2142e2349e478131634ef6d7ef5339ad9f7ce84f99cc1
2026-06-04 18:30:37,"Will the price of Bitcoin be less than $64,000 on June 5?",0x4d1a80d51564d3bcdebd31205285b306f41af2211d1d6a501b4f583c076ca9bb,Yes,50.10,10,,,0x3469702e4b3223832be6ef577043c61c9dd24239d30c4149864db8dc01b4957d
2026-06-04 18:30:37,Will there be a red flag during the 2026 F1 Monaco Grand Prix?,0x72a25c287adac562cda6f71db38fdac4b32fd5e8de017f3ae0064e1c40c0fcb8,Yes,37.00,8.108107,,,0xf56363ed71a222264453b8ba25b2a58bb3b224ce47822fcb0004ed5d589eb676
2026-06-04 18:30:37,"Bitcoin Up or Down - June 4, 2:30PM-2:35PM ET",0x51dcfba27586c391de127ab5a8e9baa4680d301a39f09db459e9b05f49102973,Down,35.00,6,,,0xc63dd0c64133eea58ce6e889bb9ae3167cf69a8e4fee18ba5306e8af8cee28ee
2026-06-04 18:30:37,"Bitcoin Up or Down - June 4, 12:00PM-4:00PM ET",0xc4796e2a8784f59a76936173a8e924a2cecc527eb851fcc5abe7d65813c5f3e9,Down,40.00,20.48,,,0x5d3141701c693e86d365f750a93101b0e7957454ed551a397dd0b30a2efc2f6d
2026-06-04 18:30:37,"Bitcoin Up or Down - June 4, 2:30PM-2:45PM ET",0x061b207481cf9dc7bad7c8bd43dc5ab08279152de197ef0c762d58cebb490386,Up,56.00,5,,,0xb4ec6e3ad4470956a16221c3451501473050f63858fcd01f750083d3aea559ca
2026-06-04 18:30:36,"Will the price of Bitcoin be above $68,000 on June 5?",0x5d8feab6615a6690fa33a617c4e31eab9d77759e030484ae02b1fc18004cc9b2,Yes,1.80,138.09,,,0x016f33ebede1b5d84cbf22de7bfc384f4d986df7a3e43d04fa0a522c19782adc
2026-06-04 18:30:36,"Bitcoin Up or Down - June 4, 2:30PM-2:45PM ET",0x061b207481cf9dc7bad7c8bd43dc5ab08279152de197ef0c762d58cebb490386,Up,54.00,5.333332,,,0x02e8b538119e962a13592615cc010e99533bc7b3aa918b0ab965ede12e3ac36c
2026-06-04 18:30:36,"Bitcoin Up or Down - June 4, 2:30PM-2:35PM ET",0x51dcfba27586c391de127ab5a8e9baa4680d301a39f09db459e9b05f49102973,Up,59.00,1.864404,,,0xf64c2d710624697e764ed06ddd4b68a04d80117a372506cec1a5af85cf1f668d
2026-06-04 18:30:36,"Will Bitcoin reach $68,000 on June 4?",0xba6d05b39d2f19a0bebf09ff2638ada4912a68fd84d4d99c3ae98a1ffd68038b,Yes,1.00,100,,,0x0272b6679b85e0a2f7ae7626293f42a94216b78a9b2b3884ab99ee74b8f1ab8a
2026-06-04 18:30:36,"Bitcoin Up or Down - June 4, 2:30PM-2:35PM ET",0x51dcfba27586c391de127ab5a8e9baa4680d301a39f09db459e9b05f49102973,Down,42.00,2.380951,,,0x376ab78a94efd24180a56803f2e6d5b96972d838fe780c35ac65f96fdc6beac6
2026-06-04 18:30:36,Cleveland Guardians vs. New York Yankees,0xfdbba7f905701ebf33b6c83d38d8d39a1c40c49ea0f36d86bf0571aed682f2c6,New York Yankees,50.00,119,,,0x68c3adb2d11a34edac2e1db902f0141935b97aa255e7dc2e82793cb73950a6ea
2026-06-04 18:30:36,"Bitcoin Up or Down - June 4, 2:30PM-2:35PM ET",0x51dcfba27586c391de127ab5a8e9baa4680d301a39f09db459e9b05f49102973,Down,42.00,11.90476,,,0xbd8deee0bc8affa64ae5aa335ec3712a734886615d24695082901878fbbee70b
2026-06-04 18:30:36,"Bitcoin Up or Down - June 4, 12:00PM-4:00PM ET",0xc4796e2a8784f59a76936173a8e924a2cecc527eb851fcc5abe7d65813c5f3e9,Down,44.00,15.98,,,0x7224298975e34e5a32b590d2cab8b652acb609b505e1196314bbb49a44805ce8
2026-06-04 18:30:36,Baltimore Orioles vs. Boston Red Sox,0x4a4406119113d717306b22b738cc6906b90b17266b4ffb348be36064766f4aca,Baltimore Orioles,94.00,10,,,0x4e82cf757fac1e710f86e3fc29e226740d0d13f343872d12058f44ce705c58ad
2026-06-04 18:30:36,"Bitcoin Up or Down - June 4, 2:30PM-2:35PM ET",0x51dcfba27586c391de127ab5a8e9baa4680d301a39f09db459e9b05f49102973,Down,35.00,5,,,0x68891b258f0026964c754730f44fa5bbaa4785c83d22bb28c738df3e63349a42
2026-06-04 18:30:36,"Bitcoin Up or Down - June 4, 2:30PM-2:35PM ET",0x51dcfba27586c391de127ab5a8e9baa4680d301a39f09db459e9b05f49102973,Down,39.31,68.682856,,,0x0e8ac739a79fdee831294a701d39d07545825de9b80c54dec5ccf18e5e8cc72d
2026-06-04 18:30:36,"Bitcoin Up or Down - June 4, 2:30PM-2:35PM ET",0x51dcfba27586c391de127ab5a8e9baa4680d301a39f09db459e9b05f49102973,Up,65.00,5,,,0x0e4dc0e8853674ec6eec0235594b6909b42702c0765aab0aa4b498a7c3c6dede
2026-06-04 18:30:36,Will Fabien Roussel win the 2027 French presidential election?,0x6ad63235931f80951a48f2338956dea7bb70c97f99a7bd03f5f501d6e4673842,No,99.30,114.21,,,0x767b29e64c0a23b5156b5536f6c80351ec65cbda19a220fc74d22f293aeed3af
2026-06-04 18:30:36,"Ethereum Up or Down - June 4, 2:30PM-2:35PM ET",0x86ef98a9e5ca2ea5dc2e9053559b1221ff292d54ba6752bf6e3a5c5b5f426eef,Up,64.00,1.5625,,,0xabcc2fc1b24eeb3a1e992d108883015c58357ade2eacd9c2679f1821aff65227
2026-06-04 18:30:36,Cleveland Guardians vs. New York Yankees: O/U 7.5,0xc6fb192690cdc8062e720615db974ead9e2cae93def381c1e680b25fca3ab709,Under,61.00,12,,,0xf3e44b563782dbf30a91cfbe51259eac5e5fcdbea8e79159f1749b69a0de8204
2026-06-04 18:30:36,Cleveland Guardians vs. New York Yankees: O/U 7.5,0xc6fb192690cdc8062e720615db974ead9e2cae93def381c1e680b25fca3ab709,Under,64.00,10.93,,,0x94bff70a5936173645986d1ba4ef9ef7d89ef7088dfce07b4cdd327d38cf89a4
2026-06-04 18:30:36,San Francisco Giants vs. Milwaukee Brewers: O/U 12.5,0x3dddb1bc95b8c1d5a35255048687566dc88fc66450f70044659029e148580d2b,Over,43.00,3,,,0x9538d5f7a412da00674b7a26760db0e13794befb07c2d1426dac42b027a472dc
2026-06-04 18:30:36,"Ethereum Up or Down - June 4, 2:30PM-2:35PM ET",0x86ef98a9e5ca2ea5dc2e9053559b1221ff292d54ba6752bf6e3a5c5b5f426eef,Up,61.00,16.8,,,0xd045141fc648d3ceac2f3d6cdfb0204afdb9e0f4e23dfe5b3657cc5eed4fc8d3
2026-06-04 18:30:36,"Bitcoin Up or Down - June 4, 2:30PM-2:35PM ET",0x51dcfba27586c391de127ab5a8e9baa4680d301a39f09db459e9b05f49102973,Up,59.00,5,,,0x6d905cfdbd4cba9c6633aad63ce209ea6958bd5dd506a1231ce4e4e55f345658
2026-06-04 18:30:36,"Will the price of Ethereum be between $1,600 and $1,700 on June 5?",0xc5840bac87513a3bb7d58e2e8730c5ef05001577a54db34fe22b19b7905734e6,No,91.90,220.007604,,,0x989fb6e1894795e5603b039a5642fa37c42b5c29918db6158353dea317cc0387
2026-06-04 18:30:36,LoL: ⁠Movistar KOI Fénix vs UCAM Esports Club - Game 4 Winner,0x258e411eef2cb422cfbc113866efa369b848738d23d28e9ed64a27709846b394,UCAM Esports Club,83.00,15,,,0xe0e7bae849bc8e195d77e0efd5442a5f238d75b080b9c8601416c107d7d5dd69
2026-06-04 18:30:36,Counter-Strike: M80 vs NRG (BO3) - IEM Cologne Major Stage 1,0xca57b20c69fc5219ae2e4c2d747689ebdcea7702558b86d99d25ae958908262f,NRG,34.00,45.92,,,0x73ee9912be1952823e877072e35562d51f671e3ee650058b1749d80f80b65571
2026-06-04 18:30:36,Will the Iranian regime fall by June 30?,0x9352c559e9648ab4cab236087b64ca85c5b7123a4c7d9d7d4efde4a39c18056f,No,97.40,10.27,,,0x4dd8df148dc8e7ea7b06733fdd233a572c66db33ee51a24ac224e5957794df35
2026-06-04 18:30:36,"Solana Up or Down - June 4, 2:30PM-2:45PM ET",0x717adb22fca935fabda1bba78df51a1e840f3fba98479c7884178a42aa9cc485,Up,64.00,5,,,0xf34dbc1463b6392705c71bab01736cc2b2d58bffc7202a0db6c7062451b8ab01
2026-06-04 18:30:36,Will Sweden win on 2026-06-04?,0xdb2128a475e15e341d4ea0a5e5b86daea6d4141be9c6771564b320221c41c54b,Yes,77.00,80,,,0x2cb2a196dbd77b8946a956dff57915ec95bf877e624c37a929246e956938eb4e
2026-06-04 18:30:36,Paris Basketball vs. Cholet: O/U 177.5,0xf9b25b604b0b9437d84886ad7b4b4bf8ac2810b2d39e09f627804f2fbbc9182a,Over,48.00,6.375,,,0x2af49d50d2a953b5c1b8505657d5694f72128b443b59ab7c0d85f978b313a5a4
2026-06-04 18:30:36,"Bitcoin Up or Down - June 4, 2:30PM-2:35PM ET",0x51dcfba27586c391de127ab5a8e9baa4680d301a39f09db459e9b05f49102973,Down,42.00,19,,,0x1903b7bcda13de578b138691fdf0a9edceb92bd2efdf16012aa1aa3667d267ab
2026-06-04 18:30:36,"Bitcoin Up or Down - June 4, 2:30PM-2:35PM ET",0x51dcfba27586c391de127ab5a8e9baa4680d301a39f09db459e9b05f49102973,Up,65.00,5,,,0xa1f60c3d067ff7d16976f8689cb4b0ea8825f97af10f6aa3dcc5b5542f21e28f
2026-06-04 18:30:36,"Bitcoin Up or Down - June 4, 12:00PM-4:00PM ET",0xc4796e2a8784f59a76936173a8e924a2cecc527eb851fcc5abe7d65813c5f3e9,Down,47.00,66,,,0x1af1bf6d9309005b9f43c22acb30ce35e9be4b8713af54b2ef5dd7f82d8eb7f4
2026-06-04 18:30:36,"Bitcoin Up or Down - June 4, 2PM ET",0x3abc093600d2793741018001059df76f55349e8d9e5737c23816bbb5a0f42225,Up,89.00,10,,,0x9da5e1c2f9c2164a46c96934666eee4f001f30d2ba377c25768b39363f77cb0f
2026-06-04 18:30:36,"Bitcoin Up or Down - June 4, 2PM ET",0x3abc093600d2793741018001059df76f55349e8d9e5737c23816bbb5a0f42225,Up,89.00,10.449436,,,0x725173638eeb084e7a75b204c98cfb52d2efaf4e7aace7d86172ec45a81cde5c
2026-06-04 18:30:36,"Bitcoin Up or Down - June 4, 2:30PM-2:45PM ET",0x061b207481cf9dc7bad7c8bd43dc5ab08279152de197ef0c762d58cebb490386,Up,55.00,5.272726,,,0x98fb3d1401b46a389c03d32b9b2ee6b6ce8601c9bacfc699085b96e65a46874f
2026-06-04 18:30:36,"Bitcoin Up or Down - June 4, 2:30PM-2:45PM ET",0x061b207481cf9dc7bad7c8bd43dc5ab08279152de197ef0c762d58cebb490386,Down,45.00,25.22,,,0xa6399f63e6ff5b51e83499ba730bd4a7c5372216f0965c368b3280e866746e39
2026-06-04 18:30:36,"XRP Up or Down - June 4, 2:30PM-2:35PM ET",0xc5313621721be12687f36dc6855de28a6e4ff03d38c5e6a4b8d7dd0904b5ff2e,Up,58.00,4.53,,,0x620f486fa6fc0fbfc80574b174b3929f62a4f14da6a06318b1c21615daf6d398
2026-06-04 18:30:36,"Solana Up or Down - June 4, 2:30PM-2:45PM ET",0x717adb22fca935fabda1bba78df51a1e840f3fba98479c7884178a42aa9cc485,Up,64.00,5,,,0xb1160be19819a90a4e6edbbe553c2a073307cb9abdcd9bd567be957d23d707be
2026-06-04 18:30:36,"Bitcoin Up or Down - June 4, 2:30PM-2:35PM ET",0x51dcfba27586c391de127ab5a8e9baa4680d301a39f09db459e9b05f49102973,Up,65.00,2.307691,,,0x364b2388b246853230169ad6f662b68e2b28b1c08220ddf444a70f12d71bab79
2026-06-04 18:30:36,"Ethereum Up or Down - June 4, 2:30PM-2:35PM ET",0x86ef98a9e5ca2ea5dc2e9053559b1221ff292d54ba6752bf6e3a5c5b5f426eef,Up,59.00,5.338982,,,0x6033df05ba07772f170bbe9daa0d56572b26cae40aee2a6f7ed9196c8dff7c9f
2026-06-04 18:30:36,"Bitcoin Up or Down - June 4, 2:30PM-2:35PM ET",0x51dcfba27586c391de127ab5a8e9baa4680d301a39f09db459e9b05f49102973,Up,65.09,54,,,0x3a7f1183e2e064ac1fe7efc569c26f235360ff39519cdb4ca7277a5b7a4ca75d
2026-06-04 18:30:36,"Ethereum Up or Down - June 4, 2:30PM-2:35PM ET",0x86ef98a9e5ca2ea5dc2e9053559b1221ff292d54ba6752bf6e3a5c5b5f426eef,Up,59.00,5.932202,,,0x1a3b542de52ddb46da0c931a159196be625bf4dec8f2d5405cf8b3904833363e
2026-06-04 18:30:36,"XRP Up or Down - June 4, 2PM ET",0x5d9aa19269933ef8dd98d3cb3f06ebe4adee0ab4e29e9d7bf12426277fbef93f,Down,7.00,12,,,0xd57c1a12ebef359cb84ce2cf341b53781c83755cfdaadf666b7783a21067d5c8
2026-06-04 18:30:36,"XRP Up or Down - June 4, 2:30PM-2:35PM ET",0xc5313621721be12687f36dc6855de28a6e4ff03d38c5e6a4b8d7dd0904b5ff2e,Up,58.00,7.362066,,,0x726722176b4e1aeef27ede8b3fa6a3a999a6ae708f95e424668739879e554382
2026-06-04 18:30:36,"Bitcoin Up or Down - June 4, 2:30PM-2:35PM ET",0x51dcfba27586c391de127ab5a8e9baa4680d301a39f09db459e9b05f49102973,Down,36.00,5.444443,,,0xef49c43a9133b7aa1a81ceb49eb728b1e057d3c22819abb15f0a4b2ba61f1fe1
2026-06-04 18:30:36,"XRP Up or Down - June 4, 2:30PM-2:35PM ET",0xc5313621721be12687f36dc6855de28a6e4ff03d38c5e6a4b8d7dd0904b5ff2e,Up,57.22,84.220336,,,0x874f88e54d396c6496bd6c9fd49b7465bc8bffd16e999741f0780bc679194c20
2026-06-04 18:30:36,Spread: France (-2.5),0xcb597bdc91a9f9240a9028cb7f332ef517d8ca27837386b08696820ef9076a18,France,35.00,805.71,,,0x35c3771e165769b0955fd48c057cbed21c173ab3cc9ab28e99bb0efed2a281e0
2026-06-04 18:30:36,"Bitcoin Up or Down - June 4, 2:30PM-2:35PM ET",0x51dcfba27586c391de127ab5a8e9baa4680d301a39f09db459e9b05f49102973,Up,64.26,7.702614,,,0xa6ce60cbc9baba8bca932855c3740f7a13fc8df88eb0a924d472f6023a906437
2026-06-04 18:30:36,"Bitcoin Up or Down - June 4, 2:30PM-2:35PM ET",0x51dcfba27586c391de127ab5a8e9baa4680d301a39f09db459e9b05f49102973,Up,65.00,7.615382,,,0xea287b3840d5cc2252df457652983adcc25f46e196fc93aee28987d7fc9a7caa
2026-06-04 18:30:36,"Bitcoin Up or Down - June 4, 2:30PM-2:35PM ET",0x51dcfba27586c391de127ab5a8e9baa4680d301a39f09db459e9b05f49102973,Up,65.00,7.615382,,,0x0459ef5ab1b37c22c11d0ae767bb2a62b0e174a3f335945d845c2ae8757d54bf
2026-06-04 18:30:36,"Bitcoin Up or Down - June 4, 2:30PM-2:35PM ET",0x51dcfba27586c391de127ab5a8e9baa4680d301a39f09db459e9b05f49102973,Up,65.00,1.53846,,,0xcdefc61a3b19f000e5f69ccdcd92b8bc0a2979bc38eb2c418e18c5173dd06b1c
2026-06-04 18:30:36,"Bitcoin Up or Down - June 4, 2:30PM-2:35PM ET",0x51dcfba27586c391de127ab5a8e9baa4680d301a39f09db459e9b05f49102973,Up,66.00,5.151514,,,0x322efa040471ea87205ed9cbdfbda1e20c90ae2ba3b4f429d0b39fc5c71fd030
2026-06-04 18:30:36,Will 2026 be the hottest year on record?,0xe67f4d31f0eba1b009b49d7a7739b2a5f53a2d7d979a0902b465a510492c33bb,Yes,30.00,6,,,0xd68e2e9834b147b9d4e0ff42071073a5b978490aaab8c77f3de4b2ed4354f7c6
2026-06-04 18:30:36,"Bitcoin Up or Down - June 4, 2:30PM-2:35PM ET",0x51dcfba27586c391de127ab5a8e9baa4680d301a39f09db459e9b05f49102973,Down,36.00,90,,,0x1d1ad33ecd86bbce4d8efdb50607d862e3c77bd62b918be29e13fb5e0a52e569
2026-06-04 18:30:36,"XRP Up or Down - June 4, 2:30PM-2:35PM ET",0xc5313621721be12687f36dc6855de28a6e4ff03d38c5e6a4b8d7dd0904b5ff2e,Down,43.33,60,,,0x6a1736e810c811f2112d5b1e0968d88bf02281487721b629003d303955636b94
2026-06-04 18:30:36,"Bitcoin Up or Down - June 4, 2:30PM-2:35PM ET",0x51dcfba27586c391de127ab5a8e9baa4680d301a39f09db459e9b05f49102973,Up,64.00,10,,,0x054ff972610717f663f47f6831cfe7bd0ef7dd52981d66a28993f26b9bd30171
2026-06-04 18:30:36,"Bitcoin Up or Down - June 4, 2:30PM-2:35PM ET",0x51dcfba27586c391de127ab5a8e9baa4680d301a39f09db459e9b05f49102973,Down,38.00,2.631577,,,0xac873fda136d4cff50be0532399f7b07c9c4130c1c43f23d5638d3555b85ab29
2026-06-04 18:30:36,"Bitcoin Up or Down - June 4, 2:30PM-2:35PM ET",0x51dcfba27586c391de127ab5a8e9baa4680d301a39f09db459e9b05f49102973,Up,62.35,32,,,0x5de14b38eae034213e61074e7556c1e459a4e3f64a5112e9270d85ad0acb4db9
2026-06-04 18:30:36,Tyler: Braden Shick vs Masamichi Imamura,0xb17c9ec7f7fc3ba7393e3687295edca50c5f8b25173f3a1d48eb10b8f254729c,Masamichi Imamura,46.00,5,,,0x88b8322cb4dcba48509985e5d099457ddbe1145dfb5ca2dda376ae0c9a06cd04
2026-06-04 18:30:36,"Bitcoin Up or Down - June 4, 2:30PM-2:35PM ET",0x51dcfba27586c391de127ab5a8e9baa4680d301a39f09db459e9b05f49102973,Up,64.00,25,,,0xe5f5d004f10296f2da7d5d9b84717363766707100db918b61c9d6fcbe2c17a0a
2026-06-04 18:30:36,"Bitcoin Up or Down - June 4, 2:30PM-2:35PM ET",0x51dcfba27586c391de127ab5a8e9baa4680d301a39f09db459e9b05f49102973,Up,64.00,3.92,,,0x1cea3e84aa2742c3f6366eab9e9f5762df33be65ba910ea49e265cf42bd09bbb
2026-06-04 18:30:36,"Bitcoin Up or Down - June 4, 2:30PM-2:35PM ET",0x51dcfba27586c391de127ab5a8e9baa4680d301a39f09db459e9b05f49102973,Down,36.00,20,,,0x87c2b6ffc982cf0e6f32c2885b0429f803dbd283dda4a7c8333bc46304943365
2026-06-04 18:30:36,"Bitcoin Up or Down - June 4, 2:30PM-2:35PM ET",0x51dcfba27586c391de127ab5a8e9baa4680d301a39f09db459e9b05f49102973,Up,66.00,5.303029,,,0x7336e2c7790cff0afd0e108a28ecfe1bb4b7f88c05ed4a286f44db6ae8ef2f6b
2026-06-04 18:30:36,"Bitcoin Up or Down - June 4, 2:30PM-2:35PM ET",0x51dcfba27586c391de127ab5a8e9baa4680d301a39f09db459e9b05f49102973,Down,40.00,40,,,0x0e529f71c179baa03e1c45651dbc44ed8b0db3663f9ba9d77d2707bded3ed594
2026-06-04 18:30:36,"Ethereum Up or Down - June 4, 2:30PM-2:45PM ET",0x0eda108c856a95c6c7500d6d9f0c485369bf3b129f46fd2834abccaa800bd387,Up,55.00,5.090908,,,0xfc19663de7c7dacd4413001830e2369d6d590d7202661579a875e3c7a5e8f31f
2026-06-04 18:30:36,"Bitcoin Up or Down - June 4, 2:30PM-2:35PM ET",0x51dcfba27586c391de127ab5a8e9baa4680d301a39f09db459e9b05f49102973,Down,36.00,7.89,,,0xe606bb43ec5e1d451da85fe74ff5b700a1065b82c324111c026f888e1fa2118c
2026-06-04 18:30:36,"Bitcoin Up or Down - June 4, 2:30PM-2:35PM ET",0x51dcfba27586c391de127ab5a8e9baa4680d301a39f09db459e9b05f49102973,Up,66.00,6.181817,,,0x24a0e8b6119811f95c1d43b05244f76cae54ed10416a072142af212e6d059827
2026-06-04 18:30:36,"Bitcoin Up or Down - June 4, 2:30PM-2:45PM ET",0x061b207481cf9dc7bad7c8bd43dc5ab08279152de197ef0c762d58cebb490386,Down,48.00,7.25,,,0x959a67eba2440873bca208722d2d77fa5bcaa54e655051c1f0e825c1b7679925
2026-06-04 18:30:36,"Bitcoin Up or Down - June 4, 2:30PM-2:35PM ET",0x51dcfba27586c391de127ab5a8e9baa4680d301a39f09db459e9b05f49102973,Down,35.00,5,,,0xe30a3a02c51318d12e772bc44ec531840bd6ac7f6013883d7b217d56febac164
2026-06-04 18:30:36,"Bitcoin Up or Down - June 4, 2:30PM-2:35PM ET",0x51dcfba27586c391de127ab5a8e9baa4680d301a39f09db459e9b05f49102973,Up,65.00,8.25,,,0x80d6e725943ae74e91eb427c26ae5cbff8025e21201162da4efe12fc30d3625f
2026-06-04 18:30:36,"Bitcoin Up or Down - June 4, 2:30PM-2:35PM ET",0x51dcfba27586c391de127ab5a8e9baa4680d301a39f09db459e9b05f49102973,Up,65.00,5,,,0x2fa0d712fc624a8bcf9668a2cd989e0fc2e13783c8001c4907fa84baea27e556
2026-06-04 18:30:36,"Bitcoin Up or Down - June 4, 2:30PM-2:35PM ET",0x51dcfba27586c391de127ab5a8e9baa4680d301a39f09db459e9b05f49102973,Down,40.00,5,,,0xdeff05e80dea4c88e2dae9021ff06451d792fa2d60e2d81fd14d7487b5838847
2026-06-04 18:30:36,"Bitcoin Up or Down - June 4, 2:30PM-2:35PM ET",0x51dcfba27586c391de127ab5a8e9baa4680d301a39f09db459e9b05f49102973,Up,65.00,5,,,0xe745e4c68d97a5f5d5d917efc6d193f41a6e3cd1c2a3fa05bbe820b76bc3b6f2
2026-06-04 18:30:36,"Bitcoin Up or Down - June 4, 2:30PM-2:35PM ET",0x51dcfba27586c391de127ab5a8e9baa4680d301a39f09db459e9b05f49102973,Down,35.00,5,,,0x28b6d155aa2e1cbb543673fd2a3673bd67353c382daf50e37ff8b911e07f21ac
2026-06-04 18:30:36,"Bitcoin Up or Down - June 4, 2:30PM-2:35PM ET",0x51dcfba27586c391de127ab5a8e9baa4680d301a39f09db459e9b05f49102973,Up,64.00,5.38,,,0xf79271716a76f84aee0a2c327aabaf769aa5863eedb28e3811a2373968a278e9
2026-06-04 18:30:36,"XRP Up or Down - June 4, 2:30PM-2:35PM ET",0xc5313621721be12687f36dc6855de28a6e4ff03d38c5e6a4b8d7dd0904b5ff2e,Up,65.31,76.940296,,,0xb5a7ed5307d9cf16f8f7cf14ac5a2f2514c549554ac3637737ea28f541c6403f
2026-06-04 18:30:36,"Bitcoin Up or Down - June 4, 2:30PM-2:45PM ET",0x061b207481cf9dc7bad7c8bd43dc5ab08279152de197ef0c762d58cebb490386,Up,55.00,1.81818,,,0x07bf04b319a335fe54076438ab003da12996d4c16e150542a9f1f955a0cf68b8
2026-06-04 18:30:36,"Bitcoin Up or Down - June 4, 2:30PM-2:35PM ET",0x51dcfba27586c391de127ab5a8e9baa4680d301a39f09db459e9b05f49102973,Up,62.00,1.612902,,,0x3465897b45129c9c527f464726fc114767923c7b3b49c5da33cacc1b0fe3d6b7
2026-06-04 18:30:36,Will Sweden win on 2026-06-04?,0xdb2128a475e15e341d4ea0a5e5b86daea6d4141be9c6771564b320221c41c54b,No,23.00,8.19,,,0x14f034d6f19ed00661551a483ba5d879525570bcc3bb838afb03a5d3c4f22fc7
2026-06-04 18:30:36,"Bitcoin Up or Down - June 4, 2:30PM-2:35PM ET",0x51dcfba27586c391de127ab5a8e9baa4680d301a39f09db459e9b05f49102973,Down,42.00,72,,,0x8f6edbf4c7e08f42039112bb8d4edc50611d2faf0acc906db8a532e78df3838f
2026-06-04 18:30:36,Birmingham (Doubles): Gibson/Tjen vs Preston/Swan,0xd8e839df05d0d96bcfdb4b2d79b636a561e05a1c083d2447062c4d712496ec01,Gibson/Tjen,99.90,5,,,0x5b1347e0573b764642a179778f56a40af5eb193226a30eaf4f061f4f4acd111a
2026-06-04 18:30:36,"Bitcoin Up or Down - June 4, 2:30PM-2:35PM ET",0x51dcfba27586c391de127ab5a8e9baa4680d301a39f09db459e9b05f49102973,Up,59.00,3.22,,,0x42e2b71ab4d66b878e099d3823babd6b6a889be01d2c86f7c3b7c4957e306d96
2026-06-04 18:30:36,Games Total: O/U 2.5,0xea7fd093369ae3b3cc6e3d591035c8fa21802037011f7a6a36d768d1f79fd457,Under,99.90,5,,,0xe28940c01362658a947d550127658db3ba57eb3ca27624758fc5ac0b4339457f
2026-06-04 18:30:36,Barcelona vs. CB Murcia,0x119414c31aaca933a8dce2b0f7893351a145e01858226c16fe01a94326427a3e,Barcelona,39.00,5,,,0x7667d9f3297b647a82ec24eac5098a5b6d8002023d96a872c8f04ef94af5c82f
2026-06-04 18:30:36,"Bitcoin Up or Down - June 4, 2:30PM-2:35PM ET",0x51dcfba27586c391de127ab5a8e9baa4680d301a39f09db459e9b05f49102973,Up,65.00,5,,,0x36830ff6c87726334dc01ac9c2e1a6c794aa7322fe6494c65a275bd2b743db0c
2026-06-04 18:30:36,"Bitcoin Up or Down - June 4, 2:30PM-2:35PM ET",0x51dcfba27586c391de127ab5a8e9baa4680d301a39f09db459e9b05f49102973,Up,59.00,8.389829,,,0x2f9c0d1b65c46c14ea93ca2021bfb803ff7ef844faa92c47f3df90101872bdc1
2026-06-04 18:30:36,"Bitcoin Up or Down - June 4, 2:30PM-2:35PM ET",0x51dcfba27586c391de127ab5a8e9baa4680d301a39f09db459e9b05f49102973,Down,42.00,20,,,0x5d5db4f619751ed7270986c62f3809c1995ffd0a0cad08e6fe50c07f0237cab0
2026-06-04 18:30:36,"Bitcoin Up or Down - June 4, 2:30PM-2:35PM ET",0x51dcfba27586c391de127ab5a8e9baa4680d301a39f09db459e9b05f49102973,Up,59.00,8.389829,,,0x29b51ae29b5a863bf1b04595049e8b96e2d37964acd9d95fecacab2a6ded36a3
2026-06-04 18:30:36,"Bitcoin Up or Down - June 4, 2:30PM-2:35PM ET",0x51dcfba27586c391de127ab5a8e9baa4680d301a39f09db459e9b05f49102973,Up,65.00,5.461537,,,0xabb980145d5a85a41566ffb87f7035a8ef2f1cd9d903ec075724ea907aa10577
2026-06-04 18:30:36,"Bitcoin Up or Down - June 4, 2:30PM-2:35PM ET",0x51dcfba27586c391de127ab5a8e9baa4680d301a39f09db459e9b05f49102973,Down,42.00,40,,,0xd32818e89690ad64ad9bbf67c44d0389982e74278c4f0c9daa2cc60abc10c881
2026-06-04 18:30:36,Sweden vs. Greece: O/U 4.5,0xfee8041473ee7d1b067ea757b3e7b0a24f4f430ec3d2ce2d0315ed62e6ec81ab,Over,13.00,3,,,0xb148be82eb1f8d28c6785dbfb457bfc9e21c382d7143d78a2f56fd08ff29d7b4
2026-06-04 18:30:36,"Bitcoin Up or Down - June 4, 2:30PM-2:45PM ET",0x061b207481cf9dc7bad7c8bd43dc5ab08279152de197ef0c762d58cebb490386,Up,55.00,10,,,0x4a4ede2ab0e6e5ec418fdcd0f66133f4fa92d877fac3b07a4fbe117d43f9c7f8
2026-06-04 18:30:36,"Bitcoin Up or Down - June 4, 2:30PM-2:35PM ET",0x51dcfba27586c391de127ab5a8e9baa4680d301a39f09db459e9b05f49102973,Up,65.00,5,,,0x6e27707a6090f7dcae8434332d477128b7a14b65b78d4f42a1d5aadc02b2838b
2026-06-04 18:30:36,"Bitcoin Up or Down - June 4, 2:30PM-2:35PM ET",0x51dcfba27586c391de127ab5a8e9baa4680d301a39f09db459e9b05f49102973,Down,36.00,5,,,0x1c523b2d81c01f655e7391e1d89fd053ee2338030a301f2924d4f8a38fc6bdd5
2026-06-04 18:30:36,"Bitcoin Up or Down - June 4, 2:30PM-2:45PM ET",0x061b207481cf9dc7bad7c8bd43dc5ab08279152de197ef0c762d58cebb490386,Up,55.00,5,,,0xfccb1289bb84c4c13aca4c3b43ccb5c5179cc70146d402b477ce638670f23e0f
2026-06-04 18:30:36,"Bitcoin Up or Down - June 4, 2:30PM-2:35PM ET",0x51dcfba27586c391de127ab5a8e9baa4680d301a39f09db459e9b05f49102973,Up,61.99,13.453386,,,0xe1044b7c54ea32f8376c69e0f67901a44615213d7e0725c784000481798f72ad
2026-06-04 18:30:36,"Bitcoin Up or Down - June 4, 2:30PM-2:35PM ET",0x51dcfba27586c391de127ab5a8e9baa4680d301a39f09db459e9b05f49102973,Down,42.00,18.285713,,,0x304f97897c0e78ea8cd059f6ca4116f74147ef6b8c4237acd664a637ce3d6570
2026-06-04 18:30:36,Cleveland Guardians vs. New York Yankees: O/U 7.5,0xc6fb192690cdc8062e720615db974ead9e2cae93def381c1e680b25fca3ab709,Under,64.00,1.703125,,,0x3754f008eb7cf9f608a2e0ad69ebff190fa7d4d3a5f9d4e227ba365b1f08e775
2026-06-04 18:30:36,"Bitcoin Up or Down - June 4, 2:30PM-2:35PM ET",0x51dcfba27586c391de127ab5a8e9baa4680d301a39f09db459e9b05f49102973,Up,65.00,1.53846,,,0x2d3a091cfdeafeae1d79ae0ec03d77457a0cfae7328b6c841e4845b259f299dd
2026-06-04 18:30:36,"Bitcoin Up or Down - June 4, 2:30PM-2:35PM ET",0x51dcfba27586c391de127ab5a8e9baa4680d301a39f09db459e9b05f49102973,Up,65.00,20,,,0x5a19b854daa9c204d2534e1a5db35f8d4a416844b909cb2e466f7df1275e8cf4
2026-06-04 18:30:36,"Solana Up or Down - June 4, 2:30PM-2:35PM ET",0x4908916f4e744dc6dcdc604e790a5e2fa2a7c0174afa21cb1638dc2aaa665149,Down,25.00,4.4,,,0x213d9b8d6ac1c0f6b0f85dd10be6f80639298eb77e68c8838ee07f24d079f9ca
2026-06-04 18:30:36,"XRP Up or Down - June 4, 2:30PM-2:45PM ET",0xe15914db46c5709be331549193e61701d2c15fc90d46f490cb3bcb1d62bcff37,Down,46.00,9.586955,,,0xa7839992b502e00a7a95f586d3aaf2f469ea9527286939f2838b2182a4a84394
2026-06-04 18:30:36,Will Nicaragua win on 2026-06-05?,0xe36c81f7295da9326305b7d91dd0c073dae1a54e8adfb9bd1a7afba17d79ff06,No,97.00,15,,,0xc700cdc65fc68f9a41f84e803d2af20a451530adcbb2f21c36bbdfbf0b31d3c1
2026-06-04 18:30:36,"Bitcoin Up or Down - June 4, 2:35PM-2:40PM ET",0x9374a51a047c41b1d2edc14fde3cf50a058b6c76df18dc47c0010e18001027ac,Down,50.00,5,,,0xa64a813d1092b0ce8bbd5c45a1b019df6786f4a20066f69e59bf330de6ee65a8
2026-06-04 18:30:36,Baltimore Orioles vs. Boston Red Sox,0x4a4406119113d717306b22b738cc6906b90b17266b4ffb348be36064766f4aca,Baltimore Orioles,94.00,1.063816,,,0x133d8751cd6cbfe26f5f83a3170d2902c82286e5590ed793a818a84d89f5a361
2026-06-04 18:30:36,"Bitcoin Up or Down - June 4, 2PM ET",0x3abc093600d2793741018001059df76f55349e8d9e5737c23816bbb5a0f42225,Up,89.00,6.3,,,0xdfea4bdeabd15ace5eb12ee80e3230a761f50e61a06f9cc500dead4a9d7a419b
2026-06-04 18:30:36,"Bitcoin Up or Down - June 4, 2:30PM-2:45PM ET",0x061b207481cf9dc7bad7c8bd43dc5ab08279152de197ef0c762d58cebb490386,Up,54.00,10,,,0xe18165f6f20f7070333807e6da3888acc0774d530cdd57493a12459fd68a1212
2026-06-04 18:30:36,"Will the price of Bitcoin be above $68,000 on June 6?",0xf3cffa523f32396cc47e21a1d31d3f54f199d6fc0a2536d2fdd6953126dd1447,Yes,3.26,290.62,,,0x983707b0e9a6af31fc42674ad5dfcaf0aa8012925a2ac97de6d3e27e38f47193
2026-06-04 18:30:36,"Bitcoin Up or Down - June 4, 2:30PM-2:35PM ET",0x51dcfba27586c391de127ab5a8e9baa4680d301a39f09db459e9b05f49102973,Down,42.00,7.142856,,,0xdb697669cbbbf1c7b297eea5d1af8975a56502dc21e4ee3202658421751ce5c5
2026-06-04 18:30:36,"Bitcoin Up or Down - June 4, 2:30PM-2:35PM ET",0x51dcfba27586c391de127ab5a8e9baa4680d301a39f09db459e9b05f49102973,Up,61.00,3.278687,,,0x9cafee80a4278fba19bcdb618efc34176561ffe6fd1b9b18299b8f80442e8bc8
2026-06-04 18:30:36,"Bitcoin Up or Down - June 4, 2:30PM-2:45PM ET",0x061b207481cf9dc7bad7c8bd43dc5ab08279152de197ef0c762d58cebb490386,Up,54.00,20,,,0x8383ca4aa3e185cc9e0df4372268de346b16b6716591a7af2d1d0bb37ed80b09
2026-06-04 18:30:36,"Bitcoin Up or Down - June 4, 2:30PM-2:35PM ET",0x51dcfba27586c391de127ab5a8e9baa4680d301a39f09db459e9b05f49102973,Down,45.00,20,,,0x783991fb2b021bda1282b873fe4d264cf333b032cd5559896a54ba86fcbb2436
2026-06-04 18:30:36,"Bitcoin Up or Down - June 4, 2:30PM-2:35PM ET",0x51dcfba27586c391de127ab5a8e9baa4680d301a39f09db459e9b05f49102973,Up,61.00,63,,,0x92c22b24ee6b384b7aa847f6fa2f00e696927d5a4333f12b371fe57564741c91
2026-06-04 18:30:36,"XRP Up or Down - June 4, 2:30PM-2:35PM ET",0xc5313621721be12687f36dc6855de28a6e4ff03d38c5e6a4b8d7dd0904b5ff2e,Up,67.00,5,,,0x09dc43c9fd51d0b93bc2ae9f50cd07a5094dc586b4bff33573bb739c54d8cf38
2026-06-04 18:30:36,"Ethereum Up or Down - June 4, 2:30PM-2:35PM ET",0x86ef98a9e5ca2ea5dc2e9053559b1221ff292d54ba6752bf6e3a5c5b5f426eef,Up,61.51,10.2,,,0x8419b09b7f1aacb7d350b38201b89734908a64154e362af4ba55f1af539e960c
2026-06-04 18:30:36,"Bitcoin Up or Down - June 4, 2:30PM-2:35PM ET",0x51dcfba27586c391de127ab5a8e9baa4680d301a39f09db459e9b05f49102973,Down,43.46,44,,,0x5654d16d888d53af121815108d7acd75c797a4388794bcfc863acfd1101b6a10
2026-06-04 18:30:36,"Bitcoin Up or Down - June 4, 2:30PM-2:45PM ET",0x061b207481cf9dc7bad7c8bd43dc5ab08279152de197ef0c762d58cebb490386,Down,46.00,2.347825,,,0x0a68d580aa5eefa0276c97056fa2c54fd32913de4a9af6996716dfa798876c9c
2026-06-04 18:30:36,"Bitcoin Up or Down - June 4, 2:30PM-2:35PM ET",0x51dcfba27586c391de127ab5a8e9baa4680d301a39f09db459e9b05f49102973,Up,64.00,48.82,,,0xa019d44aacf83448ba1aa9a349f36e7048ba5df14bf2bb8157080459be28e7de
2026-06-04 18:30:36,"Solana Up or Down - June 4, 2:30PM-2:35PM ET",0x4908916f4e744dc6dcdc604e790a5e2fa2a7c0174afa21cb1638dc2aaa665149,Down,27.00,4.074073,,,0xd5e03eb51277de8f7b4be837acd57a499d34c0570fed88ea038483ab01bbd5a2
2026-06-04 18:30:36,"Bitcoin Up or Down - June 4, 2:30PM-2:35PM ET",0x51dcfba27586c391de127ab5a8e9baa4680d301a39f09db459e9b05f49102973,Up,62.00,10,,,0x493e048fcfa8f3a707fded68fbe4867dcbd8e9da91ecb9df5499956dc24b5fb5
2026-06-04 18:30:36,"Bitcoin Up or Down - June 4, 2:30PM-2:45PM ET",0x061b207481cf9dc7bad7c8bd43dc5ab08279152de197ef0c762d58cebb490386,Up,54.00,5,,,0x565f88cde4961d934a3d08a666db8fba0556b5b37e636f574e4b3dfe3871984c
2026-06-04 18:30:36,"Bitcoin Up or Down - June 4, 2:30PM-2:35PM ET",0x51dcfba27586c391de127ab5a8e9baa4680d301a39f09db459e9b05f49102973,Up,65.00,7.615382,,,0xd0a5051f5b17b08c144f2c522f0459293ba6b2094e198df8b6ba17400af5ecf4
2026-06-04 18:30:36,"Bitcoin Up or Down - June 4, 2:30PM-2:35PM ET",0x51dcfba27586c391de127ab5a8e9baa4680d301a39f09db459e9b05f49102973,Up,64.00,3,,,0xabc1558f0e1f898e10225962028f03b3ed1970534007408af37da3fd956db45e
2026-06-04 18:30:36,"XRP Up or Down - June 4, 2:30PM-2:35PM ET",0xc5313621721be12687f36dc6855de28a6e4ff03d38c5e6a4b8d7dd0904b5ff2e,Down,38.72,16.68,,,0xb17fa62d0e3338bf4cc9c25ec8d4088b7931ff04635d839f78d1a42af2d91d62
2026-06-04 18:30:36,"Bitcoin Up or Down - June 4, 2:30PM-2:35PM ET",0x51dcfba27586c391de127ab5a8e9baa4680d301a39f09db459e9b05f49102973,Down,39.58,181.45,,,0x1b0fa003383bc29ed367734f77ae08f37c15847c2140d1f2c87c3671ff8fc18c
2026-06-04 18:30:36,"XRP Up or Down - June 4, 2:30PM-2:45PM ET",0xe15914db46c5709be331549193e61701d2c15fc90d46f490cb3bcb1d62bcff37,Up,54.00,1,,,0xe6b1cb3cce9b72e4d5f58a1a6bc59ee9b8c649e499124aeef16727a96f714cff
2026-06-04 18:30:36,"XRP Up or Down - June 4, 2:30PM-2:45PM ET",0xe15914db46c5709be331549193e61701d2c15fc90d46f490cb3bcb1d62bcff37,Down,45.00,5.377776,,,0xfb6e5948091c5ba977a0bb077338e456f2f827c0ee8f23fd35d489eba7b8d1fd
2026-06-04 18:30:36,"XRP Up or Down - June 4, 2:30PM-2:45PM ET",0xe15914db46c5709be331549193e61701d2c15fc90d46f490cb3bcb1d62bcff37,Down,45.00,13.62,,,0xee430661b2037e56fed909cbd1e8ba5bc0cbb55157d28f0fdd2e7628e713497c
2026-06-04 18:30:36,"Bitcoin Up or Down - June 4, 2:30PM-2:35PM ET",0x51dcfba27586c391de127ab5a8e9baa4680d301a39f09db459e9b05f49102973,Down,38.08,192,,,0x86040dc772ac93cb9cb3218b8b893dc77cd062fca62756e5c86e6098d9d2987e
2026-06-04 18:30:36,Cleveland Guardians vs. New York Yankees: O/U 7.5,0xc6fb192690cdc8062e720615db974ead9e2cae93def381c1e680b25fca3ab709,Under,64.00,2.3125,,,0xbd80b0dcd4ec52c9ba62f97c499dc8240d0338ff5a538ef213080d69154e8ba3
2026-06-04 18:30:36,Cleveland Guardians vs. New York Yankees,0xfdbba7f905701ebf33b6c83d38d8d39a1c40c49ea0f36d86bf0571aed682f2c6,New York Yankees,50.00,98.8,,,0x27a1b361b7719cc0519a44e4f803e5c2323113ddf857c8f0d2c8f90d4d6f596e
2026-06-04 18:30:36,"XRP Up or Down - June 4, 2:30PM-2:35PM ET",0xc5313621721be12687f36dc6855de28a6e4ff03d38c5e6a4b8d7dd0904b5ff2e,Down,38.92,29.67,,,0xcfbce5ad7eaa1125e0f459d232ae53145cdbaa85c4b4e60af6bd968b9bae51ab
2026-06-04 18:30:36,"Bitcoin Up or Down - June 4, 2:30PM-2:35PM ET",0x51dcfba27586c391de127ab5a8e9baa4680d301a39f09db459e9b05f49102973,Down,40.00,20,,,0xbfc05a3d70b9076b6d2d628416e2a84b6599732b380218d831f0ed928648f91c
2026-06-04 18:30:36,"Bitcoin Up or Down - June 4, 2:30PM-2:35PM ET",0x51dcfba27586c391de127ab5a8e9baa4680d301a39f09db459e9b05f49102973,Up,64.00,6.1875,,,0xb6ae0bb79a7e95602e0c26d11eccc80ac9e8a759027b55849ddf189127eba1c5
2026-06-04 18:30:36,"Bitcoin Up or Down - June 4, 2:30PM-2:35PM ET",0x51dcfba27586c391de127ab5a8e9baa4680d301a39f09db459e9b05f49102973,Up,64.00,7.8125,,,0x6864dbc23486b9a9ed3762306e5c2fea346f5e119b4347201418749996a120ec
2026-06-04 18:30:36,"Bitcoin Up or Down - June 4, 2:30PM-2:35PM ET",0x51dcfba27586c391de127ab5a8e9baa4680d301a39f09db459e9b05f49102973,Down,40.00,5,,,0x9999695f722ddbe14757114c2585b22421bd576997aa35f5ce5e7d2fed69ea28
2026-06-04 18:30:36,"Bitcoin Up or Down - June 4, 2:30PM-2:35PM ET",0x51dcfba27586c391de127ab5a8e9baa4680d301a39f09db459e9b05f49102973,Up,63.00,10.126983,,,0x7ff02c8f16205a54a31b6e12eaf98cade59e31b256be177ac4626768c4e021ad
2026-06-04 18:30:36,Cleveland Guardians vs. New York Yankees,0xfdbba7f905701ebf33b6c83d38d8d39a1c40c49ea0f36d86bf0571aed682f2c6,New York Yankees,51.00,1.960783,,,0x19fd8999d706a70487964d4102060b8a7c508ee062d7015cbe19ef0e8afbe87f
2026-06-04 18:30:36,"Bitcoin Up or Down - June 4, 2:30PM-2:35PM ET",0x51dcfba27586c391de127ab5a8e9baa4680d301a39f09db459e9b05f49102973,Up,63.18,15.827186,,,0xd8ba7a3665159e4d6d6a3415e503ea9efc69858fc7a779ea6c7868bac1dd1f7d
2026-06-04 18:30:36,"Bitcoin Up or Down - June 4, 2:30PM-2:35PM ET",0x51dcfba27586c391de127ab5a8e9baa4680d301a39f09db459e9b05f49102973,Down,40.00,2.5,,,0x7676c782cdaf5b5a065bdbb70e62999af2930634c815cca160620458c23a171d
2026-06-04 18:30:36,"Bitcoin Up or Down - June 4, 2:30PM-2:35PM ET",0x51dcfba27586c391de127ab5a8e9baa4680d301a39f09db459e9b05f49102973,Up,61.00,5.409835,,,0xf5a0a2e8cdc7b2d7dd5958018421580e7f2f1400a24822f19edc03142ee781c5
2026-06-04 18:30:36,"Bitcoin Up or Down - June 4, 2:30PM-2:35PM ET",0x51dcfba27586c391de127ab5a8e9baa4680d301a39f09db459e9b05f49102973,Up,62.89,95.402378,,,0xeae69b1cb8ea42647449ad0c7c06d51754ebb74df4bda81ba4cbe0e88b78c67a
2026-06-04 18:30:36,"Ethereum Up or Down - June 4, 2:30PM-2:35PM ET",0x86ef98a9e5ca2ea5dc2e9053559b1221ff292d54ba6752bf6e3a5c5b5f426eef,Down,38.00,5,,,0xc156a32b91e814e84b80de0702a4348ea58248932d4f35ecb41046abceb73bcd
2026-06-04 18:30:36,"Bitcoin Up or Down - June 4, 2:30PM-2:35PM ET",0x51dcfba27586c391de127ab5a8e9baa4680d301a39f09db459e9b05f49102973,Up,62.00,2.225805,,,0x3e5045b1490362a91a26fdd9c840fe03ae3da6eb5e56811640501af5a1655a5e
2026-06-04 18:30:36,"Bitcoin Up or Down - June 4, 2:30PM-2:35PM ET",0x51dcfba27586c391de127ab5a8e9baa4680d301a39f09db459e9b05f49102973,Down,40.00,4.75,,,0xf14add001c2448e9a2b5323253f6fde691edb6800d4416610b9abe1d69c4e255
2026-06-04 18:30:36,"Bitcoin Up or Down - June 4, 2:30PM-2:35PM ET",0x51dcfba27586c391de127ab5a8e9baa4680d301a39f09db459e9b05f49102973,Up,62.00,11.76,,,0xff0534b54d316c4be377d5bfd326fbeab9aad807d4a9af212c8cc2acda7f7a3e
2026-06-04 18:30:36,"Bitcoin Up or Down - June 4, 2:30PM-2:35PM ET",0x51dcfba27586c391de127ab5a8e9baa4680d301a39f09db459e9b05f49102973,Up,62.00,20,,,0xc9f656a7a26cd185679c6f10db0530145da6a1babe00a9b18344152be534f938
2026-06-04 18:30:36,"XRP Up or Down - June 4, 2:30PM-2:35PM ET",0xc5313621721be12687f36dc6855de28a6e4ff03d38c5e6a4b8d7dd0904b5ff2e,Up,67.00,5,,,0xd06feedcda95fffc5c4baafdfc68cfb2fb59fc97750b6f545b7f4240363aa168
2026-06-04 18:30:36,"Bitcoin Up or Down - June 4, 2:30PM-2:35PM ET",0x51dcfba27586c391de127ab5a8e9baa4680d301a39f09db459e9b05f49102973,Down,42.00,5,,,0x46a16a4b8dbedf7229369cb83b780da500acd3b0b2d90304b921c764b15b5aa5
2026-06-04 18:30:36,"Bitcoin Up or Down - June 4, 2:30PM-2:35PM ET",0x51dcfba27586c391de127ab5a8e9baa4680d301a39f09db459e9b05f49102973,Down,38.00,3.63,,,0x19ce5d500087adfb4ae53a86899e63cc8105902c3cb556563e734a08ee5b6b5f
2026-06-04 18:30:36,"Bitcoin Up or Down - June 4, 2:30PM-2:35PM ET",0x51dcfba27586c391de127ab5a8e9baa4680d301a39f09db459e9b05f49102973,Up,62.00,1.612902,,,0xdabd86b4e18c75eaf430437dc21ad2636f29470a5c9ef96474ccdddc2d0635b9
2026-06-04 18:30:36,"Bitcoin Up or Down - June 4, 2:30PM-2:35PM ET",0x51dcfba27586c391de127ab5a8e9baa4680d301a39f09db459e9b05f49102973,Up,62.00,6.387094,,,0x6a56e81ae59a0c057922c0bf7858a362d2461609b76db2d9eadc8c8cfbe28e1d
2026-06-04 18:30:36,Will Alberta join the US? ,0xf8e1b655885e0b49fc934c10672c13c68a3c19c895496326215d5f63293428a5,Yes,4.50,537,,,0x0c05590212a12ceb612283c1338dc8b83805dd335607f10d277f087c54781564
2026-06-04 18:30:36,"Bitcoin Up or Down - June 4, 2:30PM-2:35PM ET",0x51dcfba27586c391de127ab5a8e9baa4680d301a39f09db459e9b05f49102973,Up,62.70,5.5,,,0x18028c77a33b41bd5b3a66aa0c81e4837f9ed3b769727513f945ad142dc98636
2026-06-04 18:30:36,"Bitcoin Up or Down - June 4, 2:30PM-2:35PM ET",0x51dcfba27586c391de127ab5a8e9baa4680d301a39f09db459e9b05f49102973,Up,62.00,4.15,,,0x8266ee0ff592ae8c8375e99f33ea66eff7e695cf51ba26b1fd5eb958329230f5
2026-06-04 18:30:36,Will Spain win on 2026-06-04?,0x3ba76e968cee1824d5fc64631662fd7176618a2767f5feec0b70be6d0575082b,No,8.00,12.5,,,0x254a56dda181e27f7e798debeadd0d9ec58e909d1a4a56080d8b278996067d64
2026-06-04 18:30:36,"Bitcoin Up or Down - June 4, 2:30PM-2:35PM ET",0x51dcfba27586c391de127ab5a8e9baa4680d301a39f09db459e9b05f49102973,Up,62.00,5,,,0x60af221f2f5a7d8d8751cfa6ce69419df647de1f6e720877d7314853ae31292f
2026-06-04 18:30:36,"Will the price of Bitcoin be above $66,000 on June 7?",0xe1775fe35f5cbd0fa0f0a2a62a46eb7c9d1c67a308f651c9c1e2b0a25bc34d86,Yes,22.30,6,,,0x191d3dbce1d831bd67ae24d24ce93214e8d6528b8cd2eb8cdd22cc952cd146d7
2026-06-04 18:30:36,"Bitcoin Up or Down - June 4, 2:30PM-2:35PM ET",0x51dcfba27586c391de127ab5a8e9baa4680d301a39f09db459e9b05f49102973,Up,61.00,8.19672,,,0x0256ff3320987d970c0911873cb6cebe8cc40980c71e9b7057fd140d29ae46ec
2026-06-04 18:30:36,"Bitcoin Up or Down - June 4, 2:30PM-2:35PM ET",0x51dcfba27586c391de127ab5a8e9baa4680d301a39f09db459e9b05f49102973,Up,61.00,10,,,0xd5bb6bc58175ae1796211f4b3b7dc1323d6b4af584b97d8506b009d622f42560
2026-06-04 18:30:36,"XRP Up or Down - June 4, 2:30PM-2:35PM ET",0xc5313621721be12687f36dc6855de28a6e4ff03d38c5e6a4b8d7dd0904b5ff2e,Up,66.00,5,,,0xc8a38a51b48ec51e78f3648aade48cba03e3e7cd0cec8169c8a6e3b6b5170f70
2026-06-04 18:30:36,"Bitcoin Up or Down - June 4, 2:30PM-2:45PM ET",0x061b207481cf9dc7bad7c8bd43dc5ab08279152de197ef0c762d58cebb490386,Up,54.00,25.66,,,0xd62f18e9e4135f875311ad057aa76a9d9234914836edad8abadc67e0ff9cdcbd
2026-06-04 18:30:36,"Bitcoin Up or Down - June 4, 2:30PM-2:35PM ET",0x51dcfba27586c391de127ab5a8e9baa4680d301a39f09db459e9b05f49102973,Down,40.57,11.62,,,0x87241b60df9ce388a5d610138f60fd9cfe12a7b1ea564bd872f3d3df90949183
2026-06-04 18:30:36,"Bitcoin Up or Down - June 4, 2:30PM-2:35PM ET",0x51dcfba27586c391de127ab5a8e9baa4680d301a39f09db459e9b05f49102973,Down,42.00,65,,,0xe7ee07a12c6f48e520712825696d75daa669a604afc975ef693f1a56a4c1f09d
2026-06-04 18:30:36,"XRP Up or Down - June 4, 2:30PM-2:45PM ET",0xe15914db46c5709be331549193e61701d2c15fc90d46f490cb3bcb1d62bcff37,Up,59.18,16.898665,,,0x059d9c59a65aca1135371f92618e811aa536baab18b738e07d5bbedee96780ec
2026-06-04 18:30:36,"Bitcoin Up or Down - June 4, 2:30PM-2:45PM ET",0x061b207481cf9dc7bad7c8bd43dc5ab08279152de197ef0c762d58cebb490386,Down,47.00,6.382977,,,0xc1777f49f71c376756b227881f73238c20e71af2870224dae340e614ce1f88a2
2026-06-04 18:30:36,"Will Bitcoin dip to $60,000 in June?",0x946bb3ec7e7d9bf146b4487be87e71ace99f1e0e9978cf36fbb5063c23900afb,No,38.00,348,,,0x31ad0cadad3e3e16b27e6061d8efa2810c92a6556cde5f496150a716d633d5e0
2026-06-04 18:30:36,"Ethereum Up or Down - June 4, 2:30PM-2:45PM ET",0x0eda108c856a95c6c7500d6d9f0c485369bf3b129f46fd2834abccaa800bd387,Up,55.00,20,,,0xf8fde10cf47f7bb1fdd35d116784a2cf2412f27d95a1b56759c5318a6baa1cc3
2026-06-04 18:30:36,Will Trump acquire Greenland before 2027?,0xd595eb9b81885ff018738300c79047e3ec89e87294424f57a29a7fa9162bf116,No,93.80,7.558629,,,0xbe6f3ee3c5019982df9e9d4f68ff853f274ed3ec432933f1c3ffed0101b29566
2026-06-04 18:30:36,"Bitcoin Up or Down - June 4, 2:30PM-2:35PM ET",0x51dcfba27586c391de127ab5a8e9baa4680d301a39f09db459e9b05f49102973,Up,59.00,6.508473,,,0xfbd42b210cc9536fd42b93de407227a23ebddd6b0e04df5d77b5a57f4b4c0bb5
2026-06-04 18:30:34,"Bitcoin Up or Down - June 4, 2:30PM-2:35PM ET",0x51dcfba27586c391de127ab5a8e9baa4680d301a39f09db459e9b05f49102973,Up,55.00,5,,,0xd6b88bfd3a53e5d05f469384d8fc5c0aa039840c03dff73f43c62f5d57b1ca07
2026-06-04 18:30:34,"Bitcoin Up or Down - June 4, 2:30PM-2:35PM ET",0x51dcfba27586c391de127ab5a8e9baa4680d301a39f09db459e9b05f49102973,Up,55.00,67,,,0x012c80cda69d1ea9d37ddec7d85eabe4fa3e6f9234e605ca5bf3993a15d48223
2026-06-04 18:30:34,"Bitcoin Up or Down - June 4, 2:30PM-2:35PM ET",0x51dcfba27586c391de127ab5a8e9baa4680d301a39f09db459e9b05f49102973,Up,55.00,105,,,0xa869aea90223b0c8ff4245cf2dc9f57095bcac8d9f4fc3398a91b1e6b0fb5ed7
2026-06-04 18:30:34,"Solana Up or Down - June 4, 2:30PM-2:45PM ET",0x717adb22fca935fabda1bba78df51a1e840f3fba98479c7884178a42aa9cc485,Up,62.00,1.612902,,,0xaf043b0b4f38c69411fbf4184724071ba6e58d75b5813d50b63ea2ac993efea7
2026-06-04 18:30:34,"Bitcoin Up or Down - June 4, 2:30PM-2:35PM ET",0x51dcfba27586c391de127ab5a8e9baa4680d301a39f09db459e9b05f49102973,Up,55.00,13.8,,,0x7f9e9455d1a0a414baed047fa08d411c0f442dc94da5d7c7ddbd950df492d9b4
2026-06-04 18:30:34,"Bitcoin Up or Down - June 4, 2:30PM-2:35PM ET",0x51dcfba27586c391de127ab5a8e9baa4680d301a39f09db459e9b05f49102973,Down,47.00,20,,,0x9e1229df8bf0e706975f6a2067aa426b96d5f45c8664087c7d8a474d897f4ffb
2026-06-04 18:30:34,"Bitcoin Up or Down - June 4, 2PM ET",0x3abc093600d2793741018001059df76f55349e8d9e5737c23816bbb5a0f42225,Up,89.00,1.123594,,,0x9ed0fdb5dc1cf087a6764d3194d57023c7a2bcf18dcd84d0b5d628cd5283d82b
2026-06-04 18:30:34,"Solana Up or Down - June 4, 2:30PM-2:35PM ET",0x4908916f4e744dc6dcdc604e790a5e2fa2a7c0174afa21cb1638dc2aaa665149,Up,78.44,13.767847,,,0xc2ef5cf1671a75d700f6347b54a128147ecf38f7e36842bb69557284919f2037
2026-06-04 18:30:34,"Bitcoin Up or Down - June 4, 2:30PM-2:45PM ET",0x061b207481cf9dc7bad7c8bd43dc5ab08279152de197ef0c762d58cebb490386,Up,52.00,20.99,,,0x2a1e6b5387eed34de3e2b5435c231437269da588e7b6030904e09e253afcd5ed
2026-06-04 18:30:34,"Bitcoin Up or Down - June 4, 2:30PM-2:35PM ET",0x51dcfba27586c391de127ab5a8e9baa4680d301a39f09db459e9b05f49102973,Up,53.00,25,,,0x4f8b9b03d1eba219d0e0f5ddd458a013387eeb89e7542a57b05018d9cae383ca
2026-06-04 18:30:34,"Bitcoin Up or Down - June 4, 2:30PM-2:35PM ET",0x51dcfba27586c391de127ab5a8e9baa4680d301a39f09db459e9b05f49102973,Up,55.00,14.545453,,,0x6417c89671aa94ad300ebb1e7a011bf5e6a22921384ec84961c6684e8a042754
2026-06-04 18:30:34,"Solana Up or Down - June 4, 2:30PM-2:35PM ET",0x4908916f4e744dc6dcdc604e790a5e2fa2a7c0174afa21cb1638dc2aaa665149,Up,77.00,1.2987,,,0x889f4eaf1e714d11e9930e07d7dfbab1e4a8b3ae6f46bd617a4286e5770a6426
2026-06-04 18:30:34,"Bitcoin Up or Down - June 4, 2:30PM-2:35PM ET",0x51dcfba27586c391de127ab5a8e9baa4680d301a39f09db459e9b05f49102973,Up,54.92,18.227635,,,0xfcdaa01e3ed8bd12f3bb48a7048ecb6fc58766a6757f7c9f3c475ca4d5abf5eb
2026-06-04 18:30:34,"Bitcoin Up or Down - June 4, 2:30PM-2:45PM ET",0x061b207481cf9dc7bad7c8bd43dc5ab08279152de197ef0c762d58cebb490386,Down,48.00,2.375,,,0x866a801b4d5cada9e3e19f5ed9a0b5086ab4318830e23119c6d2a219ccd5be30
2026-06-04 18:30:34,"Solana Up or Down - June 4, 2:30PM-2:35PM ET",0x4908916f4e744dc6dcdc604e790a5e2fa2a7c0174afa21cb1638dc2aaa665149,Up,77.00,6.233765,,,0xce86e250ca4b939b8c87e4490dfae27c1cbf156b0e67c4a586bd12b93d16dd51
2026-06-04 18:30:34,"Bitcoin Up or Down - June 4, 2:30PM-2:35PM ET",0x51dcfba27586c391de127ab5a8e9baa4680d301a39f09db459e9b05f49102973,Up,55.00,5,,,0x38aa01f369faae4fb89ef63bb7cae7e459d923bac1722121d55d3d12ef819d1b
2026-06-04 18:30:34,"Bitcoin Up or Down - June 4, 2:30PM-2:35PM ET",0x51dcfba27586c391de127ab5a8e9baa4680d301a39f09db459e9b05f49102973,Up,54.00,18.777776,,,0x1556f16991aa10f0759fa88f5835d2761c0404286c72349fe658c04d8c8f2b71
2026-06-04 18:30:34,"Bitcoin Up or Down - June 4, 2:30PM-2:35PM ET",0x51dcfba27586c391de127ab5a8e9baa4680d301a39f09db459e9b05f49102973,Down,48.00,3.125,,,0xaedd419284259a2abfcb7527a7427d623f85bd14f9d73e9645f3f82f97bd4907
2026-06-04 18:30:34,"Ethereum Up or Down - June 4, 2:30PM-2:35PM ET",0x86ef98a9e5ca2ea5dc2e9053559b1221ff292d54ba6752bf6e3a5c5b5f426eef,Down,37.00,6.25,,,0xd668c587ab88c40b13eb1069b84c098662cf038ad836eb34a12accb2b59669f2
2026-06-04 18:30:34,"Bitcoin Up or Down - June 4, 2:30PM-2:45PM ET",0x061b207481cf9dc7bad7c8bd43dc5ab08279152de197ef0c762d58cebb490386,Up,52.00,20,,,0x05bd945ab7e7dc44c307c2bec852d07ad7609135562b66c8716811a130d21867
2026-06-04 18:30:34,"Bitcoin Up or Down - June 4, 2:30PM-2:35PM ET",0x51dcfba27586c391de127ab5a8e9baa4680d301a39f09db459e9b05f49102973,Up,54.00,6,,,0xd911a8d3ad9801141fb69eedec5c4d901d1b0cced481e21b8ebcfcae1f52f4ad
2026-06-04 18:30:34,"Bitcoin Up or Down - June 4, 2:30PM-2:35PM ET",0x51dcfba27586c391de127ab5a8e9baa4680d301a39f09db459e9b05f49102973,Up,54.00,22.759258,,,0xac7b1dd385632cb8ba094a45e2a949899df882b2fb497835341f1cf2227cd62d
2026-06-04 18:30:34,"Bitcoin Up or Down - June 4, 2:30PM-2:35PM ET",0x51dcfba27586c391de127ab5a8e9baa4680d301a39f09db459e9b05f49102973,Down,48.00,58.333332,,,0x8c88c6ab39f276036230060143f5afe2fbbad936526ca242b1ac02524f2cdd77
2026-06-04 18:30:34,"Bitcoin Up or Down - June 4, 2:30PM-2:35PM ET",0x51dcfba27586c391de127ab5a8e9baa4680d301a39f09db459e9b05f49102973,Up,54.00,25,,,0x30d8a503d40ef7205f3e54d7d8b7f6d743ff5c1717f0c5434e6de2093f55eb98
2026-06-04 18:30:34,"Solana Up or Down - June 4, 2PM ET",0xf65f1d6dc03ba796d75fb065a5da8bdf70cfe06d4b5e2fbe4499b63d6535c4c4,Up,88.43,30,,,0xaca394e3e00167b84f1cb17816708d518c8eef1e51cf45ce054881fac64105ff
2026-06-04 18:30:34,"Bitcoin Up or Down - June 4, 2:30PM-2:35PM ET",0x51dcfba27586c391de127ab5a8e9baa4680d301a39f09db459e9b05f49102973,Up,54.00,2.777776,,,0xb2d9e956bfae16a4d5466e03a21be3d239fc9d4bcaaa93b2384e778dcb450cc3
2026-06-04 18:30:34,"Bitcoin Up or Down - June 4, 2:30PM-2:45PM ET",0x061b207481cf9dc7bad7c8bd43dc5ab08279152de197ef0c762d58cebb490386,Down,48.00,7.729165,,,0x837b731751c94585233cf0b9984fd0d79abb951043734632e09d99ea96a37848
2026-06-04 18:30:34,Will the highest temperature in Toronto be 30°C or higher on June 4?,0x98a7b667b4f40b1584bb63a599bf49c145960e41417afb33a5423dc5665995b1,No,37.00,8,,,0xdadafcd4e416ca0369ac90c62e1ea56c22061f5a0d5186ca40fd9b678abf50e7
2026-06-04 18:30:34,"Ethereum Up or Down - June 4, 2PM ET",0x7fb12fa6f2ca8492badcdcc6214670dd3dfa8a7aba94a141b561dea6d933ea8e,Up,89.00,50,,,0xc5deb64a7ab2018817d4346898e2517785d232bbad2228b43052c51ee1b3395c
2026-06-04 18:30:34,"Bitcoin Up or Down - June 4, 2:30PM-2:35PM ET",0x51dcfba27586c391de127ab5a8e9baa4680d301a39f09db459e9b05f49102973,Up,54.00,25,,,0x5e2bc33af4c5dfd33809b351cddebefb6dc81c5011f4adc377d546132907d941
2026-06-04 18:30:34,"Bitcoin Up or Down - June 4, 2:30PM-2:35PM ET",0x51dcfba27586c391de127ab5a8e9baa4680d301a39f09db459e9b05f49102973,Up,66.00,2.272726,,,0x0410f67cd68491b5c01128f4f2cfac16c59b363d7fd51ce8a02a41963bdb1524
2026-06-04 18:30:34,"XRP Up or Down - June 4, 2:30PM-2:35PM ET",0xc5313621721be12687f36dc6855de28a6e4ff03d38c5e6a4b8d7dd0904b5ff2e,Up,66.00,1.51515,,,0x6071514b261686d614de0dfc2371b18da39fcb6b917fb6d1f0dbc9c98310d4e3
2026-06-04 18:30:34,"Bitcoin Up or Down - June 4, 2:30PM-2:35PM ET",0x51dcfba27586c391de127ab5a8e9baa4680d301a39f09db459e9b05f49102973,Down,38.00,3.789472,,,0x2051331becaa171483bee62b46f691853edd37baa155e2f9bead8d41880975c5
2026-06-04 18:30:34,"Bitcoin Up or Down - June 4, 2:30PM-2:35PM ET",0x51dcfba27586c391de127ab5a8e9baa4680d301a39f09db459e9b05f49102973,Down,42.00,10,,,0xd4be85263fcb9eff2268c90e2abe75f987fe0d9d2d7767370a2a507446d04aae
2026-06-04 18:30:34,Cleveland Guardians vs. New York Yankees: O/U 7.5,0xc6fb192690cdc8062e720615db974ead9e2cae93def381c1e680b25fca3ab709,Under,63.00,5,,,0x28fa85f3309a63a3ba38c4e0e927ed7379ab8e9ad04fa36de1f5b23bd343f6c9
2026-06-04 18:30:34,"BNB Up or Down - June 4, 2:30PM-2:35PM ET",0x86c49779d2f66cdc934da39c28c281f2911ec8e718f5512a510e9c0e71e5f8a7,Down,20.00,5,,,0xb3ecb239eaf729229220fe08d9389d938793d7b0cfcfbb12464f3b10b397cd03
2026-06-04 18:30:34,"Bitcoin Up or Down - June 4, 2:30PM-2:35PM ET",0x51dcfba27586c391de127ab5a8e9baa4680d301a39f09db459e9b05f49102973,Up,58.00,5.97,,,0x613f955a3beff27c44c6d705b6815da1d13da59441ab9dde9804c4f284eca1e4
2026-06-04 18:30:34,"Bitcoin Up or Down - June 4, 2:30PM-2:35PM ET",0x51dcfba27586c391de127ab5a8e9baa4680d301a39f09db459e9b05f49102973,Down,37.81,26.447367,,,0x67e8fa46095524c760770b290809a7b9713f476e3870d4e1bd0c7a983094200e
2026-06-04 18:30:34,"Ethereum Up or Down - June 4, 2PM ET",0x7fb12fa6f2ca8492badcdcc6214670dd3dfa8a7aba94a141b561dea6d933ea8e,Up,89.00,55,,,0x1cc872cd6e9d3d6e162a91e138e884815a20ef15cf77e862dad6d5cb303902f2
2026-06-04 18:30:34,"Bitcoin Up or Down - June 4, 2:30PM-2:35PM ET",0x51dcfba27586c391de127ab5a8e9baa4680d301a39f09db459e9b05f49102973,Up,54.00,25,,,0xcfd17bdc371e11c68127e0f1c9352caa47f5185bbe0b230b7f5a78d4777b4718
2026-06-04 18:30:34,"Will no qualifying diplomatic US-Iran meeting occur by June 30, 2026?",0x189c38e8bf3733572f401f8d578099f7233baef3d5fcb438b4eeb0b73bacc787,Yes,54.90,8.01,,,0x9f014147fe82d5193546f630463e88d7aa4ce0f9d185fe39102721f360107047
2026-06-04 18:30:34,"Bitcoin Up or Down - June 4, 2:30PM-2:35PM ET",0x51dcfba27586c391de127ab5a8e9baa4680d301a39f09db459e9b05f49102973,Down,38.00,4.342104,,,0x7488b86a0a253611c186fec19f4a228a472405e2bbb4ebd817902f667ae76520
2026-06-04 18:30:34,"Bitcoin Up or Down - June 4, 2:30PM-2:35PM ET",0x51dcfba27586c391de127ab5a8e9baa4680d301a39f09db459e9b05f49102973,Up,66.00,1.51515,,,0x37fdcc6efc5a88783640ea77c2badc736e578867daa70182d6e84d5a040a5a68
2026-06-04 18:30:34,"Bitcoin Up or Down - June 4, 2:30PM-2:35PM ET",0x51dcfba27586c391de127ab5a8e9baa4680d301a39f09db459e9b05f49102973,Up,65.16,50,,,0x8f071b056602fe7c81f7528bdd4332eaf8aa87b98d4c5a2faa38121729e30be5
2026-06-04 18:30:34,"Ethereum Up or Down - June 4, 2:30PM-2:45PM ET",0x0eda108c856a95c6c7500d6d9f0c485369bf3b129f46fd2834abccaa800bd387,Down,48.53,64.42857,,,0xe4c289a8ece317476f2e31e7148c70d9f39ad3ad3e3fd297ebcecd01a3311506
2026-06-04 18:30:34,"Bitcoin Up or Down - June 4, 2:30PM-2:35PM ET",0x51dcfba27586c391de127ab5a8e9baa4680d301a39f09db459e9b05f49102973,Down,38.00,5.36842,,,0xea1a163d84322df44d11d3b8f94e66e8f9ac61469b43ecf14f16df22c1a96f26
2026-06-04 18:30:34,"Bitcoin Up or Down - June 4, 2PM ET",0x3abc093600d2793741018001059df76f55349e8d9e5737c23816bbb5a0f42225,Down,12.00,10,,,0x181c39d80d99f512c5dd67971a3b3ddffc5df4a0947bdffd65505d5d9262dcc9
2026-06-04 18:30:34,"US x Iran diplomatic meeting by June 30, 2026?",0x6fa13f31cceaf10ed3190df6e2aca0a93ab0d6fb46fd279003f17d4cdccee164,Yes,45.00,8,,,0xb2455cc124de127bdf543971aed47afe6d12561cf60c66f3a6e2a48d6a9c38d9
2026-06-04 18:30:34,"Solana Up or Down - June 4, 2:30PM-2:45PM ET",0x717adb22fca935fabda1bba78df51a1e840f3fba98479c7884178a42aa9cc485,Up,63.00,5.079364,,,0x7cc60f0042f0afefc67e99c8db8c015c1c93290236106b83b050aff73f9c1cda
2026-06-04 18:30:34,Will Greece win on 2026-06-04?,0x7050a08e992792746d9198f03136ac5b9f1010547a6c77195841f9eace5c8719,Yes,4.00,75,,,0xfe5de255ae4fddf6d3c6c08b86b3888061a0294f24936667d546c5feb5ba063f
2026-06-04 18:30:34,"Solana Up or Down - June 4, 2:30PM-2:35PM ET",0x4908916f4e744dc6dcdc604e790a5e2fa2a7c0174afa21cb1638dc2aaa665149,Down,26.57,32.370369,,,0xc98810d2877bee911c25ef510c2fc017f157ff11acd96604bb9fb52b76b8b9a9
2026-06-04 18:30:34,France vs. Côte d'Ivoire: O/U 2.5,0x61365702e7a28523b9adcd9a7fb8ec1ee1ff555f2d122556f313355ea9db2c34,Under,36.00,2.777776,,,0xb6d0b79bb61c0853c5ee1e9b7b091420dfe784a74313fe3892e2ed7ea242df1a
2026-06-04 18:30:34,"Bitcoin Up or Down - June 4, 2:30PM-2:35PM ET",0x51dcfba27586c391de127ab5a8e9baa4680d301a39f09db459e9b05f49102973,Down,38.00,24,,,0x3bd3c793f17c8a2d00bb2e0a12bf984153a37571a4d6a6921988003112c632ff
2026-06-04 18:30:34,Counter-Strike: M80 vs NRG - Map 2 Winner,0x57713f6aa15c35ce6185819f4b554fa3f3cac40a7617116f1098bef9afec829f,NRG,74.00,507,,,0x57f8302eb3c5b0c562740573991986e8d87de2b3036cbab118968b8a2612b222
2026-06-04 18:30:34,"Bitcoin Up or Down - June 4, 2:30PM-2:35PM ET",0x51dcfba27586c391de127ab5a8e9baa4680d301a39f09db459e9b05f49102973,Down,38.00,40,,,0x6e7a40f238ad642ab0a78f32f72d9426777288399df339a1ba3cd7a4eb6705c5
2026-06-04 18:30:34,"Bitcoin Up or Down - June 4, 2:30PM-2:45PM ET",0x061b207481cf9dc7bad7c8bd43dc5ab08279152de197ef0c762d58cebb490386,Down,48.00,5,,,0xa4705c8c661a1b1d5c70fcef17bbad766bc00f8809be03211af5db6ac6a83527
2026-06-04 18:30:34,"Bitcoin Up or Down - June 4, 2:30PM-2:35PM ET",0x51dcfba27586c391de127ab5a8e9baa4680d301a39f09db459e9b05f49102973,Up,65.00,5,,,0x7a2895ee7b4e54c852172152c97725cb5cb3b5c75903ca8b1ee4594bff76df6c
2026-06-04 18:30:34,"Bitcoin Up or Down - June 4, 2:30PM-2:35PM ET",0x51dcfba27586c391de127ab5a8e9baa4680d301a39f09db459e9b05f49102973,Up,65.00,1.676922,,,0x58cc7c6aaa155ebe016a5164cb51d871da1c4f1ca992c66e18f62248fa24c6df
2026-06-04 18:30:34,"Bitcoin Up or Down - June 4, 2:30PM-2:35PM ET",0x51dcfba27586c391de127ab5a8e9baa4680d301a39f09db459e9b05f49102973,Up,65.00,5,,,0xf235400d3703be5e925c9f0486c6ab62e1c58449b103cbf6e6224f2523921885
2026-06-04 18:30:34,"Ethereum Up or Down - June 4, 2:30PM-2:35PM ET",0x86ef98a9e5ca2ea5dc2e9053559b1221ff292d54ba6752bf6e3a5c5b5f426eef,Down,37.62,44.43,,,0x0ccd452aa1ebe115e035a830aa3711a9313fd2af0c3136b7a1e326f8490902e3
2026-06-04 18:30:34,"Bitcoin Up or Down - June 4, 2:30PM-2:35PM ET",0x51dcfba27586c391de127ab5a8e9baa4680d301a39f09db459e9b05f49102973,Down,38.00,31,,,0xe43667a4ac5536ac6090368d46c037811a5dafce9dd7d4d7bbb825c45b80fe28
2026-06-04 18:30:34,"XRP Up or Down - June 4, 2:30PM-2:35PM ET",0xc5313621721be12687f36dc6855de28a6e4ff03d38c5e6a4b8d7dd0904b5ff2e,Down,35.00,20,,,0xcb360c1d61ea00b32432c96969c6c1de5bff936d9b6f1aafb4b51184e9a700f8
2026-06-04 18:30:34,"Bitcoin Up or Down - June 4, 2PM ET",0x3abc093600d2793741018001059df76f55349e8d9e5737c23816bbb5a0f42225,Up,89.00,5,,,0xae168074007d1520dc1e9275d563e2dd0f3a25ee3d5cefb5c8932dff1825b746
2026-06-04 18:30:34,"Bitcoin Up or Down - June 4, 2PM ET",0x3abc093600d2793741018001059df76f55349e8d9e5737c23816bbb5a0f42225,Down,12.00,13.5,,,0x93e9316b6ad396fc2382ef55b048f3434a415ceaccb76a4ce25e865f924ab09f
2026-06-04 18:30:34,"Bitcoin Up or Down - June 4, 2:30PM-2:35PM ET",0x51dcfba27586c391de127ab5a8e9baa4680d301a39f09db459e9b05f49102973,Up,62.00,5,,,0x0a47be38f81007771d94bd9f29d91a1ce4759cd4f7e91dffdd5714b1ebe7495b
2026-06-04 18:30:34,"Ethereum Up or Down - June 4, 2:30PM-2:35PM ET",0x86ef98a9e5ca2ea5dc2e9053559b1221ff292d54ba6752bf6e3a5c5b5f426eef,Up,61.00,5.13,,,0x31c4db48fc7e0d5e20e9d5748df8e9d07eda1f25ffa6412d85a43d3c3893c356
2026-06-04 18:30:34,San Francisco Giants vs. Milwaukee Brewers: O/U 12.5,0x3dddb1bc95b8c1d5a35255048687566dc88fc66450f70044659029e148580d2b,Over,43.00,6.790696,,,0x27afd2f988722ab54340b28fecd27311c6aa0eceea3aa81cbff59f5759641e7b
2026-06-04 18:30:34,Slovakia vs. Montenegro: O/U 5.5,0x882ef69581738fb8477e4ccc799b06067ef818f3a50bda07669b322dd0b28422,Over,3.60,27.777776,,,0x73bfb2f4b017f23d12cf856022cc693e709886b3043ff51a18e1309bd5c07ce9
2026-06-04 18:30:34,Will Finland win on 2026-06-05?,0x091e52941867b198d9173c5142c6964c85a7ff552284000188b9e67fa93f8cbe,No,84.00,322,,,0x2692d324860a1c9e085771ac2a546fdb0cf8eebc18298a429a8e07394c1b35b3
2026-06-04 18:30:34,"Bitcoin Up or Down - June 4, 2:30PM-2:35PM ET",0x51dcfba27586c391de127ab5a8e9baa4680d301a39f09db459e9b05f49102973,Up,55.05,17,,,0x2e70133b0ea0f2620f96b0bb1f1df80ebccde6c079e06498ab1962785c861657
2026-06-04 18:30:34,"Bitcoin Up or Down - June 4, 2:30PM-2:45PM ET",0x061b207481cf9dc7bad7c8bd43dc5ab08279152de197ef0c762d58cebb490386,Up,53.00,5.188678,,,0x006991b5a6ea39a92371206459d6454ca1234d3f7a774c1359a48877afa6d4bc
2026-06-04 18:30:34,"Bitcoin Up or Down - June 4, 2:30PM-2:35PM ET",0x51dcfba27586c391de127ab5a8e9baa4680d301a39f09db459e9b05f49102973,Up,60.00,7,,,0xadbf8866718dcd6a30b7cf4644716f5f8e1a107f91cb676e0a7156eedf53f882
2026-06-04 18:30:34,"Bitcoin Up or Down - June 4, 2:30PM-2:35PM ET",0x51dcfba27586c391de127ab5a8e9baa4680d301a39f09db459e9b05f49102973,Down,40.00,3,,,0xb2a010d70dcc6744a7f1e186353c3708644378dfb0099b73ee275bba37a050a8
2026-06-04 18:30:34,"Bitcoin Up or Down - June 4, 2:30PM-2:35PM ET",0x51dcfba27586c391de127ab5a8e9baa4680d301a39f09db459e9b05f49102973,Up,54.00,9.09,,,0x602c143440afcc14f2c12744fc1cf5a04fcf72c9df2ef13adf9a5f06bc10b145
2026-06-04 18:30:34,"Will Bitcoin reach $67,000 on June 4?",0x357cfe9b20eab3e9e3dce1f506a074b52a1a04494dc64c2112c2b27357e71f2c,Yes,1.90,73.65,,,0xccf352346acf196b144e23b64c4120a4d262b3586d2cdef0ec60234cdc247b0a
2026-06-04 18:30:34,"Bitcoin Up or Down - June 4, 2:30PM-2:35PM ET",0x51dcfba27586c391de127ab5a8e9baa4680d301a39f09db459e9b05f49102973,Up,60.33,46.65,,,0x7b7ce9a09c1d5de8eb7474aa9efcf196267ca9be6b368e0a4079fe0ff551acf9
2026-06-04 18:30:34,"Bitcoin Up or Down - June 4, 2:30PM-2:45PM ET",0x061b207481cf9dc7bad7c8bd43dc5ab08279152de197ef0c762d58cebb490386,Up,53.00,10,,,0x46a6601d6c3cb16652e2ba7da22b0ee99178c49b36c0e84839dae3af821fc84f
2026-06-04 18:30:34,"Bitcoin Up or Down - June 4, 2PM ET",0x3abc093600d2793741018001059df76f55349e8d9e5737c23816bbb5a0f42225,Up,89.00,10,,,0xc152d6b1f04b085b674ffd7e343d4b147686bcb46f307a331a66ad8bf689ec62
2026-06-04 18:30:34,"Bitcoin Up or Down - June 4, 2:30PM-2:35PM ET",0x51dcfba27586c391de127ab5a8e9baa4680d301a39f09db459e9b05f49102973,Up,58.64,5,,,0xd3c5eb9d400c089e110246ca26b52e243fcf4a3635c635e2071bc46e288e89cd
2026-06-04 18:30:34,San Francisco Giants vs. Milwaukee Brewers: O/U 12.5,0x3dddb1bc95b8c1d5a35255048687566dc88fc66450f70044659029e148580d2b,Over,43.00,23,,,0x186348c8276a7fcaa849b2d9657238d3acc0bfd16f81fb48ddd0a1b3069c1d77
2026-06-04 18:30:34,"Bitcoin Up or Down - June 4, 2:30PM-2:35PM ET",0x51dcfba27586c391de127ab5a8e9baa4680d301a39f09db459e9b05f49102973,Up,55.00,50,,,0xf72865d6bfa37c860d63f932b5c1b9fdec53e15db540e6fb20d265cb57416f22
2026-06-04 18:30:34,"Bitcoin Up or Down - June 4, 2:30PM-2:35PM ET",0x51dcfba27586c391de127ab5a8e9baa4680d301a39f09db459e9b05f49102973,Up,55.00,5,,,0xdbdd57e8eb5af5051b498f0232a32107abebb78c370cf21375c3946d53420a84
2026-06-04 18:30:34,"Bitcoin Up or Down - June 4, 2:30PM-2:35PM ET",0x51dcfba27586c391de127ab5a8e9baa4680d301a39f09db459e9b05f49102973,Up,65.00,6,,,0x12670a4a65d4d7f0a42c61752a28921b79c5317cb5815351736f3e3a4ca525ba
2026-06-04 18:30:34,"Bitcoin Up or Down - June 4, 2:30PM-2:35PM ET",0x51dcfba27586c391de127ab5a8e9baa4680d301a39f09db459e9b05f49102973,Up,54.00,6,,,0x49169cdbce4a869dc58892add2b1eb1a7c7e860d4e294a2c0b12896d72c6b748
2026-06-04 18:30:34,"Bitcoin Up or Down - June 4, 2:30PM-2:35PM ET",0x51dcfba27586c391de127ab5a8e9baa4680d301a39f09db459e9b05f49102973,Up,55.00,25,,,0x2183f29df2f033563a5ab6caf6242ec9b4a54e4e7defb9fe0bb88da1d0da83c7
2026-06-04 18:30:34,"Bitcoin Up or Down - June 4, 2:30PM-2:35PM ET",0x51dcfba27586c391de127ab5a8e9baa4680d301a39f09db459e9b05f49102973,Up,55.00,20,,,0x93fc0b9b88cb817f07b02bf37c76b181de67b72d2414c2ad3607302e8aff72fd
2026-06-04 18:30:34,"Bitcoin Up or Down - June 4, 2:30PM-2:35PM ET",0x51dcfba27586c391de127ab5a8e9baa4680d301a39f09db459e9b05f49102973,Up,55.00,18.181817,,,0x77256aaf5089653abf37ff9f42f13ee79afa7e5575cafeaca3bb46c39bbcb3cb
2026-06-04 18:30:34,"Bitcoin Up or Down - June 4, 2:30PM-2:35PM ET",0x51dcfba27586c391de127ab5a8e9baa4680d301a39f09db459e9b05f49102973,Up,55.00,9,,,0x748a698a7033c9bea7b471e61be736c308cb5d5a58031c6343f546799b42c235
2026-06-04 18:30:34,"Bitcoin Up or Down - June 4, 2:30PM-2:35PM ET",0x51dcfba27586c391de127ab5a8e9baa4680d301a39f09db459e9b05f49102973,Up,56.00,8.92857,,,0x2c8238d23e8b8db7dccb84c00862db62cb101a8c75b3f6048c4a788f8c65d3dd
2026-06-04 18:30:34,"Bitcoin Up or Down - June 4, 2:30PM-2:35PM ET",0x51dcfba27586c391de127ab5a8e9baa4680d301a39f09db459e9b05f49102973,Up,55.00,5,,,0x27556a8e24aad597a7918a46d5d4a9ff872f42c75df3e7445362c1d28095e7bc
2026-06-04 18:30:34,Slovakia vs. Montenegro: O/U 5.5,0x882ef69581738fb8477e4ccc799b06067ef818f3a50bda07669b322dd0b28422,Over,3.56,522.777776,,,0x6fa882f7dfb568b23acbee5b021590a42f8bd17e90f856c0fb28a9476c7ce231
2026-06-04 18:30:34,"Bitcoin Up or Down - June 4, 2:30PM-2:45PM ET",0x061b207481cf9dc7bad7c8bd43dc5ab08279152de197ef0c762d58cebb490386,Up,53.00,2.886791,,,0xa6dac117aac3c0a51f212b47c44fec4a705bc35da2546870082642eb2d38aaf4
2026-06-04 18:30:34,"Bitcoin Up or Down - June 4, 2:30PM-2:35PM ET",0x51dcfba27586c391de127ab5a8e9baa4680d301a39f09db459e9b05f49102973,Down,38.00,5.078946,,,0x33b92d7bee5eae6aef63ed3b177f62d7c7358d5a269384b260fffe5690ba7944
2026-06-04 18:30:34,Spread: France (-2.5),0xcb597bdc91a9f9240a9028cb7f332ef517d8ca27837386b08696820ef9076a18,France,35.00,138.6,,,0x99067c9423fa331b08ec38a01dfaaba0a2844e8ece03bceae20c5e861b3c619a
2026-06-04 18:30:34,Will the highest temperature in New York City be between 86-87°F on June 4?,0xe2787237e88e6ded1a7ad389b4340ca4bc17e4d16413be5e17e8805f30ea1329,Yes,55.18,18.36,,,0x7f64da6ac223a6aaa481668f9afe347ad7535ab371310273b386dad527760d11
2026-06-04 18:30:34,"Ethereum Up or Down - June 4, 2:30PM-2:35PM ET",0x86ef98a9e5ca2ea5dc2e9053559b1221ff292d54ba6752bf6e3a5c5b5f426eef,Up,62.00,9.161289,,,0x84f580d0479125a537648544bc04a28484a3b3e68b59b35b2a648b422a24c1f3
2026-06-04 18:30:34,"Bitcoin Up or Down - June 4, 2:30PM-2:35PM ET",0x51dcfba27586c391de127ab5a8e9baa4680d301a39f09db459e9b05f49102973,Down,47.00,5,,,0x302a784c9806853260e9f918aab17fb75afb6dcd5ee22820d4e26eeffc8661da
2026-06-04 18:30:34,Spread: France (-2.5),0xcb597bdc91a9f9240a9028cb7f332ef517d8ca27837386b08696820ef9076a18,France,35.00,2.857141,,,0xa7042882c2c596b56b7991dee2bace33707ab00ef0c632921e7a924cf98ed83c
2026-06-04 18:30:34,"Bitcoin Up or Down - June 4, 2:30PM-2:35PM ET",0x51dcfba27586c391de127ab5a8e9baa4680d301a39f09db459e9b05f49102973,Up,63.16,5.43,,,0xa99cf93486af856f20c66710d56c61f55153eff5a23c6885d6ea9e8c895e3cb1
2026-06-04 18:30:34,"Bitcoin Up or Down - June 4, 2:30PM-2:35PM ET",0x51dcfba27586c391de127ab5a8e9baa4680d301a39f09db459e9b05f49102973,Up,57.06,25,,,0x65814e2706aeb44501f21b4f79914ec176d8e17ba45d8babd9cb162797f8cad0
2026-06-04 18:30:34,"Bitcoin Up or Down - June 4, 2:30PM-2:35PM ET",0x51dcfba27586c391de127ab5a8e9baa4680d301a39f09db459e9b05f49102973,Up,60.00,5,,,0xac08224263f2ed6672102192652aca8b9aff58d4d13e458e53ebf8b690b61755
2026-06-04 18:30:34,Will Finland win on 2026-06-05?,0x091e52941867b198d9173c5142c6964c85a7ff552284000188b9e67fa93f8cbe,No,84.00,0.23,,,0x0fe8c279d4d519719c045ba283ead00b0a8f663225e125f16da681432f9a9fc8
2026-06-04 18:30:34,"Bitcoin Up or Down - June 4, 2:30PM-2:35PM ET",0x51dcfba27586c391de127ab5a8e9baa4680d301a39f09db459e9b05f49102973,Up,65.00,5,,,0xf4af305474488b6c87f93690f70566a00d2177a3489ccc60d9150861ee8ceb0e
2026-06-04 18:30:34,"Bitcoin Up or Down - June 4, 2:30PM-2:35PM ET",0x51dcfba27586c391de127ab5a8e9baa4680d301a39f09db459e9b05f49102973,Up,65.00,24.307691,,,0xff934ac08dd55885e0308547a2db9c6916030754deb6706c0ecbd085fe5e74ec
2026-06-04 18:30:34,France vs. Côte d'Ivoire: O/U 2.5,0x61365702e7a28523b9adcd9a7fb8ec1ee1ff555f2d122556f313355ea9db2c34,Under,36.00,467.5,,,0xe2b5c05eee7859c6ddc4e597181ca869764bee5e1c3e718e531bcd1a08594efb
2026-06-04 18:30:34,"Bitcoin Up or Down - June 4, 2:30PM-2:35PM ET",0x51dcfba27586c391de127ab5a8e9baa4680d301a39f09db459e9b05f49102973,Up,65.00,5.37,,,0x0011b48e0873c18363c94fb251ab7f56a41a0996de07249d995d999b2da58636
2026-06-04 18:30:34,"XRP Up or Down - June 4, 2:30PM-2:35PM ET",0xc5313621721be12687f36dc6855de28a6e4ff03d38c5e6a4b8d7dd0904b5ff2e,Down,33.00,20,,,0x357849dbdfa0d871deee88a3ca654e915ecf04657b4ba964835022db2c5b420a
2026-06-04 18:30:34,"Bitcoin Up or Down - June 4, 2:30PM-2:35PM ET",0x51dcfba27586c391de127ab5a8e9baa4680d301a39f09db459e9b05f49102973,Up,54.00,20,,,0x117ccfc86f20247d4f1ae591bb57032a26c8cb5e815560dced606f2d03cfdaa1
2026-06-04 18:30:34,"Bitcoin Up or Down - June 4, 2:30PM-2:35PM ET",0x51dcfba27586c391de127ab5a8e9baa4680d301a39f09db459e9b05f49102973,Up,55.00,10.181817,,,0xfa73f4a3f5168be160643b8698bbece6efbcaabfbfaa6cb6d75971dc22121957
2026-06-04 18:30:34,"Bitcoin Up or Down - June 4, 2PM ET",0x3abc093600d2793741018001059df76f55349e8d9e5737c23816bbb5a0f42225,Up,89.00,6.66,,,0x0f4df430716bd6c35880b9443478d504b6e243794caea39974ebdba6cf68495a
2026-06-04 18:30:34,"Bitcoin Up or Down - June 4, 2:30PM-2:35PM ET",0x51dcfba27586c391de127ab5a8e9baa4680d301a39f09db459e9b05f49102973,Up,55.00,7.272726,,,0x85a335be6a653a2789635fd25b22ca4e9b8f84d4fe3e5d6832cb9f4ed25938cd
2026-06-04 18:30:34,"Bitcoin Up or Down - June 4, 2:30PM-2:35PM ET",0x51dcfba27586c391de127ab5a8e9baa4680d301a39f09db459e9b05f49102973,Up,55.00,15.61818,,,0xb0f424990eff24f6d25f6ce65afc164380dd18512429e8f6824992496cf645f6
2026-06-04 18:30:34,"Ethereum Up or Down - June 4, 2:30PM-2:35PM ET",0x86ef98a9e5ca2ea5dc2e9053559b1221ff292d54ba6752bf6e3a5c5b5f426eef,Down,40.00,13.975,,,0xeabc2f9fe3d6bd4ddf00876ee3cf56a02835e169015a69713476e44a92900694
2026-06-04 18:30:34,"Bitcoin Up or Down - June 4, 2:30PM-2:35PM ET",0x51dcfba27586c391de127ab5a8e9baa4680d301a39f09db459e9b05f49102973,Down,38.00,2.631577,,,0x487ff7f5e91331793b1e9bba9f2c2e599502b6f9858a2dff64641591fa80ac4e
2026-06-04 18:30:34,"Bitcoin Up or Down - June 4, 2:30PM-2:35PM ET",0x51dcfba27586c391de127ab5a8e9baa4680d301a39f09db459e9b05f49102973,Up,55.00,1.81818,,,0x492d0963d18d80c128a8d216c2edbfcb6168eea64e1fafdeba071731cd520415
2026-06-04 18:30:34,T20 Blast: Somerset vs Glamorgan,0xf6129fe61ff15efd384be87043b61406c2be38f957e42eecd49f60d0dd38d207,Glamorgan,46.00,15,,,0x70ba7aeaf29a6385f567b3766dbead6e4c7634990e5935b77d73642c831b9aaa
2026-06-04 18:30:34,"Bitcoin Up or Down - June 4, 2:30PM-2:35PM ET",0x51dcfba27586c391de127ab5a8e9baa4680d301a39f09db459e9b05f49102973,Up,63.00,5,,,0xf21c1f034e7adac9fd33ef3ad093d2f4add9f7c5e8d8f1b26599a979c20057c4
2026-06-04 18:30:34,"XRP Up or Down - June 4, 2:30PM-2:35PM ET",0xc5313621721be12687f36dc6855de28a6e4ff03d38c5e6a4b8d7dd0904b5ff2e,Down,35.00,5,,,0xbbd2dd524ec4868568972fe77443372ba27bc4213794d6e19da52fc4661cc56a
2026-06-04 18:30:34,"Solana Up or Down - June 4, 2:30PM-2:35PM ET",0x4908916f4e744dc6dcdc604e790a5e2fa2a7c0174afa21cb1638dc2aaa665149,Up,76.00,31.315787,,,0xa501ee967d43f69cbd321c7b901a550922f77f22d222183a117665a4e5559ade
2026-06-04 18:30:34,"Ethereum all time high by June 30, 2026?",0x384a78b847edbafb7f4542dcde7000f0042d08a43ad12f11879050fbbf06b0ee,No,99.40,1.76,,,0xbf572e47642492ebb07661dc39c5a16fd7e2c7730c52bf600d2b39de0e52a4d6
2026-06-04 18:30:34,"Bitcoin Up or Down - June 4, 2:30PM-2:35PM ET",0x51dcfba27586c391de127ab5a8e9baa4680d301a39f09db459e9b05f49102973,Up,55.00,151,,,0xb13061c6cc541b11f3369120a1791d933420899cdda336bf57e1ead0a596a482
2026-06-04 18:30:34,Sweden vs. Greece: O/U 3.5,0x3b5cdaa6bdb4082fbb042b0411d7778a376d94d62c876b0afb38c9d7133dbe22,Over,52.68,24.679244,,,0x87fcee68cfbe6ffd3ebda9a8def4c0afdfefbbf809177e8dd416dc3923d0433f
2026-06-04 18:30:34,"Bitcoin Up or Down - June 4, 2:30PM-2:35PM ET",0x51dcfba27586c391de127ab5a8e9baa4680d301a39f09db459e9b05f49102973,Up,55.00,14.545453,,,0xdc211f3fefca46a741438c705273d05e3a49ae321197dfb256b11481e5ba7779
2026-06-04 18:30:34,"Bitcoin Up or Down - June 4, 2:30PM-2:35PM ET",0x51dcfba27586c391de127ab5a8e9baa4680d301a39f09db459e9b05f49102973,Up,55.00,10.909088,,,0x19cb7c027949f9f50cee307fa3f6f54d24a3f913c968085182c5053d70741963
2026-06-04 18:30:34,"Russia x Ukraine ceasefire agreement by December 31, 2026?",0x5c19f205507ce03ff5f3be08a8090a5969ea6870cc07b902a4ca2e61dfe48fdd,No,52.00,60,,,0x9a0578908b04b703c52d0aca9fcc1eaad7ac1906dfea1bd101e56b6c27de343f
2026-06-04 18:30:34,Will Graham Platner win the 2028 Democratic presidential nomination?,0x6685b25cc7c89032efcdf81eb27fdc6bbf04a3e4299bcd99c9f3d62c8471001e,Yes,0.70,347,,,0x9a8c79b3c70e11d68b537ccece2acaa949e31a928b455cdfa317fc4c02bc471b
2026-06-04 18:30:34,"Bitcoin Up or Down - June 4, 2:30PM-2:35PM ET",0x51dcfba27586c391de127ab5a8e9baa4680d301a39f09db459e9b05f49102973,Up,55.00,3.636362,,,0x3937ebcb49fdb37fc8ce812e3ba41bad7a354177c09ee3f6af82f267d3c1dd85
2026-06-04 18:30:34,"Bitcoin Up or Down - June 4, 2:30PM-2:35PM ET",0x51dcfba27586c391de127ab5a8e9baa4680d301a39f09db459e9b05f49102973,Up,56.91,1.757016,,,0x87ec46e440c08cfa79708e08051fba04b6197f814cfcf5fc93320d7fedefb084
2026-06-04 18:30:34,"Bitcoin Up or Down - June 4, 2:30PM-2:35PM ET",0x51dcfba27586c391de127ab5a8e9baa4680d301a39f09db459e9b05f49102973,Up,54.00,3.703702,,,0x07347c87c7581e79687f9e270b3ad32723bacb3df048d1395798072a87ef352f
2026-06-04 18:30:34,"Bitcoin Up or Down - June 4, 2:30PM-2:35PM ET",0x51dcfba27586c391de127ab5a8e9baa4680d301a39f09db459e9b05f49102973,Up,54.00,10,,,0x0fdaa43b8340bcc5f90a3479f492be2d0818ca1eb598b4488651b96522f9d071
2026-06-04 18:30:34,"Bitcoin Up or Down - June 4, 2:30PM-2:45PM ET",0x061b207481cf9dc7bad7c8bd43dc5ab08279152de197ef0c762d58cebb490386,Down,48.00,2.083332,,,0xd24837903b7a5366b2436d064996d1878a752289f6a7fc2a98482093f712f668
2026-06-04 18:30:34,"Bitcoin Up or Down - June 4, 2:30PM-2:35PM ET",0x51dcfba27586c391de127ab5a8e9baa4680d301a39f09db459e9b05f49102973,Up,54.00,2.777776,,,0x094432a048ceed5dcde4117e0ab4584370d37dd929a409aa9eb256258bc95cf4
2026-06-04 18:30:34,"Bitcoin Up or Down - June 4, 2:30PM-2:35PM ET",0x51dcfba27586c391de127ab5a8e9baa4680d301a39f09db459e9b05f49102973,Up,54.00,25,,,0x28da5b7b73c73be88192792d2d75a36eab105fe44d72672df85a1cc282676631
2026-06-04 18:30:34,"Bitcoin Up or Down - June 4, 2:30PM-2:35PM ET",0x51dcfba27586c391de127ab5a8e9baa4680d301a39f09db459e9b05f49102973,Up,55.00,9.090908,,,0xd36e7ac24986c9ccb675509f533332e3cbab18a0556a702e9534de741ed4b0c4
2026-06-04 18:30:34,"Bitcoin Up or Down - June 4, 2:30PM-2:35PM ET",0x51dcfba27586c391de127ab5a8e9baa4680d301a39f09db459e9b05f49102973,Up,55.00,60.072726,,,0x6878e8770c73985b79e07c4be08ed03edf4804368fab3f18f560cd4a0b44bdbf
2026-06-04 18:30:34,"Bitcoin Up or Down - June 4, 2:30PM-2:35PM ET",0x51dcfba27586c391de127ab5a8e9baa4680d301a39f09db459e9b05f49102973,Up,55.00,7.272726,,,0x25ad792d35660e897071bb46d372baefccf4c4f72e02c3cd5ab5fc9c29b48970
2026-06-04 18:30:34,"Russia x Ukraine ceasefire agreement by December 31, 2026?",0x5c19f205507ce03ff5f3be08a8090a5969ea6870cc07b902a4ca2e61dfe48fdd,Yes,48.00,35,,,0x6772d21a1f2e6cd8090e098855b4a0047c2d56c107b666bbddfa033d5b236bd5
2026-06-04 18:30:34,"Bitcoin Up or Down - June 4, 2:30PM-2:35PM ET",0x51dcfba27586c391de127ab5a8e9baa4680d301a39f09db459e9b05f49102973,Up,55.00,5,,,0x00f0e9fdde6a0095682c4f48421987cf1bb658ab67e00d3290c00f2d68d4b394
2026-06-04 18:30:34,"Bitcoin Up or Down - June 4, 2:30PM-2:35PM ET",0x51dcfba27586c391de127ab5a8e9baa4680d301a39f09db459e9b05f49102973,Up,54.00,4.907406,,,0x346896649479876beee533cd9696b5520c45fc59ccde6c4d7b0bb7d64b9b30f2
2026-06-04 18:30:34,"Bitcoin Up or Down - June 4, 2:30PM-2:35PM ET",0x51dcfba27586c391de127ab5a8e9baa4680d301a39f09db459e9b05f49102973,Up,55.00,9.090908,,,0x526a32afc3284e8d2d0b40cee1e9d26cf3804e503fea91ad71626e6b866751d5
2026-06-04 18:30:34,"Bitcoin Up or Down - June 4, 2:30PM-2:35PM ET",0x51dcfba27586c391de127ab5a8e9baa4680d301a39f09db459e9b05f49102973,Up,55.00,5,,,0x0725b511842d397b40a33a699f410e8d2eda2927ba4583ab94319121ef47a01e
2026-06-04 18:30:34,"Bitcoin Up or Down - June 4, 2:30PM-2:35PM ET",0x51dcfba27586c391de127ab5a8e9baa4680d301a39f09db459e9b05f49102973,Up,55.00,8,,,0x60a0d483b7496c0f1a0c24eddbdd910150c75c9f73b95dba86675350b442aae1
2026-06-04 18:30:34,"Bitcoin Up or Down - June 4, 2:30PM-2:35PM ET",0x51dcfba27586c391de127ab5a8e9baa4680d301a39f09db459e9b05f49102973,Up,55.00,9.090908,,,0xe313547fb79d6ad0b5fe902aeec9cb4c7f818e1d929b220086405438c1d21fb2
2026-06-04 18:31:51,"Bitcoin Up or Down - June 4, 2:30PM-2:45PM ET",0x061b207481cf9dc7bad7c8bd43dc5ab08279152de197ef0c762d58cebb490386,Down,61.00,5,,,0x44e50932c21cc721dfea8fd9cbcf4bb0680846e5abe1b3d6884d1acc841a7329
2026-06-04 18:31:51,"Bitcoin Up or Down - June 4, 2:30PM-2:35PM ET",0x51dcfba27586c391de127ab5a8e9baa4680d301a39f09db459e9b05f49102973,Down,67.00,10,,,0xcaf4c883e6d048168fefbc800b1fb5cc26ab05ab813c854a36ebc4b7f1230890
2026-06-04 18:31:51,"Bitcoin Up or Down - June 4, 2:30PM-2:35PM ET",0x51dcfba27586c391de127ab5a8e9baa4680d301a39f09db459e9b05f49102973,Down,67.00,72.089551,,,0x9239379bbfefeaf46a7d48ab570010f6c1bafb4326f5fc3a230df4158b2f8d54
2026-06-04 18:31:51,"Bitcoin Up or Down - June 4, 2:30PM-2:35PM ET",0x51dcfba27586c391de127ab5a8e9baa4680d301a39f09db459e9b05f49102973,Up,34.00,10,,,0xa233d90e39366a26ac6bbf79a60ba28a04866457690c2bba1e14635845ee193b
2026-06-04 18:31:51,"Bitcoin Up or Down - June 4, 2:30PM-2:35PM ET",0x51dcfba27586c391de127ab5a8e9baa4680d301a39f09db459e9b05f49102973,Up,33.00,1,,,0x77d9b9840c2195718956de626b10db8aa412e3e1a73ea2e076d0a6cde36ae0a5
2026-06-04 18:31:51,"Bitcoin Up or Down - June 4, 2:30PM-2:35PM ET",0x51dcfba27586c391de127ab5a8e9baa4680d301a39f09db459e9b05f49102973,Down,67.00,10,,,0x8210bbaaa7c14b8018b05deaf757c851a38b73c07f7fadad15336d06c9394567
2026-06-04 18:31:51,"Bitcoin Up or Down - June 4, 2:30PM-2:45PM ET",0x061b207481cf9dc7bad7c8bd43dc5ab08279152de197ef0c762d58cebb490386,Down,61.00,7,,,0x019ec70c95761edca03e7542b888ee9a81e886205dfeab919bbf0ac899295ecb
2026-06-04 18:31:51,"Bitcoin Up or Down - June 4, 2:30PM-2:35PM ET",0x51dcfba27586c391de127ab5a8e9baa4680d301a39f09db459e9b05f49102973,Down,68.00,2.941175,,,0x4e73fc16b2f51e7692ea710ea9138050a84390f747bf48f93eddc34ccf8c325a
2026-06-04 18:31:51,"Ethereum Up or Down - June 4, 2:30PM-2:35PM ET",0x86ef98a9e5ca2ea5dc2e9053559b1221ff292d54ba6752bf6e3a5c5b5f426eef,Down,85.00,2.047053,,,0xbbeebed99351516edcbcc9a22f36dcbc564c0cf59266079d796b9274617ade62
2026-06-04 18:31:51,Tyler: Blaise Bicknell vs Karl Poling,0x571a56df5f10f4e652084fbc2f156ae4b58579b19ecc7e8c75b0c7800947155e,Karl Poling,33.00,9.030302,,,0x839c49c25b542b9b0868c954c18f7c7f3dd0b2fc9caeffd3dfe629e34afab228
2026-06-04 18:31:51,"XRP Up or Down - June 4, 2:30PM-2:35PM ET",0xc5313621721be12687f36dc6855de28a6e4ff03d38c5e6a4b8d7dd0904b5ff2e,Up,20.00,20,,,0xfda2423616490ec23a34f8686e918032316db42dcd808967f0ed118c3ae1b4a3
2026-06-04 18:31:51,"Bitcoin Up or Down - June 4, 2:30PM-2:35PM ET",0x51dcfba27586c391de127ab5a8e9baa4680d301a39f09db459e9b05f49102973,Up,32.00,4,,,0x9b0a8abfbc37b6d51d844932dde786fb9d5cf849b857349bb1815550650e7ad1
2026-06-04 18:31:51,"Bitcoin Up or Down - June 4, 2:30PM-2:35PM ET",0x51dcfba27586c391de127ab5a8e9baa4680d301a39f09db459e9b05f49102973,Down,68.00,8.3,,,0xd748183af63a6435bc7a97fa4090047e446b22a72067d4cebfcf9d1cce9e5d2d
2026-06-04 18:31:51,"Bitcoin Up or Down - June 4, 2:30PM-2:35PM ET",0x51dcfba27586c391de127ab5a8e9baa4680d301a39f09db459e9b05f49102973,Down,68.00,10,,,0x2984ab1ce12a3e61d7b8809f80249c4dafb6c3f7c4785142bef2587f333c205c
2026-06-04 18:31:51,"XRP Up or Down - June 4, 2:30PM-2:35PM ET",0xc5313621721be12687f36dc6855de28a6e4ff03d38c5e6a4b8d7dd0904b5ff2e,Up,20.00,8.1,,,0x0bf9d99123233731517418b11ac6eba91ba10eaf438b8bdd41306243ba881dc8
2026-06-04 18:31:51,"Ethereum Up or Down - June 4, 2:30PM-2:45PM ET",0x0eda108c856a95c6c7500d6d9f0c485369bf3b129f46fd2834abccaa800bd387,Down,73.00,2.082188,,,0xed84899cf6ae024dcceb89ee45f2dc9280ab6871e6b396345c43492b77ed801e
2026-06-04 18:31:51,Counter-Strike: M80 vs NRG - Map 2 Winner,0x57713f6aa15c35ce6185819f4b554fa3f3cac40a7617116f1098bef9afec829f,M80,35.00,700.2,,,0x1712c2dede7c85b398b4ed0bc24fc4845e7d680bed60325d0c6594b98d65bc84
2026-06-04 18:31:51,"Bitcoin Up or Down - June 4, 2:30PM-2:35PM ET",0x51dcfba27586c391de127ab5a8e9baa4680d301a39f09db459e9b05f49102973,Down,68.00,9.544115,,,0xfa9ed59f2a042102fe203eb93672948e8a425fd410b5a3b67be35b1b6b82fcb3
2026-06-04 18:31:51,Counter-Strike: M80 vs NRG - Map 2 Winner,0x57713f6aa15c35ce6185819f4b554fa3f3cac40a7617116f1098bef9afec829f,NRG,66.00,76,,,0x2009133a1bd6eb220ba78775352ec6ff902129d8d8cf420a05837dd91ccdb5c1
2026-06-04 18:31:51,Counter-Strike: M80 vs NRG - Map 2 Winner,0x57713f6aa15c35ce6185819f4b554fa3f3cac40a7617116f1098bef9afec829f,NRG,66.00,28,,,0x51696dfb83e0c245441f954ef39f8a870decdd9afe0ec73ea2314c6144051265
2026-06-04 18:31:51,"Bitcoin Up or Down - June 4, 2:30PM-2:45PM ET",0x061b207481cf9dc7bad7c8bd43dc5ab08279152de197ef0c762d58cebb490386,Down,61.00,10,,,0xb65d0440685fa9a70010168819be3f849ff70a2232cc7e6f70e0e34aa1241372
2026-06-04 18:31:51,"Bitcoin Up or Down - June 4, 2:30PM-2:35PM ET",0x51dcfba27586c391de127ab5a8e9baa4680d301a39f09db459e9b05f49102973,Down,69.00,2.086954,,,0x7dc6bd153c502cc350bccecb586c7536488d14d6d32f8d4b036a868176152fea
2026-06-04 18:31:51,Will the price of XRP be above $0.90 on June 5?,0xf2c01ed3ba4ddb0f89934b08ad515504af74413449237cf43386742277e76ffe,Yes,99.50,22.2,,,0x38f01c9b9f63b210440be23e1acc339aeaeb96c5ab9bd9ed9acc131907bcb4ff
2026-06-04 18:31:51,"Ethereum Up or Down - June 4, 2:30PM-2:35PM ET",0x86ef98a9e5ca2ea5dc2e9053559b1221ff292d54ba6752bf6e3a5c5b5f426eef,Down,85.00,5,,,0xa2186b347980027419db8b679b6e432ffbf808a8059e5e0ca63923ceb287c4ce
2026-06-04 18:31:51,"XRP Up or Down - June 4, 2:30PM-2:35PM ET",0xc5313621721be12687f36dc6855de28a6e4ff03d38c5e6a4b8d7dd0904b5ff2e,Up,22.63,67.913042,,,0xa91fe56342fe2bfbd82f191e021a132cc2c5167e76103415e8480ef9284798b7
2026-06-04 18:31:51,"Solana Up or Down - June 4, 2:30PM-2:35PM ET",0x4908916f4e744dc6dcdc604e790a5e2fa2a7c0174afa21cb1638dc2aaa665149,Down,71.00,5,,,0x77a6f083302d4aeaa1f424941f17ccf59583e90f09548468c69665f00784973b
2026-06-04 18:31:51,"Bitcoin Up or Down - June 4, 2:30PM-2:35PM ET",0x51dcfba27586c391de127ab5a8e9baa4680d301a39f09db459e9b05f49102973,Down,68.00,2.941175,,,0x0a1547c1fd9a672e5b799f7eed72af62b5bbd085eb1d6af111b4f9cf4a3fbb6b
2026-06-04 18:31:51,"Bitcoin Up or Down - June 4, 2:30PM-2:35PM ET",0x51dcfba27586c391de127ab5a8e9baa4680d301a39f09db459e9b05f49102973,Down,69.00,20,,,0x5a7f7c3aedc8d2fb06ba6ca5081b02f84154ec2e41d8950468279da2142367e7
2026-06-04 18:31:51,"Bitcoin Up or Down - June 4, 2:30PM-2:45PM ET",0x061b207481cf9dc7bad7c8bd43dc5ab08279152de197ef0c762d58cebb490386,Down,61.00,11,,,0xa5e6bf80a7d7143c5f24e50000effd2d0f5ec3b22994177489aa6efdbeb6fc77
2026-06-04 18:31:51,"Bitcoin Up or Down - June 4, 2:30PM-2:35PM ET",0x51dcfba27586c391de127ab5a8e9baa4680d301a39f09db459e9b05f49102973,Down,67.00,5,,,0xca061f218af131fe733bbdeb58131541f1d098a9e9c50e8b361ef75d33ea97dd
2026-06-04 18:31:51,"Bitcoin Up or Down - June 4, 2:30PM-2:35PM ET",0x51dcfba27586c391de127ab5a8e9baa4680d301a39f09db459e9b05f49102973,Up,32.00,5.3125,,,0xc05313ceac588803cb29005dffc978c4cac0bffa8dd7703ebb3d3cb9e95872c0
2026-06-04 18:31:51,"BNB Up or Down - June 4, 2:30PM-2:35PM ET",0x86c49779d2f66cdc934da39c28c281f2911ec8e718f5512a510e9c0e71e5f8a7,Up,60.00,1.666665,,,0x30efeee76eac37399c49d1a7b6578ca50dbc6905a9cb0629f785a9a2f45f437a
2026-06-04 18:31:51,"Bitcoin Up or Down - June 4, 2:30PM-2:35PM ET",0x51dcfba27586c391de127ab5a8e9baa4680d301a39f09db459e9b05f49102973,Up,34.00,2.941175,,,0x261546273b51a7464bd741856a2aeea1b64bab5a61bd36c68b35b221c412f900
2026-06-04 18:31:51,"Bitcoin Up or Down - June 4, 2:30PM-2:45PM ET",0x061b207481cf9dc7bad7c8bd43dc5ab08279152de197ef0c762d58cebb490386,Down,61.00,2.295079,,,0xfddd7f0b391a077eca73f44df73a1d9da1c92e99674555111dd919a09404e066
2026-06-04 18:31:51,"Bitcoin Up or Down - June 4, 2:30PM-2:35PM ET",0x51dcfba27586c391de127ab5a8e9baa4680d301a39f09db459e9b05f49102973,Up,33.00,0.04,,,0x67ad795744819cc540ec720fdf79183bafe742a97e6fc69dbac90b279069ea23
2026-06-04 18:31:51,"Bitcoin Up or Down - June 4, 2:30PM-2:35PM ET",0x51dcfba27586c391de127ab5a8e9baa4680d301a39f09db459e9b05f49102973,Down,67.00,5.970148,,,0xb1d228ffffdcd8ddc9fd8ed3951e50df2b6e5c74647df4eb5dd09c7cc4521b70
2026-06-04 18:31:51,"Bitcoin Up or Down - June 4, 2:30PM-2:35PM ET",0x51dcfba27586c391de127ab5a8e9baa4680d301a39f09db459e9b05f49102973,Down,67.00,41,,,0x87ae305243f80651c3ef49560230a234ea21064907d9aa7fe4e60799b8784b0d
2026-06-04 18:31:51,"Bitcoin Up or Down - June 4, 2:30PM-2:45PM ET",0x061b207481cf9dc7bad7c8bd43dc5ab08279152de197ef0c762d58cebb490386,Down,61.00,16,,,0xda52d7a0d20dad8e9d54fc62e3788b3249533422c4485338e8a113c38df137d0
2026-06-04 18:31:51,Will the highest temperature in Austin be between 84-85°F on June 4?,0x48ae7d0aaa33a171989ced472eed0be44ae7c9d5163e099e1c5fb6bb9753e35d,Yes,20.00,0.34,,,0x47e73bfed0cabb1e61b026fd4c1252d22a07b7387ad9dd4022895ad4b7d408fe
2026-06-04 18:31:51,Makarska: Elina Avanesyan vs Dominika Salkova,0xd3c6d40aff15bad564a6421cd9011c149c488b657863e373ae23f70a9fc4c1a0,Elina Avanesyan,99.00,96.37,,,0xb158a877fe28e9dd36dff41a532be3755e6955c33b2bd030fb5e1fe76b38c928
2026-06-04 18:31:51,LoL: ⁠Movistar KOI Fénix vs UCAM Esports Club - Game 4 Winner,0x258e411eef2cb422cfbc113866efa369b848738d23d28e9ed64a27709846b394,UCAM Esports Club,85.00,7.423526,,,0xfcd2144caf50b69c41ea352dd34071cab935b647e886fff07d8a44085a41b8d3
2026-06-04 18:31:51,Will Scotland win the 2026 FIFA World Cup?,0xf950740bc71136155d6525cc0528a582c81f88812bff227803190c32ca25f54d,No,99.80,50.7815,,,0xcc667f5eb183b0b505d01ff8cdae6412dbaffc2655a07612fcd8a62062dfb2ba
2026-06-04 18:31:51,Will the price of XRP be above $1.10 on June 5?,0x8eaedbeb969f9a791e4237a41e0ed8925b965550f976b4b5eb7241a42b08fbe1,No,1.40,22.2,,,0xfe561fec4ac1ec720ed1e9a96cfc497980a8e7bb8fff297e020fe523496608a8
2026-06-04 18:31:51,LoL: ⁠Movistar KOI Fénix vs UCAM Esports Club (BO5) - LES Playoffs,0x19e5fe2c444f9a696482c66e66485c5b6c373e7a9a8bf6baa368c9ff3aa0dbba,UCAM Esports Club,89.00,32,,,0x049a7d79dda2ce61fa7ff89b790365aec417ec5353c1e694dd51cdedaf90f10e
2026-06-04 18:31:51,"Bitcoin Up or Down - June 4, 2:30PM-2:35PM ET",0x51dcfba27586c391de127ab5a8e9baa4680d301a39f09db459e9b05f49102973,Down,66.00,1.92,,,0xa1c5eeade8a00afcba9f6452f595b0576e22dd55c48a3cb6d5517c7bf6fed4e6
2026-06-04 18:31:51,"Solana Up or Down - June 4, 2:30PM-2:35PM ET",0x4908916f4e744dc6dcdc604e790a5e2fa2a7c0174afa21cb1638dc2aaa665149,Down,69.00,2,,,0x75a09ca671f2983e175f978a17b240d758f1b0c2207412b93e9883b7dd7dadf7
2026-06-04 18:31:51,Counter-Strike: Liquid vs Heroic - Map 2 Winner,0xff5ee1b61898d96c561eafefb9da580a67f07848a33ab3257a53c32ae4634223,Liquid,77.00,206.6,,,0x62b1171d13f2de0d816a24cb96b4511cda975d010b011d55560bd38beef80ab9
2026-06-04 18:31:51,LoL: ⁠Movistar KOI Fénix vs UCAM Esports Club - Game 4 Winner,0x258e411eef2cb422cfbc113866efa369b848738d23d28e9ed64a27709846b394,⁠Movistar KOI Fénix,16.00,9,,,0x2ab30547318eeb0c575e101ad9c526274841b22974ee71f8dfdd0c8daaf74aac
2026-06-04 18:31:51,LoL: ⁠Movistar KOI Fénix vs UCAM Esports Club - Game 4 Winner,0x258e411eef2cb422cfbc113866efa369b848738d23d28e9ed64a27709846b394,⁠Movistar KOI Fénix,16.00,20,,,0x1ad1327cb5bc1a741949f41bb54410af6df3e97f2621066b3d1306b421a503c6
2026-06-04 18:31:51,Will IR Iran win on 2026-06-04?,0x9abb037df729683b3e26bfd93427fd6af3bb56799baf4b6a4ac824b527eb30e8,Yes,99.00,4.65,,,0x2170af9e13b1418b1081d8fc69ec8fd732157b178e40f318b7a9578ffa3c0bbc
2026-06-04 18:31:51,"Dogecoin Up or Down - June 4, 2:30PM-2:35PM ET",0xe11d0e232c87a42d2bb686e713714f01f4729dc8a44bddb81af2390cc3d477ea,Up,30.00,7.5,,,0xed7942df6d56e68f8fa2479bf4cd5979f5d5142eadf01419e796f6397b79411c
2026-06-04 18:31:51,"Bitcoin Up or Down - June 4, 2:30PM-2:35PM ET",0x51dcfba27586c391de127ab5a8e9baa4680d301a39f09db459e9b05f49102973,Down,66.00,2,,,0xb3b553a1e4af0ce69e4d91256ac40ffaa3741979e62822d2487c8d1d8b22fe50
2026-06-04 18:31:51,"Will the price of Bitcoin be above $66,000 on June 5?",0xa4874d4eb4538bac79cd6b5b7717510e09872b4ee7ab1c5082d4edb9a6f5b9fa,Yes,10.93,13.72318,,,0x970ad06b48eba79eec337023926537b8e1530a47e80f44fa8b9be27594d3ed72
2026-06-04 18:31:51,"Bitcoin Up or Down - June 4, 2:30PM-2:35PM ET",0x51dcfba27586c391de127ab5a8e9baa4680d301a39f09db459e9b05f49102973,Down,67.00,5,,,0x67424ab800194bc61fc4d344d09d44f2a3624ad029a3858dc282aaed38a101a7
2026-06-04 18:31:51,"Bitcoin Up or Down - June 4, 2:30PM-2:35PM ET",0x51dcfba27586c391de127ab5a8e9baa4680d301a39f09db459e9b05f49102973,Down,67.00,23,,,0x49124637fc206f4efe76566ffcbf4aae639df7254caa7b7d0d4c9f8a62dcc62b
2026-06-04 18:31:51,"Bitcoin Up or Down - June 4, 2PM ET",0x3abc093600d2793741018001059df76f55349e8d9e5737c23816bbb5a0f42225,Down,19.00,2.66,,,0x3a49a4ad05f467dcd83a661dd45aee7fc8e0add6f3eeb179d4f672ba3f7487d0
2026-06-04 18:31:51,Will Zelenskyy and Putin meet next in Turkey before 2027?,0x9af4aa93abfc53d756332ea0ddc4f65377bdd21ee7b979f0a5e5d4b4d3a164c4,Yes,6.60,0.34,,,0xef04d713000f1ae103a985e1e111ec98e65daeefb3156e883102c05951ae5e96
2026-06-04 18:31:51,Will the price of XRP be between $0.90 and $1.00 on June 5?,0x999da6ab953d23404feba57c52f11aee188d2c77caa86a0d1a4134ccc6febb11,No,99.80,22.2,,,0x0f5e0f08eb04cfe166e248cbc8eda8658719e92fd1ec8cb734dadfde2b7498e4
2026-06-04 18:31:51,Counter-Strike: AM Gaming vs ex-RUBY - Map 2 Winner,0xa52d29eeea17288a74e7130544ab81ed81122c60894dfb2b7893ae74c8f1a889,AM Gaming,40.00,20,,,0xa2288281df2845a90db17ce396efae6fe28dd944a3c8ce9c130cd01cfe22bc69
2026-06-04 18:31:51,"BNB Up or Down - June 4, 2:30PM-2:45PM ET",0x3fa1ab22b6978ef1890fbc89588f652dd2c9eb6761f72f2f4ab12694f973eaac,Up,60.00,1.666665,,,0xa075cbb5af7110fb48b5d4c1d9b5964e00223d8ff015f9d590e8f7f75c9d5047
2026-06-04 18:31:51,"Will the price of Bitcoin be above $66,000 on June 5?",0xa4874d4eb4538bac79cd6b5b7717510e09872b4ee7ab1c5082d4edb9a6f5b9fa,Yes,10.50,9.523808,,,0x11cb4bff769efb7ad72a8da864c0e169b43c94cf732ed7f5194e28027ea012dd
2026-06-04 18:31:51,"Bitcoin Up or Down - June 4, 2:30PM-2:35PM ET",0x51dcfba27586c391de127ab5a8e9baa4680d301a39f09db459e9b05f49102973,Up,34.00,20,,,0xd0527829e427c540325df66fa492673f308105f81f4655baddaf32e70eb63ea5
2026-06-04 18:31:51,Will the price of XRP be less than $0.90 on June 5?,0x85f37ca34c093e8e19328c668546c7c2e47963794a40f842fccd13cfb92a15b1,No,99.80,22.2,,,0xd61f1945421723be89e0b617670290dbd98c3646ebc62fd16247fdf5d9704f38
2026-06-04 18:31:51,"Bitcoin Up or Down - June 4, 2:30PM-2:35PM ET",0x51dcfba27586c391de127ab5a8e9baa4680d301a39f09db459e9b05f49102973,Down,67.00,1.64,,,0xa9ec5b3d7506b2f334f659304f6c9668464041b25369a931170c256a60255d54
2026-06-04 18:31:51,"Bitcoin Up or Down - June 4, 2:30PM-2:35PM ET",0x51dcfba27586c391de127ab5a8e9baa4680d301a39f09db459e9b05f49102973,Up,33.00,57,,,0x2cafd41aecd4431018af7ea1d745f78e1c83c58a8696f85e56a7455297bddc4c
2026-06-04 18:31:51,"Bitcoin Up or Down - June 4, 2:30PM-2:35PM ET",0x51dcfba27586c391de127ab5a8e9baa4680d301a39f09db459e9b05f49102973,Up,33.00,4,,,0x09d03fa7255fa348ce3afec05099411edef4a44926987c37b54de92a79b84e37
2026-06-04 18:31:51,"Bitcoin Up or Down - June 4, 2:30PM-2:45PM ET",0x061b207481cf9dc7bad7c8bd43dc5ab08279152de197ef0c762d58cebb490386,Down,61.00,8.180325,,,0xd2e75bc8f5b3378ab232104143ecad0c720c3cdd5938dd1b912a762006a64866
2026-06-04 18:31:51,"Bitcoin Up or Down - June 4, 2:30PM-2:35PM ET",0x51dcfba27586c391de127ab5a8e9baa4680d301a39f09db459e9b05f49102973,Down,66.00,5.4,,,0xdfbba86493152e46aba87b7b1242a0dfac307875fcd2fc11ccf57b3325e0c8be
2026-06-04 18:31:51,"Bitcoin Up or Down - June 4, 2:30PM-2:35PM ET",0x51dcfba27586c391de127ab5a8e9baa4680d301a39f09db459e9b05f49102973,Up,33.00,100,,,0xf89848bc9c84dee6f9065a4e5ab7162f40a80669a9b446a5cebea9ef600dd121
2026-06-04 18:31:51,"BNB Up or Down - June 4, 2:30PM-2:35PM ET",0x86c49779d2f66cdc934da39c28c281f2911ec8e718f5512a510e9c0e71e5f8a7,Down,50.00,2.04,,,0x872f4b739f977b3bba066bab3d974ed9401a69c6661a085f7d53b0630a705a3a
2026-06-04 18:31:51,"Bitcoin Up or Down - June 4, 2:30PM-2:35PM ET",0x51dcfba27586c391de127ab5a8e9baa4680d301a39f09db459e9b05f49102973,Down,67.00,1.492536,,,0x42dccbe42e7ef302e163061f4037ad6645820c0713f8c79963eaaf81474906a8
2026-06-04 18:31:51,"Bitcoin Up or Down - June 4, 2:30PM-2:35PM ET",0x51dcfba27586c391de127ab5a8e9baa4680d301a39f09db459e9b05f49102973,Down,67.00,2.985072,,,0x98813113c2caecf12017dca4a29ee7ba15db855b6af9ab0292daa21d9cd511f9
2026-06-04 18:31:49,"Bitcoin Up or Down - June 4, 2:30PM-2:35PM ET",0x51dcfba27586c391de127ab5a8e9baa4680d301a39f09db459e9b05f49102973,Down,67.00,1.492536,,,0x36fdbe81c725cf90f2cad8592f35a9af2f82c24e2ab58fc0fdbdc8b79ac7bf85
2026-06-04 18:31:49,Counter-Strike: M80 vs NRG - Map 2 Winner,0x57713f6aa15c35ce6185819f4b554fa3f3cac40a7617116f1098bef9afec829f,NRG,65.00,1000,,,0x31479f387c843076ab4bd4c313082550165acc50345cae633b89bdefbf2388fd
2026-06-04 18:31:49,"Bitcoin Up or Down - June 4, 2PM ET",0x3abc093600d2793741018001059df76f55349e8d9e5737c23816bbb5a0f42225,Down,19.00,6,,,0x82405edddcdb495d34651357e4866b3973bdba0cfbe77406423749587c1f15c5
2026-06-04 18:31:49,"Bitcoin Up or Down - June 4, 12:00PM-4:00PM ET",0xc4796e2a8784f59a76936173a8e924a2cecc527eb851fcc5abe7d65813c5f3e9,Down,56.00,1.785713,,,0xbbccd8b441290f17817e1b38687d01d53e4e4b262590ce3bb715f7ac7e31685b
2026-06-04 18:31:49,"XRP Up or Down - June 4, 2:30PM-2:35PM ET",0xc5313621721be12687f36dc6855de28a6e4ff03d38c5e6a4b8d7dd0904b5ff2e,Up,20.00,2,,,0xbeef3e3cc11da21d5350fa43be3146be0fe56c8023a2adf256459723ef8e333b
2026-06-04 18:31:49,"Solana Up or Down - June 4, 2:30PM-2:35PM ET",0x4908916f4e744dc6dcdc604e790a5e2fa2a7c0174afa21cb1638dc2aaa665149,Down,69.00,14.144925,,,0x41e9afe0bbd2ec52bae5ad9731592afd574711dbb295ed30bf9f3e2508e3ec7d
2026-06-04 18:31:49,"Bitcoin Up or Down - June 4, 2:30PM-2:35PM ET",0x51dcfba27586c391de127ab5a8e9baa4680d301a39f09db459e9b05f49102973,Down,66.00,13.333332,,,0x6adf24c246d89b5be63d552805722d30aa568a16406d95a72b606888eba11ebc
2026-06-04 18:31:49,"Bitcoin Up or Down - June 4, 2:30PM-2:35PM ET",0x51dcfba27586c391de127ab5a8e9baa4680d301a39f09db459e9b05f49102973,Down,66.00,6.3,,,0x0fb98f9e3e6ca72249d7e349e60e2b29968869c156279f45a63af2b1ebf8955b
2026-06-04 18:31:49,"Bitcoin Up or Down - June 4, 2:30PM-2:45PM ET",0x061b207481cf9dc7bad7c8bd43dc5ab08279152de197ef0c762d58cebb490386,Up,39.00,40,,,0xf7fb67010ff5df6bdcec987ed03fde37b7273470d1d178b6db27fc827c7d93c3
2026-06-04 18:31:49,Dota 2: LGD Gaming vs Team Yandex (BO3) - BLAST Slam Playoffs,0x7032482ab3b53548109cdadcf50c09a1c5ce387dd1e1743d7778963530c7f8f3,LGD Gaming,7.00,28.98,,,0x0ac6716bc69b6ebf69da39a1a3e8e24dd1bf6691c53539c0188d11215918fed4
2026-06-04 18:31:49,"Will the price of Ethereum be above $1,700 on June 5?",0x63ea9c87b89201594aa61e0a283bb3c38b105381619c114d2f9c200dca2f0d53,Yes,87.40,31.58,,,0x09a93d5b677f185f541242330d684e6a17a25ba58c24789df13e04ba3b8b8cc2
2026-06-04 18:31:49,Will Andorra win on 2026-06-04?,0xab776168534d01a100f266e885dee0cd5ac1a9166edcda9aa89773da0a761b38,Yes,91.16,164.552387,,,0x123cebb04317cda842caf8f52fd6506a557b8e5c029f100004a028aaeecd0f54
2026-06-04 18:31:49,Counter-Strike: M80 vs NRG - Map 2 Winner,0x57713f6aa15c35ce6185819f4b554fa3f3cac40a7617116f1098bef9afec829f,M80,34.80,25,,,0x20539b46a9c6b90b02a6fb79d073c205831b34cb42917a7e0eaf16ce984b11d1
2026-06-04 18:31:49,"Bitcoin Up or Down - June 4, 2:40PM-2:45PM ET",0xc7259071fe8fb7c4ae2ada176c6ac6c83e69b8fed762156ca24a99a2264bc4a6,Down,50.00,5,,,0x3b176e45aa1e39cd2240f08403a639409d3949acc825359a6ab32c99f54bae76
2026-06-04 18:31:49,"XRP Up or Down - June 4, 2:30PM-2:35PM ET",0xc5313621721be12687f36dc6855de28a6e4ff03d38c5e6a4b8d7dd0904b5ff2e,Up,22.20,12.434781,,,0x9ac51ecf84609b41c26e20922aa2bfe0b05d29521154463266aeae1f4781a1db
2026-06-04 18:31:49,Counter-Strike: M80 vs NRG - Map 2 Winner,0x57713f6aa15c35ce6185819f4b554fa3f3cac40a7617116f1098bef9afec829f,NRG,66.00,57.575755,,,0x666e9a55424d8dc377f9a1a33e7bd95e40b0d0219e7baf19b4c56010f9c5949e
2026-06-04 18:31:49,Counter-Strike: M80 vs NRG - Map 2 Winner,0x57713f6aa15c35ce6185819f4b554fa3f3cac40a7617116f1098bef9afec829f,NRG,66.00,21.621211,,,0xac0147926ad69db768db79e4cb6656cb1d7b09773f05746c1ccab88d0013a658
2026-06-04 18:31:49,"Will the price of Bitcoin be above $66,000 on June 6?",0xe508ea2ab4aea6493ccfb5a7b8e2f1ca201f208bc05688d463c2125ecaef06f1,No,83.40,5,,,0x65e75754e2f8c94e4a040f814aca1017a4700774a62eff46903ad0278c15ed3e
2026-06-04 18:31:49,Counter-Strike: M80 vs NRG - Map 2 Winner,0x57713f6aa15c35ce6185819f4b554fa3f3cac40a7617116f1098bef9afec829f,M80,37.00,113.94,,,0x18b223b35cc4fd7b597825e9b2779b47d75c8d4d681bdac5ea64d4e0ceadba1d
2026-06-04 18:31:49,Sweden vs. Greece: O/U 3.5,0x3b5cdaa6bdb4082fbb042b0411d7778a376d94d62c876b0afb38c9d7133dbe22,Under,49.00,33,,,0x5431fd3e4dd9ae2602b7c5781d69fa3e11aad4e8f7cb5f4abb45f28147e7999f
2026-06-04 18:31:49,"Bitcoin Up or Down - June 4, 2PM ET",0x3abc093600d2793741018001059df76f55349e8d9e5737c23816bbb5a0f42225,Down,20.00,12.4,,,0x28de9b1760e43af42457e93474cfcba7e5f835ece5dfdf39681e265c2d702902
2026-06-04 18:31:49,Bitcoin Up or Down on June 5?,0xe5841b2972dc200d23ede725279fabe137837f305d2912991cf3735a105c1001,Down,49.00,1172.45,,,0x00d5a7099f6af05103305513e0f6afdf97b1738a525a3b612a973f3fb094e4ff
2026-06-04 18:31:49,"Will the price of Bitcoin be between $64,000 and $66,000 on June 5?",0x1c6c6b22c9b50bd41d4ad92e6e43a18dea7cf3e97d95df611646191e2d6b83c6,Yes,36.70,3,,,0xefec7b18c155d16518a57b859bfba287fee881287dba3a90c28bebdedf89fe73
2026-06-04 18:31:49,"Bitcoin Up or Down - June 4, 2:30PM-2:35PM ET",0x51dcfba27586c391de127ab5a8e9baa4680d301a39f09db459e9b05f49102973,Down,65.00,25,,,0xe5f7c57c8cba4ccdaacf0f1c1a237ee5cb926cf6e771a67fc9337fb5525ac7d5
2026-06-04 18:31:49,"Bitcoin Up or Down - June 4, 2:30PM-2:35PM ET",0x51dcfba27586c391de127ab5a8e9baa4680d301a39f09db459e9b05f49102973,Down,67.00,5,,,0x645adb2f0c09a8b57b9df35fa92b1e71f5d356ba75e0d1995f02f1589625cc10
2026-06-04 18:31:49,"Bitcoin Up or Down - June 4, 2:30PM-2:35PM ET",0x51dcfba27586c391de127ab5a8e9baa4680d301a39f09db459e9b05f49102973,Down,66.00,25,,,0xcd6041e76de79b00b9f43756b663a4c0c032ab009856f68047ddd1be076fe894
2026-06-04 18:31:49,Will Zelenskyy and Putin meet next in Turkey before 2027?,0x9af4aa93abfc53d756332ea0ddc4f65377bdd21ee7b979f0a5e5d4b4d3a164c4,Yes,6.60,5,,,0xdb8450bf65404ce495796724eb1ad4135f53fa8e650a3be49592a05dfdba2706
2026-06-04 18:31:49,"Will the price of Bitcoin be between $64,000 and $66,000 on June 5?",0x1c6c6b22c9b50bd41d4ad92e6e43a18dea7cf3e97d95df611646191e2d6b83c6,Yes,36.70,4,,,0xe380f2bbff66c70645f0207f59b7c49c4e54e1a51499da9011d9a5582e1225ba
2026-06-04 18:31:49,"Solana Up or Down - June 4, 2:30PM-2:35PM ET",0x4908916f4e744dc6dcdc604e790a5e2fa2a7c0174afa21cb1638dc2aaa665149,Down,69.00,28.985506,,,0xe64f8ff205153c83977b8bb26ad4e62445b434f006b00acebdd8b98f320db27c
2026-06-04 18:31:49,"Bitcoin Up or Down - June 4, 2:30PM-2:45PM ET",0x061b207481cf9dc7bad7c8bd43dc5ab08279152de197ef0c762d58cebb490386,Up,40.00,25,,,0x5c5d87ca2cd3479634214addc7f5bf7ec24836b45fbf2564b32fb8e1f1a4de4b
2026-06-04 18:31:49,"Ethereum Up or Down - June 4, 2:30PM-2:35PM ET",0x86ef98a9e5ca2ea5dc2e9053559b1221ff292d54ba6752bf6e3a5c5b5f426eef,Up,19.00,5.73,,,0xd3a4840b3e1c17e62d15945f51985a0106d5ae55bf3152c962f806c2ebd9ec5d
2026-06-04 18:31:49,Will the highest temperature in Austin be 88°F or higher on June 5?,0x2d05b3be14657131ef2871392c38e671ba83f5a9f0e518bd32b0acd431e6a5b3,No,92.00,2.173912,,,0x7b1fa294cf3bdfa9cb7935c0088fc6d91ad6db483ec1339afaaaec0834a4816c
2026-06-04 18:31:49,"Bitcoin Up or Down - June 4, 2:30PM-2:35PM ET",0x51dcfba27586c391de127ab5a8e9baa4680d301a39f09db459e9b05f49102973,Down,66.00,7.575755,,,0xf43e39efe95e6ea871c0d351a53fd4fa526918327965721ecdb118f5d3bd69fe
2026-06-04 18:31:49,"Bitcoin Up or Down - June 4, 2:30PM-2:35PM ET",0x51dcfba27586c391de127ab5a8e9baa4680d301a39f09db459e9b05f49102973,Down,65.00,25,,,0xfc42ab39070f76e3cbf2d61c69d079281b2bf99fababcc1f1061023056c7dca2
2026-06-04 18:31:49,"Will the price of Ethereum be between $1,700 and $1,800 on June 5?",0xa9453e44d215c9f0f7a003bb302a3c6f9944eb81d80bfe433cf09cff9d4cc923,No,43.51,31.58,,,0xaa98b7440a8e3548934c498a2872185e4a497910ef6c1470fe7d3dd563fd8515
2026-06-04 18:31:49,"Bitcoin Up or Down - June 4, 2:30PM-2:35PM ET",0x51dcfba27586c391de127ab5a8e9baa4680d301a39f09db459e9b05f49102973,Up,36.00,29.388887,,,0x2c56d7fdf1dbabb13fb54ce84fa3f39afd08f44ab9c0d65a2365840102505489
2026-06-04 18:31:49,"Bitcoin Up or Down - June 4, 2:30PM-2:35PM ET",0x51dcfba27586c391de127ab5a8e9baa4680d301a39f09db459e9b05f49102973,Up,35.00,5.99,,,0x2817c42dfa29f395c94d02cb2d2b8ad9435a28fec67b4b584f194e534c3cf80a
2026-06-04 18:31:49,"Bitcoin Up or Down - June 4, 2:30PM-2:35PM ET",0x51dcfba27586c391de127ab5a8e9baa4680d301a39f09db459e9b05f49102973,Down,65.00,34.6,,,0x9ccb8dfbb7154364fb7ceed8ab811e514e22621b081771277f83b231b021db97
2026-06-04 18:31:49,Will the price of XRP be above $1.20 on June 5?,0xdf2ec0b200a6168587685b975936720bdd05c682ceb425964575732f5b3f1e8a,No,72.30,0.46,,,0x4134b467f7320f5730195e00935c486eb7ed9155e60e8097c40cee703015e8d2
2026-06-04 18:31:49,"Will Databricks not IPO by June 30, 2026?",0x4a3fec7d1056cb56f28fb7b67d02caefd0e7644f5fc01ee2d1378ce407aa79e4,Yes,98.40,616,,,0xe1a14f7b42e6f8dbf9dfb4fcbbed8008080709a1b854ea75643945e971eab229
2026-06-04 18:31:49,"Bitcoin Up or Down - June 4, 2:30PM-2:35PM ET",0x51dcfba27586c391de127ab5a8e9baa4680d301a39f09db459e9b05f49102973,Down,65.00,40,,,0x40d7bdc24ba56e6288c3b60bfba257b1ff391bf9f5a71e5468c6f7112d782604
2026-06-04 18:31:49,"Bitcoin Up or Down - June 4, 2:35PM-2:40PM ET",0x9374a51a047c41b1d2edc14fde3cf50a058b6c76df18dc47c0010e18001027ac,Down,50.00,300,,,0xf13da92087b81b2ac5c4750b87846eec66d880b5d177bfd26cd936a98ccdd3fd
2026-06-04 18:31:49,"Bitcoin Up or Down - June 4, 2:30PM-2:35PM ET",0x51dcfba27586c391de127ab5a8e9baa4680d301a39f09db459e9b05f49102973,Up,36.08,500,,,0x83bec66ccb6c389559378bc27cd503033a2c901135433d901b38ebc4576ec083
2026-06-04 18:31:49,"Bitcoin Up or Down - June 4, 2:30PM-2:35PM ET",0x51dcfba27586c391de127ab5a8e9baa4680d301a39f09db459e9b05f49102973,Up,35.00,0.15,,,0x4e2d62785202bba11adcea18f246199f7382657f8421c918d6b49cf75eadeaae
2026-06-04 18:31:49,"Bitcoin Up or Down - June 4, 2:30PM-2:35PM ET",0x51dcfba27586c391de127ab5a8e9baa4680d301a39f09db459e9b05f49102973,Down,67.00,25,,,0x8ac9294085d91d15887ece1edc979c86a111aea8048a043bef25b35f612ce325
2026-06-04 18:31:49,"Bitcoin Up or Down - June 4, 2:30PM-2:45PM ET",0x061b207481cf9dc7bad7c8bd43dc5ab08279152de197ef0c762d58cebb490386,Up,39.00,1.58,,,0x24509c58aa9d638a91f65527f032cdfa7ce8141ea6ea84575fbdaf8c50d5d65e
2026-06-04 18:31:49,"Will the price of Bitcoin be above $66,000 on June 5?",0xa4874d4eb4538bac79cd6b5b7717510e09872b4ee7ab1c5082d4edb9a6f5b9fa,Yes,10.06,1605,,,0xc1abf8d63736255d8a0b394668d8f1251089b6451fbf46ad1a1919f89c44f9e4
2026-06-04 18:31:49,"Ethereum Up or Down - June 4, 2:30PM-2:35PM ET",0x86ef98a9e5ca2ea5dc2e9053559b1221ff292d54ba6752bf6e3a5c5b5f426eef,Down,82.00,2.024388,,,0x8cf89aed40759dd92ec0544260be58e8b40422f37f6315abbe3db6eb37ac71c6
2026-06-04 18:31:49,"Bitcoin Up or Down - June 4, 2:30PM-2:35PM ET",0x51dcfba27586c391de127ab5a8e9baa4680d301a39f09db459e9b05f49102973,Down,67.43,5,,,0x395150d6da3f3d2b87b1a9d762b6b837a693f62e813de2d89705aeea47e2e0c5
2026-06-04 18:31:49,"Bitcoin Up or Down - June 4, 2:30PM-2:35PM ET",0x51dcfba27586c391de127ab5a8e9baa4680d301a39f09db459e9b05f49102973,Down,67.00,10,,,0x2e9d10097114d8bb0a902844c9f20022ea33548aa1550300950ff6c2d4ee738b
2026-06-04 18:31:49,"Bitcoin Up or Down - June 4, 2:30PM-2:35PM ET",0x51dcfba27586c391de127ab5a8e9baa4680d301a39f09db459e9b05f49102973,Down,67.00,10,,,0x3029fcb1fa6b3c8713b9d9b994a34d3e9e3882bbe6d63ca9d531bc3eac988e34
2026-06-04 18:31:49,"Bitcoin Up or Down - June 4, 2:30PM-2:35PM ET",0x51dcfba27586c391de127ab5a8e9baa4680d301a39f09db459e9b05f49102973,Down,67.00,10,,,0xb5dbb1f2e1ab9395aa11c12b3cc2ccca07eadc609c80f2304a78e012a6b73e63
2026-06-04 18:31:49,"Bitcoin Up or Down - June 4, 2:30PM-2:35PM ET",0x51dcfba27586c391de127ab5a8e9baa4680d301a39f09db459e9b05f49102973,Down,67.00,7.46,,,0x23fb89658fcb5ac89c3e6c6fe8d1353c5d5798f7fb557747640081cff665a29e
2026-06-04 18:31:49,"Bitcoin Up or Down - June 4, 2:30PM-2:35PM ET",0x51dcfba27586c391de127ab5a8e9baa4680d301a39f09db459e9b05f49102973,Down,67.00,10,,,0xe547dd69b1ef33988e8f7e360dc4331b0ba449502651fc91618ca8635f71b74f
2026-06-04 18:31:49,"Bitcoin Up or Down - June 4, 2:30PM-2:35PM ET",0x51dcfba27586c391de127ab5a8e9baa4680d301a39f09db459e9b05f49102973,Up,33.00,1,,,0x35d0ffedb03a042ba89ff8b1a01438e0e72dd6d873156e0d2381518fef2ab400
2026-06-04 18:31:49,NBA Finals: Game 1 Winner to be Champion?,0xffe9a105a6b6f3cbe5d6c882dbd0c0b25b80f207fa1c10422c1ca4d490690e5c,Yes,58.00,16.155171,,,0x6fda16e2e12dcb52466e68a2c66d2f2aac8c8f6beb4d4cc2f6d4eec8268fa9bb
2026-06-04 18:31:49,"Bitcoin Up or Down - June 4, 2:30PM-2:35PM ET",0x51dcfba27586c391de127ab5a8e9baa4680d301a39f09db459e9b05f49102973,Up,33.00,4.34,,,0x605b301475ea28d7cb78952281ff36167ee0619ab8935fb1cfd656c9e1591e76
2026-06-04 18:31:49,"BNB Up or Down - June 4, 2:30PM-2:35PM ET",0x86c49779d2f66cdc934da39c28c281f2911ec8e718f5512a510e9c0e71e5f8a7,Down,50.00,3,,,0x320fce6809808730fa8fd8c4749a20419ce4de0feb90cd4b0b22ea784fbb3d1d
2026-06-04 18:31:49,"Bitcoin Up or Down - June 4, 2:30PM-2:45PM ET",0x061b207481cf9dc7bad7c8bd43dc5ab08279152de197ef0c762d58cebb490386,Up,39.00,5,,,0x4d01c96c8315dd78af1f658d6c624410010515591abd9721a2b56fd1b5bde7ce
2026-06-04 18:31:49,"Bitcoin Up or Down - June 4, 2:30PM-2:45PM ET",0x061b207481cf9dc7bad7c8bd43dc5ab08279152de197ef0c762d58cebb490386,Down,61.00,5,,,0xd0095f46b9d956bd8620e1abffff266fdae5e59a518d767b3db5b97079c4970e
2026-06-04 18:31:49,"Bitcoin Up or Down - June 4, 2:30PM-2:35PM ET",0x51dcfba27586c391de127ab5a8e9baa4680d301a39f09db459e9b05f49102973,Down,67.00,4.477609,,,0x731f64582da442541d49f7a2dc91f2c376959326ba26681e517f6b506d685283
2026-06-04 18:31:49,Will Édouard Philippe win the 2027 French presidential election?,0x46f2f457e14ee9021ebd0ef4c27eacd98fdceaf7f2938b484e2551e9e3275ae8,Yes,17.00,999.99,,,0x976c48d0673505783a3526c9147c9d19548c75d6c4e450fd46df106b5d9aae90
2026-06-04 18:31:49,"Bitcoin Up or Down - June 4, 2:30PM-2:35PM ET",0x51dcfba27586c391de127ab5a8e9baa4680d301a39f09db459e9b05f49102973,Down,67.00,22.38,,,0x6cd7bd57ecbf2f2d3a87cf572683c7913d1a73fa8c2892e8795d2f52ed8a476e
2026-06-04 18:31:49,"Bitcoin Up or Down - June 4, 2:30PM-2:35PM ET",0x51dcfba27586c391de127ab5a8e9baa4680d301a39f09db459e9b05f49102973,Up,34.00,14.705881,,,0x79f917caf68f35d32df938cce7e7539aa88df998e360e2682d80b27035dd593c
2026-06-04 18:31:48,"Bitcoin Up or Down - June 4, 2:30PM-2:35PM ET",0x51dcfba27586c391de127ab5a8e9baa4680d301a39f09db459e9b05f49102973,Down,65.00,4.615382,,,0xc48e33905c1fbc391e28cf9fe388a88000d02ed9529d9a7bc05bea68ee02caed
2026-06-04 18:31:48,"Bitcoin Up or Down - June 4, 2:30PM-2:35PM ET",0x51dcfba27586c391de127ab5a8e9baa4680d301a39f09db459e9b05f49102973,Up,36.00,13.888887,,,0x1bf95baf5a05796eed709ae51e73265c4a8e21a48469fc06d9e011a7a4c53725
2026-06-04 18:31:48,"Bitcoin Up or Down - June 4, 2:30PM-2:35PM ET",0x51dcfba27586c391de127ab5a8e9baa4680d301a39f09db459e9b05f49102973,Down,64.00,8.67,,,0xa50a4afb045e78bd007af659f071775d36296ce77cada548fd783843c714cf0f
2026-06-04 18:31:48,"Bitcoin Up or Down - June 4, 2:30PM-2:35PM ET",0x51dcfba27586c391de127ab5a8e9baa4680d301a39f09db459e9b05f49102973,Down,65.00,1.53846,,,0x7b5dbd33b52d715eb93e35f51cba055509950f30e273e3102ba277a1e3994c04
2026-06-04 18:31:48,"Bitcoin Up or Down - June 4, 2:30PM-2:35PM ET",0x51dcfba27586c391de127ab5a8e9baa4680d301a39f09db459e9b05f49102973,Down,64.00,2.28125,,,0xf2b97b15cc510942260ec2f6dfcdaba1a94e3e75d6547bbe651a843189f23602
2026-06-04 18:31:48,"Bitcoin Up or Down - June 4, 2PM ET",0x3abc093600d2793741018001059df76f55349e8d9e5737c23816bbb5a0f42225,Up,82.00,9,,,0x03978c657b5d61fd1ab11ba42811a644edf73bc76d92e2182497cbc3242aff5e
2026-06-04 18:31:48,"Solana Up or Down - June 4, 2:30PM-2:45PM ET",0x717adb22fca935fabda1bba78df51a1e840f3fba98479c7884178a42aa9cc485,Down,59.00,10,,,0x1ad9e233d1f30b5857e6d107565e8fca4b2cfe801ca083dc810cb62d05b5d427
2026-06-04 18:31:48,"Bitcoin Up or Down - June 4, 2:30PM-2:35PM ET",0x51dcfba27586c391de127ab5a8e9baa4680d301a39f09db459e9b05f49102973,Down,64.00,3.125,,,0x48a2d157931f34d07242b7eafb5d960aae24c565d63337751bc5bb106332c840
2026-06-04 18:31:48,"Bitcoin Up or Down - June 4, 2:30PM-2:45PM ET",0x061b207481cf9dc7bad7c8bd43dc5ab08279152de197ef0c762d58cebb490386,Down,59.00,2.033897,,,0x3261d03addbfd05c1e10f25c14b37d195a06ad65c555b0c66f7e593e94897044
2026-06-04 18:31:48,"Bitcoin Up or Down - June 4, 2:30PM-2:35PM ET",0x51dcfba27586c391de127ab5a8e9baa4680d301a39f09db459e9b05f49102973,Down,64.00,5,,,0x7e2348a86290affc7a0e64da90e399fa02d5fcd862a0b7d940ab75c820744ba7
2026-06-04 18:31:48,"Bitcoin Up or Down - June 4, 2:30PM-2:35PM ET",0x51dcfba27586c391de127ab5a8e9baa4680d301a39f09db459e9b05f49102973,Down,63.00,2.72,,,0x032f840490ebfca60de3604f01ae104578bc636385652e4453bf6f55d5ab50db
2026-06-04 18:31:48,"Bitcoin Up or Down - June 4, 2:30PM-2:35PM ET",0x51dcfba27586c391de127ab5a8e9baa4680d301a39f09db459e9b05f49102973,Down,64.00,2,,,0x18b6113e9ce00c0d6751d9238d9cbef1004ca10c17ca293f9e7c55d1c987d3ea
2026-06-04 18:31:48,"Bitcoin Up or Down - June 4, 2:30PM-2:35PM ET",0x51dcfba27586c391de127ab5a8e9baa4680d301a39f09db459e9b05f49102973,Down,64.00,20,,,0x723f01738146c2ce50455940a41a2275da19eb0d0ace63f61014a88533839725
2026-06-04 18:31:48,"Bitcoin Up or Down - June 4, 2:30PM-2:45PM ET",0x061b207481cf9dc7bad7c8bd43dc5ab08279152de197ef0c762d58cebb490386,Down,58.00,9.22,,,0x01edc97beec845b7450db4896a61b83c48d44be498be9edd09ae4ba2bcb9a75b
2026-06-04 18:31:48,"Bitcoin Up or Down - June 4, 2:30PM-2:35PM ET",0x51dcfba27586c391de127ab5a8e9baa4680d301a39f09db459e9b05f49102973,Down,63.00,2.63,,,0x24b089bde9e38f205b9f43d66a5638f931919277ec750395dc836cf18ad69fd3
2026-06-04 18:31:48,"Bitcoin Up or Down - June 4, 2:30PM-2:35PM ET",0x51dcfba27586c391de127ab5a8e9baa4680d301a39f09db459e9b05f49102973,Down,64.00,21.8125,,,0xf6046e12da8cabab949fed7619d929936c07143640241ce39e77dd174857a2d6
2026-06-04 18:31:48,"Bitcoin Up or Down - June 4, 2:30PM-2:35PM ET",0x51dcfba27586c391de127ab5a8e9baa4680d301a39f09db459e9b05f49102973,Down,64.00,24,,,0x0db9961260e39cc5801ba7f103be28996433c2928c30e33051ff739a82eec691
2026-06-04 18:31:48,"Will the price of Bitcoin be above $64,000 on June 5?",0x34ecf20e4baddd4062279778e96ce898d91a845dd1b60289aaaf05cdf7d64a38,No,52.45,129.99,,,0x4e25782e35a87819df38584eab6c5a4bb025e9ec3384221b503e0bffc498e270
2026-06-04 18:31:48,"Bitcoin Up or Down - June 4, 2:30PM-2:45PM ET",0x061b207481cf9dc7bad7c8bd43dc5ab08279152de197ef0c762d58cebb490386,Up,42.00,7.69,,,0x1406a70ddcf9775f7bb74e643dad9011d81432ced5bb555dbed03cbd406b83e2
2026-06-04 18:31:48,"Bitcoin Up or Down - June 4, 2:30PM-2:45PM ET",0x061b207481cf9dc7bad7c8bd43dc5ab08279152de197ef0c762d58cebb490386,Down,58.00,2.03448,,,0x0b4a60e2752fa31e4c780b86f11a4ae6d0e585dec5ca438e539290453f266565
2026-06-04 18:31:48,"Bitcoin Up or Down - June 4, 2:30PM-2:35PM ET",0x51dcfba27586c391de127ab5a8e9baa4680d301a39f09db459e9b05f49102973,Down,63.92,5,,,0xf964e40d4315da7df7a08ade7352cd6df06835dffa48a37daa91f529c17a9a70
2026-06-04 18:31:48,"Will the price of Bitcoin be between $64,000 and $66,000 on June 5?",0x1c6c6b22c9b50bd41d4ad92e6e43a18dea7cf3e97d95df611646191e2d6b83c6,Yes,36.80,3,,,0x1d110e8deafa607b7cce1d2814543a87639e5232585e57eee1db60acb45ac2a2
2026-06-04 18:31:48,"Bitcoin Up or Down - June 4, 2:30PM-2:45PM ET",0x061b207481cf9dc7bad7c8bd43dc5ab08279152de197ef0c762d58cebb490386,Up,42.00,17.24,,,0x7f6bdfa0ee5988cb4241816f181d8274058c9b5fcd85df734d01d498f646cc98
2026-06-04 18:31:48,"Bitcoin Up or Down - June 4, 2:30PM-2:35PM ET",0x51dcfba27586c391de127ab5a8e9baa4680d301a39f09db459e9b05f49102973,Down,63.00,20,,,0x5e4db3c6dad72ce988723e60d499fd9599aaee8c192cada4845762eeca6d2c69
2026-06-04 18:31:48,"Bitcoin Up or Down - June 4, 2:30PM-2:35PM ET",0x51dcfba27586c391de127ab5a8e9baa4680d301a39f09db459e9b05f49102973,Down,63.00,20.571427,,,0x2a1144f38aa0c7012b19b7b052cd7faeeb167b493150335f4ba08b87ddcdd789
2026-06-04 18:31:48,"Bitcoin Up or Down - June 4, 2:30PM-2:35PM ET",0x51dcfba27586c391de127ab5a8e9baa4680d301a39f09db459e9b05f49102973,Down,63.00,20,,,0x10d7731f522521051c93aa33531fe916bd8530debe948c17fc62bb3956de9967
2026-06-04 18:31:48,"Bitcoin Up or Down - June 4, 2:30PM-2:35PM ET",0x51dcfba27586c391de127ab5a8e9baa4680d301a39f09db459e9b05f49102973,Down,63.00,20,,,0x4ee98a7a29197e4f07eb4e82ffa0c8285ecf355618d1e67680f1eee61c1805a1
2026-06-04 18:31:48,"Bitcoin Up or Down - June 4, 2:30PM-2:35PM ET",0x51dcfba27586c391de127ab5a8e9baa4680d301a39f09db459e9b05f49102973,Down,63.00,25,,,0x28eca286eec6e166c1ec4b7f01be03bb7b9eb1d697fdbe06140d78a2f0f7d07a
2026-06-04 18:31:48,"Bitcoin Up or Down - June 4, 2:30PM-2:35PM ET",0x51dcfba27586c391de127ab5a8e9baa4680d301a39f09db459e9b05f49102973,Down,62.00,6.75,,,0x8aad04fe2114dd95a3f49966df0d5be03e193e6cad9e44909b309d23e5a18205
2026-06-04 18:31:48,"Bitcoin Up or Down - June 4, 2:30PM-2:35PM ET",0x51dcfba27586c391de127ab5a8e9baa4680d301a39f09db459e9b05f49102973,Down,62.00,2.032257,,,0x746d7db4ae294164bc91585ce8c23f7942870f6a95b5f2fbd8dd69bbfeeb2c79
2026-06-04 18:31:48,"Bitcoin Up or Down - June 4, 2:30PM-2:35PM ET",0x51dcfba27586c391de127ab5a8e9baa4680d301a39f09db459e9b05f49102973,Down,63.00,20,,,0x3222a56c91045c3cb1cbe1ec870ed05c94b8c954e7666a1eb56250553807b95e
2026-06-04 18:31:48,"Bitcoin Up or Down - June 4, 2:30PM-2:35PM ET",0x51dcfba27586c391de127ab5a8e9baa4680d301a39f09db459e9b05f49102973,Up,37.00,4,,,0x91aebe529f548291adef6674691282ccd35dc6de2ba2ae2fa37475c9af75dd79
2026-06-04 18:31:48,"Bitcoin Up or Down - June 4, 2:30PM-2:35PM ET",0x51dcfba27586c391de127ab5a8e9baa4680d301a39f09db459e9b05f49102973,Up,38.00,2.631577,,,0xf8d4992b2eb07cc156c67b865a9c8624cc7c51c2d329cff98c78a54ae4ef1252
2026-06-04 18:31:48,"Ethereum Up or Down - June 4, 2:30PM-2:35PM ET",0x86ef98a9e5ca2ea5dc2e9053559b1221ff292d54ba6752bf6e3a5c5b5f426eef,Down,80.00,2.025,,,0x51848fef2436fe80dd05f001d4bfe30bfdf8c8f83d25cc11b7f6834f1f852235
2026-06-04 18:31:48,"Bitcoin Up or Down - June 4, 2:30PM-2:35PM ET",0x51dcfba27586c391de127ab5a8e9baa4680d301a39f09db459e9b05f49102973,Down,63.00,7.94,,,0x73b37c94a6c7182860fdfef6cb5ec55667da1be5ee94f94982aa424c542b60fb
2026-06-04 18:31:48,Perugia: Andrea Pellegrino vs Roberto Carballes Baena,0x280f8e4b00877ddf567c6f95604ccefd5d08c171bffe80d71b0c0eb839e3b177,Andrea Pellegrino,56.30,17.762455,,,0x6eade716a59b71a136e48cdc2a57ca72fbe832e3400a2b182b7c700326c17858
2026-06-04 18:31:48,"Bitcoin Up or Down - June 4, 2:30PM-2:45PM ET",0x061b207481cf9dc7bad7c8bd43dc5ab08279152de197ef0c762d58cebb490386,Down,57.00,5.96,,,0xf2d51bcb65b812535ca34caa8c8f97c246af97504b86b9612e242bfdbbf9e711
2026-06-04 18:31:48,"Will Bitcoin reach $77,500 in June?",0x2e539df5355cdb2ea8340beb000a0c6689957e1bb58f748abd18b4c7485a363a,No,94.00,64.95,,,0x37e926763cffb67497ed29cb52c5a2d7f09432ac3c0a473271241a457d19bc78
2026-06-04 18:31:48,"Bitcoin Up or Down - June 4, 2:30PM-2:35PM ET",0x51dcfba27586c391de127ab5a8e9baa4680d301a39f09db459e9b05f49102973,Down,65.00,7.692305,,,0x73ff1eb5a3cb0e8e137a6f691ec843920ba564d44d19fc41d2ddf1d43822963f
2026-06-04 18:31:48,Counter-Strike: M80 vs NRG (BO3) - IEM Cologne Major Stage 1,0xca57b20c69fc5219ae2e4c2d747689ebdcea7702558b86d99d25ae958908262f,M80,69.00,18,,,0xb77f2729ad71ad5c1177fba3875da7632c5c676ce404887f6064b2069614b8a4
2026-06-04 18:31:48,Counter-Strike: M80 vs NRG - Map 2 Winner,0x57713f6aa15c35ce6185819f4b554fa3f3cac40a7617116f1098bef9afec829f,M80,32.28,464.99,,,0xf4c85d50abfe23bd8f2e4c800490169774c9670db03d6ace9b78d3c57ec7a90a
2026-06-04 18:31:48,"Bitcoin Up or Down - June 4, 2:30PM-2:35PM ET",0x51dcfba27586c391de127ab5a8e9baa4680d301a39f09db459e9b05f49102973,Down,64.00,51.07,,,0x7ee216c580cddfccbb23412c37ffa1a5f2fb7dbdbde854b2c175b62b243b57a3
2026-06-04 18:31:48,"Will the price of Ethereum be above $1,800 on June 5?",0xe472b6690d60d0542eba238efde08fa6061b32882b482ed56e60c8b1a30f30c2,No,64.30,0.97,,,0xbea31e08ab01dd2efcc60445b0954f5be06252489815a8a9380003663dac4441
2026-06-04 18:31:48,Counter-Strike: M80 vs NRG - Map 2 Winner,0x57713f6aa15c35ce6185819f4b554fa3f3cac40a7617116f1098bef9afec829f,M80,35.00,54,,,0x6d8059d66d825daf4ef3368cd3589a0115797058ae5b87e97489f5c8adb1e846
2026-06-04 18:31:48,Counter-Strike: M80 vs NRG - Map 2 Winner,0x57713f6aa15c35ce6185819f4b554fa3f3cac40a7617116f1098bef9afec829f,NRG,66.00,4325.757573,,,0x60a66510252eba126475613477ec9b46e76a145d7341786bf10aaa3eb216c690
2026-06-04 18:31:48,"Bitcoin Up or Down - June 4, 2:30PM-2:35PM ET",0x51dcfba27586c391de127ab5a8e9baa4680d301a39f09db459e9b05f49102973,Up,35.00,28.57,,,0x330cf239125e3d3206dbbe7b13a0a4c6ece5fb548c217fed3304903c740d0e92
2026-06-04 18:31:48,Counter-Strike: M80 vs NRG (BO3) - IEM Cologne Major Stage 1,0xca57b20c69fc5219ae2e4c2d747689ebdcea7702558b86d99d25ae958908262f,M80,70.00,6,,,0xea1f3a52082d5563b4154c6d6d9684f7254c58fbad7c38129d0cb15c2f8635d4
2026-06-04 18:31:48,"Bitcoin Up or Down - June 4, 2:30PM-2:35PM ET",0x51dcfba27586c391de127ab5a8e9baa4680d301a39f09db459e9b05f49102973,Down,63.00,1,,,0x02cc68a31541b433c0364cce0f38de83b91168d055b41efcf2e3bd9938ef3b95
2026-06-04 18:31:48,"Will the price of Ethereum be above $1,800 on June 5?",0xe472b6690d60d0542eba238efde08fa6061b32882b482ed56e60c8b1a30f30c2,No,64.20,31.58,,,0xd8a528233fcc748bfec275778d57db86a3bd87daf447b928f2883d1a91d3bb64
2026-06-04 18:31:48,Counter-Strike: AM Gaming vs ex-RUBY (BO3) - CCT Europe Series 3 Playoffs,0x551ed6ffd6643d2df6123e2f1887ff093d6454fc4d5d4af9c038637010312911,ex-RUBY,82.00,7,,,0x4e9b76365dc107e99088ea0bd07ba68bf5e86087dc393f6ee0b393d92a517a96
2026-06-04 18:31:48,Counter-Strike: M80 vs NRG - Map 2 Winner,0x57713f6aa15c35ce6185819f4b554fa3f3cac40a7617116f1098bef9afec829f,M80,35.00,172,,,0x6d076cc7bc200882c88b81ac15fbdf3fafa6dbbbe3d3c943e5aa0e8c148d504c
2026-06-04 18:31:48,Roland Garros WTA: Diana Shnaider vs Maja Chwalinska,0xdc09be650f66b005c91e585611c924c6ecaac2a313a467b145f0978e5e675f39,Maja Chwalinska,99.90,604.99,,,0x2f3b9ea55d318343c078662bd70fba820385e0d02a3897ee1b6b21b5a39ef9a8
2026-06-04 18:31:48,"Solana Up or Down - June 4, 2:30PM-2:35PM ET",0x4908916f4e744dc6dcdc604e790a5e2fa2a7c0174afa21cb1638dc2aaa665149,Up,37.00,13,,,0xc3f86451fa407d8149e4f085287e73bf23c7aa67ee4fecf3d24366d0476df7e0
2026-06-04 18:31:48,"Bitcoin Up or Down - June 4, 2:30PM-2:35PM ET",0x51dcfba27586c391de127ab5a8e9baa4680d301a39f09db459e9b05f49102973,Down,64.00,25,,,0xbfa7ba7760e5928dd9e4925355b5a047e2ab5c490773addbbc43d6754b31b4d1
2026-06-04 18:31:48,"Will the price of Bitcoin be above $64,000 on June 5?",0x34ecf20e4baddd4062279778e96ce898d91a845dd1b60289aaaf05cdf7d64a38,No,51.90,0.01,,,0x5a8a998e1fe84aa1cd0f7b39fba2948ec09f80e65e21ca2c77ff8f143b24e344
2026-06-04 18:31:48,"Bitcoin Up or Down - June 4, 2:30PM-2:35PM ET",0x51dcfba27586c391de127ab5a8e9baa4680d301a39f09db459e9b05f49102973,Down,64.00,15.15625,,,0xa6d2e3c9a0ee53349cdf7e96359750b69def1c6bd8546dbf8ac476d3b08a0f56
2026-06-04 18:31:48,"Bitcoin Up or Down - June 4, 2:30PM-2:35PM ET",0x51dcfba27586c391de127ab5a8e9baa4680d301a39f09db459e9b05f49102973,Down,64.00,20,,,0x17a5df02b4c7289609a3907756f6c03d5efe41fa11e9b75f39a56955fbc6f213
2026-06-04 18:31:48,Baltimore Orioles vs. Boston Red Sox: O/U 8.5,0xfba3396ec88a0f95a154eb724fd3c4d4d71a72792106f45693ed4ba3bfa9b048,Over,92.00,155,,,0xde80c8d474cd91c4987280067438a93b845c27a0fac37465463c6b4761969706
2026-06-04 18:31:46,"Bitcoin Up or Down - June 4, 2:40PM-2:45PM ET",0xc7259071fe8fb7c4ae2ada176c6ac6c83e69b8fed762156ca24a99a2264bc4a6,Up,51.00,5,,,0x37996c4239ab6cc0b998b573281ac5bed297bb3e55e1b48ffaa58b40597bd0f8
2026-06-04 18:31:46,"XRP Up or Down - June 4, 2:30PM-2:45PM ET",0xe15914db46c5709be331549193e61701d2c15fc90d46f490cb3bcb1d62bcff37,Down,60.83,6,,,0x005920bd4e3417153931c5fc4b2c7fa26322b20fc15ddaa183a590a6319b61e6
2026-06-04 18:31:46,"Ethereum Up or Down - June 4, 2:30PM-2:35PM ET",0x86ef98a9e5ca2ea5dc2e9053559b1221ff292d54ba6752bf6e3a5c5b5f426eef,Down,79.00,2.025314,,,0xa1522e1e205ac6201cd9b422fa48b757a7ec3c405b407610cdb21c6f2cb200fe
2026-06-04 18:31:46,"Bitcoin Up or Down - June 4, 2:30PM-2:35PM ET",0x51dcfba27586c391de127ab5a8e9baa4680d301a39f09db459e9b05f49102973,Down,60.14,8.5,,,0x21dcaf958c14697853fab489a4de5242ebc25e570a73713b0ecc2a8cb394db82
2026-06-04 18:31:46,"Bitcoin Up or Down - June 4, 2:30PM-2:35PM ET",0x51dcfba27586c391de127ab5a8e9baa4680d301a39f09db459e9b05f49102973,Down,59.00,21.9,,,0x96a1c1e0c32fc63b98d8b227a4af8ae85c4900e7ea66ba7061bae9927a95045f
2026-06-04 18:31:46,"Will the price of Bitcoin be above $64,000 on June 5?",0x34ecf20e4baddd4062279778e96ce898d91a845dd1b60289aaaf05cdf7d64a38,No,51.00,0.06,,,0xc27735e7104f9d1eb46228babb846816384a6d8058b548863d5be99a84d003a2
2026-06-04 18:31:46,"Bitcoin Up or Down - June 4, 2:30PM-2:35PM ET",0x51dcfba27586c391de127ab5a8e9baa4680d301a39f09db459e9b05f49102973,Down,58.00,2.03448,,,0x5f71947399ca9b39bbc73b2b706190d6a1843b70fa7d0e0d558d863613f14bde
2026-06-04 18:31:46,"Will the price of Bitcoin be above $66,000 on June 5?",0xa4874d4eb4538bac79cd6b5b7717510e09872b4ee7ab1c5082d4edb9a6f5b9fa,Yes,10.30,82.91262,,,0x3ccbd0bdbb8d150de3d7fd7f5b60cfe4b5bb2fbac75221bf0659b330eac0d47b
2026-06-04 18:31:46,"Bitcoin Up or Down - June 4, 2PM ET",0x3abc093600d2793741018001059df76f55349e8d9e5737c23816bbb5a0f42225,Up,84.00,10,,,0x3f9b9cc4c09baa1d084a9b9a41553850cf727e7d88dd418c1f2527406b3e0b89
2026-06-04 18:31:46,LoL: ⁠Movistar KOI Fénix vs UCAM Esports Club - Game 4 Winner,0x258e411eef2cb422cfbc113866efa369b848738d23d28e9ed64a27709846b394,⁠Movistar KOI Fénix,31.79,43.22,,,0xcd3275c009288ab9e62a8c1382a402812dff2b4a7d36809a874d7825cdd58383
2026-06-04 18:31:46,"Bitcoin Up or Down - June 4, 2:30PM-2:35PM ET",0x51dcfba27586c391de127ab5a8e9baa4680d301a39f09db459e9b05f49102973,Down,58.00,3.44,,,0x30b995dbb2df06ec5f124c866b832651a6cf359a31ef82f343b3adbb8ddb9eef
2026-06-04 18:31:46,Counter-Strike: M80 vs NRG - Map 2 Winner,0x57713f6aa15c35ce6185819f4b554fa3f3cac40a7617116f1098bef9afec829f,M80,29.00,10,,,0x755837281041ae198d8151a0b6a8dca6f5338214ff4dfeeffbbca6309a8a25f6
2026-06-04 18:31:46,Counter-Strike: M80 vs NRG - Map 2 Winner,0x57713f6aa15c35ce6185819f4b554fa3f3cac40a7617116f1098bef9afec829f,M80,29.43,19,,,0x2796d89d7a441201ef4332530a9601aaab4115d68e1b243cb0e8c8e0fbe440e7
2026-06-04 18:31:46,Will Sweden win on 2026-06-04?,0xdb2128a475e15e341d4ea0a5e5b86daea6d4141be9c6771564b320221c41c54b,Yes,79.00,126.582277,,,0xa83808f4e51dc090e5ac9b2e93a0168b49d88c2b3ab065f3f9caaaff16ee45db
2026-06-04 18:31:46,Counter-Strike: M80 vs NRG - Map 2 Winner,0x57713f6aa15c35ce6185819f4b554fa3f3cac40a7617116f1098bef9afec829f,NRG,71.00,143,,,0xb7099dd75f5d82e08fa3284855f409a9af8ad9c76a0406e25605786ecc8d11b6
2026-06-04 18:31:46,"XRP Up or Down - June 4, 2:30PM-2:35PM ET",0xc5313621721be12687f36dc6855de28a6e4ff03d38c5e6a4b8d7dd0904b5ff2e,Up,33.09,5.470587,,,0x008d79084888a4df03374f39e5b34eac1b6ee62effca4eab8ce670dd3fa5836f
2026-06-04 18:31:46,Perugia: Andrea Pellegrino vs Roberto Carballes Baena,0x280f8e4b00877ddf567c6f95604ccefd5d08c171bffe80d71b0c0eb839e3b177,Roberto Carballes Baena,45.00,100,,,0x95007a8208c33db302373e4b95e5f59dfb7cb44030f6e89e1d16cd8c50fc2019
2026-06-04 18:31:46,"Bitcoin Up or Down - June 4, 2:30PM-2:35PM ET",0x51dcfba27586c391de127ab5a8e9baa4680d301a39f09db459e9b05f49102973,Up,43.00,10,,,0xbc540e058a628b3489c482b6291792d4692d865a7d3f9e3669a8fb6794620f23
2026-06-04 18:31:46,"Bitcoin Up or Down - June 4, 2:30PM-2:35PM ET",0x51dcfba27586c391de127ab5a8e9baa4680d301a39f09db459e9b05f49102973,Up,43.00,20,,,0x5e7534b4210b1946e92ea59326329f628b02b749bff10667e282cf7b37b1ce77
2026-06-04 18:31:46,Will the highest temperature in Sao Paulo be 21°C on June 4?,0x692f74fd864ed4ab53fd026acf6b1f734f6e5c099578356deed1386f8d95fe5e,Yes,97.10,2.85,,,0x52a934fa00ff93c9b1786ce558c524d7c0700ec08093d4f79ac89c565f471f90
2026-06-04 18:31:46,"Bitcoin Up or Down - June 4, 2:30PM-2:35PM ET",0x51dcfba27586c391de127ab5a8e9baa4680d301a39f09db459e9b05f49102973,Down,58.59,3.413558,,,0x0daa30e63d3e60d0b9abfdfa08c3e1f7018657939862871c8466ee11e5e05d33
2026-06-04 18:31:46,"Ethereum Up or Down - June 4, 2:30PM-2:35PM ET",0x86ef98a9e5ca2ea5dc2e9053559b1221ff292d54ba6752bf6e3a5c5b5f426eef,Down,79.00,6,,,0x46d0fb6f1c69b53eb08f19acc94d44d596e44b96612cdd7f33bfd31eab1217ee
2026-06-04 18:31:46,"XRP Up or Down - June 4, 2:30PM-2:35PM ET",0xc5313621721be12687f36dc6855de28a6e4ff03d38c5e6a4b8d7dd0904b5ff2e,Down,66.00,2,,,0xf6ced20f2e90a26bfb612aecb2e90e7a94eaaeb8aa0d780e8e2d322ad351f1b2
2026-06-04 18:31:46,"Ethereum Up or Down - June 4, 2:30PM-2:35PM ET",0x86ef98a9e5ca2ea5dc2e9053559b1221ff292d54ba6752bf6e3a5c5b5f426eef,Down,78.00,8,,,0x2e0333b0873d14ab90398c40a02c29888449fadbb886a4bad3c354ec55fb728c
2026-06-04 18:31:46,"XRP Up or Down - June 4, 2:30PM-2:45PM ET",0xe15914db46c5709be331549193e61701d2c15fc90d46f490cb3bcb1d62bcff37,Down,60.00,2,,,0xd63764fc8cda6db08b12b44969a873cd3e77ecf89ae30cecdb8ed2ad78feb93c
2026-06-04 18:31:46,"Bitcoin Up or Down - June 4, 2:30PM-2:35PM ET",0x51dcfba27586c391de127ab5a8e9baa4680d301a39f09db459e9b05f49102973,Down,58.00,15,,,0x98818ce512f0acad8e5274b290ea39f9dca99653c2603cd4ef1eabaa4ae06155
2026-06-04 18:31:46,"Bitcoin Up or Down - June 4, 2:30PM-2:35PM ET",0x51dcfba27586c391de127ab5a8e9baa4680d301a39f09db459e9b05f49102973,Down,58.00,46.89655,,,0x6de987d534618654e15036020c37de6e42f9fab2b8735ad683c29e1c12ec6aa7
2026-06-04 18:31:46,"Bitcoin Up or Down - June 4, 2:30PM-2:35PM ET",0x51dcfba27586c391de127ab5a8e9baa4680d301a39f09db459e9b05f49102973,Up,43.00,51.953487,,,0xd3ec65fe63001ec7d65e1efb16bf9aeed98f6d169ea82859749463c01410fd1e
2026-06-04 18:31:46,"Bitcoin Up or Down - June 4, 2:30PM-2:35PM ET",0x51dcfba27586c391de127ab5a8e9baa4680d301a39f09db459e9b05f49102973,Up,42.06,20,,,0x01e303f13cba670110049788b862e0c50d82d437351128a6957c520dccce96c2
2026-06-04 18:31:46,"Solana Up or Down - June 4, 2:30PM-2:35PM ET",0x4908916f4e744dc6dcdc604e790a5e2fa2a7c0174afa21cb1638dc2aaa665149,Down,55.00,5,,,0xcfdbb0e4f88a6758faba42d026a62751300e89f16d908cb68f7a307ecaffa1fd
2026-06-04 18:31:46,"Ethereum Up or Down - June 4, 2:30PM-2:45PM ET",0x0eda108c856a95c6c7500d6d9f0c485369bf3b129f46fd2834abccaa800bd387,Up,30.00,5,,,0x076afe193c68b0637a976ba6a9f55cc9eba514bab3e02f510e09eeeb0601f6ca
2026-06-04 18:31:46,"Bitcoin Up or Down - June 4, 2:30PM-2:35PM ET",0x51dcfba27586c391de127ab5a8e9baa4680d301a39f09db459e9b05f49102973,Up,43.00,11.627905,,,0x5cdaca5e71e85fd3cf2ccf82bbdff9fbae38bac8e9f3969fcf7a9ce70ef0cc81
2026-06-04 18:31:46,"Bitcoin Up or Down - June 4, 2:30PM-2:35PM ET",0x51dcfba27586c391de127ab5a8e9baa4680d301a39f09db459e9b05f49102973,Up,43.00,4.651161,,,0x1ccaacc310b825ff6301426ddd76e92e118fead300b15d2a31d39a251f0ef242
2026-06-04 18:31:46,"Bitcoin Up or Down - June 4, 2:30PM-2:35PM ET",0x51dcfba27586c391de127ab5a8e9baa4680d301a39f09db459e9b05f49102973,Down,58.00,1.83,,,0x9aba4fee6bcb8eebbb97fbe31667efb3a01603acf4c71f5da9e6e5ffdb760ef4
2026-06-04 18:31:46,"Bitcoin Up or Down - June 4, 2:30PM-2:35PM ET",0x51dcfba27586c391de127ab5a8e9baa4680d301a39f09db459e9b05f49102973,Up,43.00,20.953487,,,0x56657e99a8a73975bb0475e6135a96fd9b464308df675ab5b228886e61fae67c
2026-06-04 18:31:46,"Bitcoin Up or Down - June 4, 2:30PM-2:35PM ET",0x51dcfba27586c391de127ab5a8e9baa4680d301a39f09db459e9b05f49102973,Up,43.00,20,,,0x65af7754f32a2dc30eb9d5a110c3c656b8351e088e47c9436ed0dcad7c0b56ed
2026-06-04 18:31:46,"XRP Up or Down - June 4, 2:30PM-2:35PM ET",0xc5313621721be12687f36dc6855de28a6e4ff03d38c5e6a4b8d7dd0904b5ff2e,Up,32.00,22.19,,,0x4ddf8de35457b8b37f4976896efb475e68970661a6bd78df5b4d80ab4f750213
2026-06-04 18:31:46,"Will the price of Bitcoin be between $64,000 and $66,000 on June 5?",0x1c6c6b22c9b50bd41d4ad92e6e43a18dea7cf3e97d95df611646191e2d6b83c6,Yes,36.80,3,,,0xd80d1feebef95ead956a6c05606c10a78ffcace1e18b13b22ec2a28060c2fe14
2026-06-04 18:31:46,"Bitcoin Up or Down - June 4, 2:30PM-2:35PM ET",0x51dcfba27586c391de127ab5a8e9baa4680d301a39f09db459e9b05f49102973,Down,62.00,6,,,0x9145fb0e9dc89b013d1222d623cb824536bd4b25cfb861907a81c83811d65cda
2026-06-04 18:31:46,"Bitcoin Up or Down - June 4, 2:30PM-2:35PM ET",0x51dcfba27586c391de127ab5a8e9baa4680d301a39f09db459e9b05f49102973,Down,61.00,40.983605,,,0x17eda02eb22074a67bc1ec3f7bd01910ad76a5d5508812f050b5224a8b7913a6
2026-06-04 18:31:46,"Ethereum Up or Down - June 4, 2:30PM-2:35PM ET",0x86ef98a9e5ca2ea5dc2e9053559b1221ff292d54ba6752bf6e3a5c5b5f426eef,Up,22.00,11.25,,,0x8cd2d10b2887445dc5fa4f05adf5ce4f59227265f806f38db5f3cde7c6ea4fc5
2026-06-04 18:31:46,"Bitcoin Up or Down - June 4, 2:30PM-2:35PM ET",0x51dcfba27586c391de127ab5a8e9baa4680d301a39f09db459e9b05f49102973,Down,62.00,6,,,0x159248a4d8e184b6e9bea67919a07a03c9cc7eb775858046c714e3fcf6ee92c1
2026-06-04 18:31:46,"Solana Up or Down - June 4, 2:30PM-2:45PM ET",0x717adb22fca935fabda1bba78df51a1e840f3fba98479c7884178a42aa9cc485,Up,43.00,5.465115,,,0x904df080c8401a41df1f697e68c8df6e02d3c4cb1b84e2c38dcc887bb3c7e5df
2026-06-04 18:31:46,"Bitcoin Up or Down - June 4, 2:30PM-2:35PM ET",0x51dcfba27586c391de127ab5a8e9baa4680d301a39f09db459e9b05f49102973,Up,38.00,0.11,,,0xe3050ca2a1703635b589cfb07689cdd17c13b5685d532188fa4372569b3197b3
2026-06-04 18:31:46,Counter-Strike: Leo Team vs Lilmix (BO3) - CCT Europe Closed Qualifier: Series #4 Group C,0x8c401ceb9b4016ba2b376a0d73b49cc6b8e0e0ffd8b4eba96368ce14eb9f296c,Leo Team,67.00,1.492536,,,0x28f370ea2b3fa594eb585f85f517cb1a9a732055d9246425a34ae4df9564bc95
2026-06-04 18:31:46,"Bitcoin Up or Down - June 4, 2:30PM-2:35PM ET",0x51dcfba27586c391de127ab5a8e9baa4680d301a39f09db459e9b05f49102973,Up,42.00,11.90476,,,0x1951c5182ff1493e2c88744c6cdf277f9aafafbf29a4ee24c235d38eed6b6d4c
2026-06-04 18:31:46,"Ethereum Up or Down - June 4, 2:30PM-2:35PM ET",0x86ef98a9e5ca2ea5dc2e9053559b1221ff292d54ba6752bf6e3a5c5b5f426eef,Down,79.00,5.75949,,,0xd17454b14902fbc102d3de3fc8c6556e6a5bd7c1e8dd2335899dd6fd75f332d6
2026-06-04 18:31:46,"Bitcoin Up or Down - June 4, 2:30PM-2:35PM ET",0x51dcfba27586c391de127ab5a8e9baa4680d301a39f09db459e9b05f49102973,Down,61.40,11.546773,,,0x19d841855273e3ab84df380a6466573c787debc876cf1bef255e930cf1d934dc
2026-06-04 18:31:46,Counter-Strike: Liquid vs Heroic (BO3) - IEM Cologne Major Stage 1,0x351383a1548b4900556493b770b0a95b6879cd94f1bf3995b66e96381b687ea2,Heroic,12.68,100,,,0xd51a8592cc4bffcad8ae1ddd69221d9f55e5e2ebad879246be870881e737308e
2026-06-04 18:31:46,Will Sweden win on 2026-06-04?,0xdb2128a475e15e341d4ea0a5e5b86daea6d4141be9c6771564b320221c41c54b,Yes,79.00,253.164555,,,0xedff603a604ea4ef90b2150ad3baaecbb53856b997eccb8ed0a47c77bff3f83b
2026-06-04 18:31:46,Counter-Strike: AM Gaming vs ex-RUBY (BO3) - CCT Europe Series 3 Playoffs,0x551ed6ffd6643d2df6123e2f1887ff093d6454fc4d5d4af9c038637010312911,ex-RUBY,81.00,7,,,0x862ab351971ba18251cb07bf7aef98c9c314a5c23b5072066cd12328eab38b25
2026-06-04 18:31:46,Will Sweden win on 2026-06-04?,0xdb2128a475e15e341d4ea0a5e5b86daea6d4141be9c6771564b320221c41c54b,No,22.00,87.272726,,,0xc8211217eda23a43b4fbde56eac99d8b5f22b442b4d9d871ad02078004592d67
2026-06-04 18:31:46,Counter-Strike: M80 vs NRG - Map 2 Winner,0x57713f6aa15c35ce6185819f4b554fa3f3cac40a7617116f1098bef9afec829f,NRG,70.00,163.55,,,0x7b13acd10385bc494a0cf2da559636a884b8e28a6f237176c6db151d8d810d84
2026-06-04 18:31:46,"Bitcoin Up or Down - June 4, 2:30PM-2:35PM ET",0x51dcfba27586c391de127ab5a8e9baa4680d301a39f09db459e9b05f49102973,Down,59.00,10,,,0x8fbaa0d60e16f1e52f53b3c8ac3f0dc2bde7d4013f952e0d0490dd9a1b3694b0
2026-06-04 18:31:45,"Ethereum Up or Down - June 4, 2:30PM-2:35PM ET",0x86ef98a9e5ca2ea5dc2e9053559b1221ff292d54ba6752bf6e3a5c5b5f426eef,Up,21.00,2.57,,,0x1bcb36a357f8edcbf2f85dad476afb63beca0bf0f8fd6aba63a9562d84a52ca4
2026-06-04 18:31:45,"Will the price of Ethereum be above $1,800 on June 5?",0xe472b6690d60d0542eba238efde08fa6061b32882b482ed56e60c8b1a30f30c2,No,64.10,10.64,,,0xa7a91384bda7dc3452f93737c3d9a14df8dd1cc52a11ee9dfa8fbf8e7772f2c7
2026-06-04 18:31:45,"Solana Up or Down - June 4, 2PM ET",0xf65f1d6dc03ba796d75fb065a5da8bdf70cfe06d4b5e2fbe4499b63d6535c4c4,Up,78.00,6.076922,,,0xd8ef062c25d010d275a695be4f55ff89d55e6f388d6046bad80f9b2890185c74
2026-06-04 18:31:45,"Bitcoin Up or Down - June 4, 2:30PM-2:45PM ET",0x061b207481cf9dc7bad7c8bd43dc5ab08279152de197ef0c762d58cebb490386,Up,44.00,10,,,0xdf5b43f514f4f140b4128ef5ecf256129e4ca0c55ec1339c134a0404385d0fce
2026-06-04 18:31:45,Will the highest temperature in New York City be between 88-89°F on June 5?,0x118edc427ad9212196579238648d0c2ded05337e3cff852289d1e701a33905b1,Yes,27.00,5,,,0x173b859ca5763132c89bb7d47fed97112e952d1dbab3aa8d89e491c818de9ca7
2026-06-04 18:31:45,"Bitcoin Up or Down - June 4, 2:30PM-2:35PM ET",0x51dcfba27586c391de127ab5a8e9baa4680d301a39f09db459e9b05f49102973,Down,59.00,3.389829,,,0x85dcf70bbd327f5eef473e742b325e8ab87743bcf276f7e0cbfcf8ab0e5d3244
2026-06-04 18:31:45,"Will the price of Bitcoin be above $64,000 on June 5?",0x34ecf20e4baddd4062279778e96ce898d91a845dd1b60289aaaf05cdf7d64a38,No,51.60,5,,,0xb48e09efe3037934f555b2e195ff787bbfc76b4e639d731bc9b4bfc4f22914a5
2026-06-04 18:31:45,"Bitcoin Up or Down - June 4, 2:30PM-2:35PM ET",0x51dcfba27586c391de127ab5a8e9baa4680d301a39f09db459e9b05f49102973,Down,59.00,9.152541,,,0xd7d2cf8a2fdd6e9fab438b35567ff314748330db759618ed6f9fe13b0f2af616
2026-06-04 18:31:45,"Bitcoin Up or Down - June 4, 2:30PM-2:35PM ET",0x51dcfba27586c391de127ab5a8e9baa4680d301a39f09db459e9b05f49102973,Up,41.00,18.11,,,0x12a8f49962e5939edb9c061fc0674ddbcf2dada25b341c9006b45583e2a0266e
2026-06-04 18:31:45,"Bitcoin Up or Down - June 4, 2:30PM-2:35PM ET",0x51dcfba27586c391de127ab5a8e9baa4680d301a39f09db459e9b05f49102973,Up,41.00,15,,,0xcc4a1b906a27aed9e1bf27b3181857b4ba32e42fd63785844aeb54d2468e298b
2026-06-04 18:31:45,"XRP Up or Down - June 4, 2:30PM-2:35PM ET",0xc5313621721be12687f36dc6855de28a6e4ff03d38c5e6a4b8d7dd0904b5ff2e,Down,69.00,3.623187,,,0x94d1d9615e0dd278b64805f5ef162e498d08c436dcc879731e8ab1571063b19d
2026-06-04 18:31:45,"Bitcoin Up or Down - June 4, 2:30PM-2:45PM ET",0x061b207481cf9dc7bad7c8bd43dc5ab08279152de197ef0c762d58cebb490386,Up,44.00,20,,,0x716ce1a1a8c4861c2476b13d40d723f158046943366cc5d80ba120715cba9588
2026-06-04 18:31:45,"Will the price of Ethereum be above $1,800 on June 5?",0xe472b6690d60d0542eba238efde08fa6061b32882b482ed56e60c8b1a30f30c2,No,64.10,0.06,,,0x4581d10e3c9fdcc251a6a9d03f0a441f6de2d761d6fe58b1cd8c72d959d93770
2026-06-04 18:31:45,Baltimore Orioles vs. Boston Red Sox,0x4a4406119113d717306b22b738cc6906b90b17266b4ffb348be36064766f4aca,Baltimore Orioles,94.00,1.063828,,,0x60d280c40efc00f3d45cffda67f008f4d8006d6ac7bb69e5b2d9ba1c4deedc72
2026-06-04 18:31:45,"Will the price of Ethereum be above $1,800 on June 5?",0xe472b6690d60d0542eba238efde08fa6061b32882b482ed56e60c8b1a30f30c2,No,64.10,10.64,,,0x0ad7a3b189ed78b182f96cb147a46f83114b4e2a9261b420e7ddd18eb36e9e30
2026-06-04 18:31:45,Counter-Strike: Liquid vs Heroic - Map 2 Winner,0xff5ee1b61898d96c561eafefb9da580a67f07848a33ab3257a53c32ae4634223,Heroic,23.78,2018.866665,,,0xbe828082ef0a5bd3fd4a4a7c2a567b9f2eec0cd2e822776c28b2c46616c221c0
2026-06-04 18:31:45,"Bitcoin Up or Down - June 4, 2:30PM-2:35PM ET",0x51dcfba27586c391de127ab5a8e9baa4680d301a39f09db459e9b05f49102973,Down,60.00,16.666665,,,0xed0dbf6713439f128b629e733dfdbf2601f27e380a3dfe8efa338dc0ab7ad834
2026-06-04 18:31:45,"Bitcoin Up or Down - June 4, 2:30PM-2:35PM ET",0x51dcfba27586c391de127ab5a8e9baa4680d301a39f09db459e9b05f49102973,Up,41.00,12.19512,,,0xefbbf677536d6ba064f95ea608e218258787e57d90589573b4e42c5f553565d2
2026-06-04 18:31:45,"Bitcoin Up or Down - June 4, 2:30PM-2:35PM ET",0x51dcfba27586c391de127ab5a8e9baa4680d301a39f09db459e9b05f49102973,Down,60.00,3.333332,,,0xc5708a2a6beba80284882258d76cdbad9759cadfe16543c05a008c0872cdc007
2026-06-04 18:31:45,Will Trump acquire Greenland before 2027?,0xd595eb9b81885ff018738300c79047e3ec89e87294424f57a29a7fa9162bf116,No,93.60,6.79,,,0x670aca9f309815e4c7bb5d5283fa0c2443ff2e6ac8ca62fd8d3231dd87b5bf5a
2026-06-04 18:31:45,"Solana Up or Down - June 4, 2:30PM-2:35PM ET",0x4908916f4e744dc6dcdc604e790a5e2fa2a7c0174afa21cb1638dc2aaa665149,Up,37.00,5,,,0x714f0837fd7388ad0731c379fff5019898ef97188e891d36ccc95c8c15b313b8
2026-06-04 18:31:45,Will Andorra win on 2026-06-04?,0xab776168534d01a100f266e885dee0cd5ac1a9166edcda9aa89773da0a761b38,Yes,89.79,39.06,,,0xef37f5edd45d1588bac268c869c382fec6dc2528239c6e207a88b9f1f60cb815
2026-06-04 18:31:45,"Solana Up or Down - June 4, 2:30PM-2:35PM ET",0x4908916f4e744dc6dcdc604e790a5e2fa2a7c0174afa21cb1638dc2aaa665149,Up,36.00,10.77,,,0x478e46322a13852d2f8a08850ef7d0e2c8ce5d9747f8e586f05aa4c8536dd6b1
2026-06-04 18:31:45,Baltimore Orioles vs. Boston Red Sox,0x4a4406119113d717306b22b738cc6906b90b17266b4ffb348be36064766f4aca,Baltimore Orioles,94.00,10,,,0x8da3a06ac5cedfc0182851adf409cec75cb83972b821365d7ce2cb9afe4fab38
2026-06-04 18:31:45,"Bitcoin Up or Down - June 4, 2:30PM-2:35PM ET",0x51dcfba27586c391de127ab5a8e9baa4680d301a39f09db459e9b05f49102973,Down,60.00,13.016665,,,0x40f866a4bdc0f9ce9b6a423fe3fb90b46c4ee4d4c3627bbb19e820eee1f8b8ba
2026-06-04 18:31:45,"Ethereum Up or Down - June 4, 2:30PM-2:35PM ET",0x86ef98a9e5ca2ea5dc2e9053559b1221ff292d54ba6752bf6e3a5c5b5f426eef,Up,21.00,7.43,,,0x16a53800072c0c172d82bb103773a3f9e2b3772e4e2f90e82b041ca115d05d65
2026-06-04 18:31:45,"Will the price of Ethereum be above $1,800 on June 5?",0xe472b6690d60d0542eba238efde08fa6061b32882b482ed56e60c8b1a30f30c2,No,64.10,0.06,,,0xda3db67ff69a1671a6a1bd74e78a82c9043259d294c227cb3a6a5decfd8e476e
2026-06-04 18:31:45,"XRP Up or Down - June 4, 2:30PM-2:35PM ET",0xc5313621721be12687f36dc6855de28a6e4ff03d38c5e6a4b8d7dd0904b5ff2e,Down,68.00,1.96,,,0xad1f20b3df2579246a5f1722419b8ec5f67d52943cd3f9428869617a750d7549
2026-06-04 18:31:45,"Bitcoin Up or Down - June 4, 2:30PM-2:35PM ET",0x51dcfba27586c391de127ab5a8e9baa4680d301a39f09db459e9b05f49102973,Down,60.00,5,,,0xd592830ff00a07737795a3c3425915693fe72d4efa5b68e3aa89472c97bcc3dc
2026-06-04 18:31:45,"XRP Up or Down - June 4, 2:30PM-2:35PM ET",0xc5313621721be12687f36dc6855de28a6e4ff03d38c5e6a4b8d7dd0904b5ff2e,Down,69.00,5,,,0x0f77cf30a42a284f062d70c64c08e975e5e09913c298ce86b27b3e1aec78e6fc
2026-06-04 18:31:45,"Bitcoin Up or Down - June 4, 2:30PM-2:35PM ET",0x51dcfba27586c391de127ab5a8e9baa4680d301a39f09db459e9b05f49102973,Up,40.00,0.15,,,0x95403dfcce776576c12e3c45fa66d3af9503d1ff42df7be132095bb0f1687900
2026-06-04 18:31:45,"Ethereum Up or Down - June 4, 2:30PM-2:35PM ET",0x86ef98a9e5ca2ea5dc2e9053559b1221ff292d54ba6752bf6e3a5c5b5f426eef,Down,80.00,20.5,,,0x27e7baf922de506ce46645a01e35f9041a6de90b8ba68f6979df719ec01c4297
2026-06-04 18:31:45,"Solana Up or Down - June 4, 2:30PM-2:35PM ET",0x4908916f4e744dc6dcdc604e790a5e2fa2a7c0174afa21cb1638dc2aaa665149,Up,34.64,6.321427,,,0x9983a29807236275b6d8ba542efdf4b37410ffe3c37df2a34311933397909248
2026-06-04 18:31:45,Will Saudi Aramco be the largest company in the world by market cap on June 30?,0x36b97e8e982e7ffc316526077c0fb30aa97e9ddb32961596e114576a17719df2,No,99.90,2.252,,,0x1934c33c965fa61032ebfff1d0734ae06bdff32f3e90766bc3157c8549686e0c
2026-06-04 18:31:45,"Will the price of Ethereum be above $1,800 on June 5?",0xe472b6690d60d0542eba238efde08fa6061b32882b482ed56e60c8b1a30f30c2,No,64.60,146.996903,,,0x342c84b280ff27bbf07f4d8e58045c8f0c350d798e4ad7231c075f70569f0f6d
2026-06-04 18:31:45,Will the highest temperature in Toronto be 30°C or higher on June 4?,0x98a7b667b4f40b1584bb63a599bf49c145960e41417afb33a5423dc5665995b1,No,36.00,2.64,,,0x302530f604dc1a6bd127afadbea813edd0ed32a45ecfdaae6a41af44d7b5ce62
2026-06-04 18:31:45,"Solana Up or Down - June 4, 2:30PM-2:35PM ET",0x4908916f4e744dc6dcdc604e790a5e2fa2a7c0174afa21cb1638dc2aaa665149,Up,36.00,6.222221,,,0x81a1863c811bb1196415b141d47531c3157e37bb5a3d89895960d7d15e8e9c5f
2026-06-04 18:31:45,Will the highest temperature in Toronto be 29°C on June 4?,0xa9c914a31f284aff3fdf493fe669a1b6a9350fdf2b5a67fa7ecfd48f811cb756,Yes,38.00,2.631577,,,0x5a4cc1c08825b75cc4f92dd66a3843f0b5758d511957dd95cfa9566d67ca9006
2026-06-04 18:31:45,"Bitcoin Up or Down - June 4, 2:30PM-2:35PM ET",0x51dcfba27586c391de127ab5a8e9baa4680d301a39f09db459e9b05f49102973,Down,58.00,1.96,,,0x8239758bc77418ffb808230fe47bfbe3fae5942e1eba0eef29887650ebe12fb4
2026-06-04 18:31:45,"XRP Up or Down - June 4, 2:30PM-2:35PM ET",0xc5313621721be12687f36dc6855de28a6e4ff03d38c5e6a4b8d7dd0904b5ff2e,Up,32.00,4.84375,,,0x7a3bf98a0579c6628ac83b4243258b3d518824df69f19f1b6bb29076464aa086
2026-06-04 18:31:45,"Ethereum Up or Down - June 4, 2:30PM-2:35PM ET",0x86ef98a9e5ca2ea5dc2e9053559b1221ff292d54ba6752bf6e3a5c5b5f426eef,Up,22.00,40.94,,,0xa2ba1a7944257d5b30b1396c41ea98422ff1494be12f40fd9e3dcfc613e43b30
2026-06-04 18:31:45,Will Sweden vs. Greece end in a draw?,0x30e2d0da24ebb970cf6ce4245402b03745692cfd1721d57f7c9b957899634b9e,No,81.00,13.68,,,0x0525af3116fc688f23d4faf2f71fd7943cb647f799996e341c2d998223c864e7
2026-06-04 18:31:45,"XRP Up or Down - June 4, 2:30PM-2:35PM ET",0xc5313621721be12687f36dc6855de28a6e4ff03d38c5e6a4b8d7dd0904b5ff2e,Up,34.00,3,,,0x7b606b1f239435e22439987e4390e5f1b16f68818cf38e97cf0916aa46163c7f
2026-06-04 18:31:45,"Ethereum Up or Down - June 4, 2:30PM-2:35PM ET",0x86ef98a9e5ca2ea5dc2e9053559b1221ff292d54ba6752bf6e3a5c5b5f426eef,Up,22.00,10,,,0xb5894f36dea4a7cc628d07b0a2bf7e323849d40b79e4683688f39c999dd598b0
2026-06-04 18:31:45,Will the highest temperature in New York City be between 86-87°F on June 4?,0xe2787237e88e6ded1a7ad389b4340ca4bc17e4d16413be5e17e8805f30ea1329,Yes,44.71,30,,,0xc8d7d732430c26189349929b5f86aee70d7636aef0ecb6876c80e547e6a3ee0e
2026-06-04 18:31:45,Counter-Strike: AM Gaming vs ex-RUBY (BO3) - CCT Europe Series 3 Playoffs,0x551ed6ffd6643d2df6123e2f1887ff093d6454fc4d5d4af9c038637010312911,ex-RUBY,79.00,105,,,0xd1ad9baa050157dba2d158a806b70603145fcfa75e530d523fb4c2100027a4fc
2026-06-04 18:31:45,"Bitcoin Up or Down - June 4, 2:30PM-2:35PM ET",0x51dcfba27586c391de127ab5a8e9baa4680d301a39f09db459e9b05f49102973,Down,58.00,12.068964,,,0xfa87ad39d0c923d79c9084ade99264a50f114725b5fcec4fa5ca58ec6b46bc87
2026-06-04 18:31:45,"Dogecoin Up or Down - June 4, 2:30PM-2:35PM ET",0xe11d0e232c87a42d2bb686e713714f01f4729dc8a44bddb81af2390cc3d477ea,Down,59.00,5,,,0xbccf55a9eb5911c65b8e2e869a9ed39de5696126f2c623aaff4e9080a9825646
2026-06-04 18:31:45,"Bitcoin Up or Down - June 4, 2:30PM-2:45PM ET",0x061b207481cf9dc7bad7c8bd43dc5ab08279152de197ef0c762d58cebb490386,Up,44.00,4.63,,,0x2ea224c374686cd91884d4a05a45676c83d5573fe1ae2930ef4a98184f72e990
2026-06-04 18:31:45,Counter-Strike: AM Gaming vs ex-RUBY - Map 2 Winner,0xa52d29eeea17288a74e7130544ab81ed81122c60894dfb2b7893ae74c8f1a889,ex-RUBY,61.89,132,,,0xc8a740b8a29a097ad48ef9f44ae97c4785ba6c87d15e509a1d7d0c80e0f89750
2026-06-04 18:31:45,Will the price of XRP be above $1.20 on June 5?,0xdf2ec0b200a6168587685b975936720bdd05c682ceb425964575732f5b3f1e8a,No,72.30,0.7,,,0xc2f96a241f759f5df98f4491ebd33196e5a6571bbf1515f696148d06ffaa9c9f
2026-06-04 18:31:45,Cleveland Guardians vs. New York Yankees,0xfdbba7f905701ebf33b6c83d38d8d39a1c40c49ea0f36d86bf0571aed682f2c6,New York Yankees,54.00,37.037036,,,0x8b7f6085e9776fae0f03af9e0e516d6de9d7dc5ab16b8d61dcd085940391efe5
2026-06-04 18:31:45,"Bitcoin Up or Down - June 4, 2:30PM-2:35PM ET",0x51dcfba27586c391de127ab5a8e9baa4680d301a39f09db459e9b05f49102973,Up,41.00,21,,,0x6a36fecb613173c45e37284aefaa0c10d7b8dda566d13709828b43968f4d8b5b
2026-06-04 18:31:45,"Bitcoin Up or Down - June 4, 2:30PM-2:35PM ET",0x51dcfba27586c391de127ab5a8e9baa4680d301a39f09db459e9b05f49102973,Up,42.00,10,,,0x53f81ebeba5e64820a6f40cfbb95fc2d3784177a5ccfc22b1dc9011906a6d1af
2026-06-04 18:31:43,Will Mexico win on 2026-06-11?,0x4cd77d456c83e7d8c569a8fb8f6396c3f40154f657e6d970733e2b1b6a7110ff,Yes,70.00,7,,,0xf11905ed0e7c3790a4caf1522f0f1f112e2e4f6a8be1648ec9cc2d0bfdc0451c
2026-06-04 18:31:43,"Bitcoin Up or Down - June 4, 2:30PM-2:35PM ET",0x51dcfba27586c391de127ab5a8e9baa4680d301a39f09db459e9b05f49102973,Up,41.00,6.87,,,0x7cb24d0f7a2f34ec6cd2cda6962327389a0eec2835c5f808a2614c132827c24a
2026-06-04 18:31:43,"Ethereum Up or Down - June 4, 2:30PM-2:45PM ET",0x0eda108c856a95c6c7500d6d9f0c485369bf3b129f46fd2834abccaa800bd387,Up,29.00,6,,,0x4d3ab292b5a81b5ce7ac34d1e04efaafefd499a64b38af7339d4105a5ae6366b
2026-06-04 18:31:43,"Bitcoin Up or Down - June 4, 2:30PM-2:35PM ET",0x51dcfba27586c391de127ab5a8e9baa4680d301a39f09db459e9b05f49102973,Up,41.00,2,,,0xc28fbac10e772a3982323a9781d41ed8954de675c280e0db5ec01f0ea50d1360
2026-06-04 18:31:43,"Bitcoin Up or Down - June 4, 2:30PM-2:45PM ET",0x061b207481cf9dc7bad7c8bd43dc5ab08279152de197ef0c762d58cebb490386,Down,56.00,2,,,0x0ba71d4738839f40affce473fc949ea1d135fcff054ae01c46366bf53a1768bf
2026-06-04 18:31:43,"Ethereum Up or Down - June 4, 2:30PM-2:35PM ET",0x86ef98a9e5ca2ea5dc2e9053559b1221ff292d54ba6752bf6e3a5c5b5f426eef,Down,80.00,5,,,0xa8d5955b49576a31b023d1bdb03e5fc12ffbb24b890d62226ee732e31c31cc18
2026-06-04 18:31:43,"Will the price of Ethereum be above $1,700 on June 5?",0x63ea9c87b89201594aa61e0a283bb3c38b105381619c114d2f9c200dca2f0d53,Yes,87.30,146.288653,,,0x23f31cb9bcc955b7a28b3711c34d05de6eaf03451717cda72ed16b8e0a81c28e
2026-06-04 18:31:43,"Bitcoin Up or Down - June 4, 2:30PM-2:35PM ET",0x51dcfba27586c391de127ab5a8e9baa4680d301a39f09db459e9b05f49102973,Down,59.00,5.254236,,,0x43b39bc9e512b1527a10ab22743aa7dd66b457935ae0ba110d9a3ea911101503
2026-06-04 18:31:43,Will the price of XRP be above $1.20 on June 5?,0xdf2ec0b200a6168587685b975936720bdd05c682ceb425964575732f5b3f1e8a,No,72.80,2985.02,,,0x3d8089b4b88fe885a51a9339cf95241c623459a7e585d618b60b5e5253c11403
2026-06-04 18:31:43,"Bitcoin Up or Down - June 4, 2:30PM-2:45PM ET",0x061b207481cf9dc7bad7c8bd43dc5ab08279152de197ef0c762d58cebb490386,Down,57.00,2.035086,,,0xa9a3c5a447b2dc716fffc919f46e3d0bcc2c82edac9e0fff7ff0cf122b5171f7
2026-06-04 18:31:43,"Bitcoin Up or Down - June 4, 2:30PM-2:35PM ET",0x51dcfba27586c391de127ab5a8e9baa4680d301a39f09db459e9b05f49102973,Up,42.00,5.738094,,,0x7b40d378baac2f44abbeb2f09977d19fbafd7769bd335b7edafdc43d34f213da
2026-06-04 18:31:43,Cleveland Guardians vs. New York Yankees: O/U 5.5,0xb7ce80cd42f5cf0ba851002e984ad82bcdffc4f25793b5e3d59c99855d12a69c,Under,46.00,6.521738,,,0x78e7069a5c3f782ffc5e4ca09b0ce4f15dfc35ae57240c4ebf7ea8e38d1fa416
2026-06-04 18:31:43,"Bitcoin Up or Down - June 4, 2:30PM-2:35PM ET",0x51dcfba27586c391de127ab5a8e9baa4680d301a39f09db459e9b05f49102973,Up,42.00,3,,,0xa135b9ba282961bc08d3d8075b2f010c58a65d4a6139085ac20c9a6b5823aa04
2026-06-04 18:31:43,Counter-Strike: AM Gaming vs ex-RUBY - Map 2 Winner,0xa52d29eeea17288a74e7130544ab81ed81122c60894dfb2b7893ae74c8f1a889,ex-RUBY,55.28,40,,,0x73ee98bd8f2938a24102cd2ae5bd1ef8617eefd4fe74b28efe94115850fdfc6f
2026-06-04 18:31:43,Spread: Virtus Bologna (-4.5),0x2e4a34ee20ddd263014d3af1cd03ce05e59cb3478903d6840f966a26e955bffa,Reyer Venezia,97.00,1.0309,,,0xaa462e759f908e4d4830959b86f36330e24e8ad58582988b8c8600901c49f330
2026-06-04 18:31:43,"Bitcoin Up or Down - June 4, 2:30PM-2:35PM ET",0x51dcfba27586c391de127ab5a8e9baa4680d301a39f09db459e9b05f49102973,Up,40.00,4,,,0x846774becb943a35401b2e80b3f8d33bf89efc38fe43f4559c70cd2dcfa7235e
2026-06-04 18:31:43,Counter-Strike: AM Gaming vs ex-RUBY - Map 2 Winner,0xa52d29eeea17288a74e7130544ab81ed81122c60894dfb2b7893ae74c8f1a889,ex-RUBY,55.00,15,,,0xef7dbdea150d47e3f68ab974fccfe7c25c1a98e4ce45e333a05027528fb00cb8
2026-06-04 18:31:43,"Bitcoin Up or Down - June 4, 2:30PM-2:35PM ET",0x51dcfba27586c391de127ab5a8e9baa4680d301a39f09db459e9b05f49102973,Down,60.00,20,,,0x2285c6971607fa2168de9f937981386827bbd635b1d47809a5111ebbd7ddef31
2026-06-04 18:31:43,"Bitcoin Up or Down - June 4, 2:30PM-2:35PM ET",0x51dcfba27586c391de127ab5a8e9baa4680d301a39f09db459e9b05f49102973,Up,41.00,3,,,0x7d703d3e005ebc09ae3524bb30631a5f89a7cd5ff4369252215fd7cb9a89b9c6
2026-06-04 18:31:43,"Solana Up or Down - June 4, 2:30PM-2:35PM ET",0x4908916f4e744dc6dcdc604e790a5e2fa2a7c0174afa21cb1638dc2aaa665149,Down,66.00,2,,,0xbec1986e1eeeef25532938ff882d0112ea9334865c106413ae42c674b95459b0
2026-06-04 18:31:43,"Bitcoin Up or Down - June 4, 2:30PM-2:35PM ET",0x51dcfba27586c391de127ab5a8e9baa4680d301a39f09db459e9b05f49102973,Up,41.50,78,,,0xa7b4614fa30745a112847213a062276c0278c9e8cf2913cd245b9b6c8e068980
2026-06-04 18:31:43,"Bitcoin Up or Down - June 4, 2:30PM-2:35PM ET",0x51dcfba27586c391de127ab5a8e9baa4680d301a39f09db459e9b05f49102973,Down,59.00,9.87,,,0xe93723342c34fb70ad5073ae570d4f151fb1a7f81f7e0f4a697b78d64a6d783c
2026-06-04 18:31:43,"Bitcoin Up or Down - June 4, 2:30PM-2:35PM ET",0x51dcfba27586c391de127ab5a8e9baa4680d301a39f09db459e9b05f49102973,Down,59.00,25,,,0xa195212a2549efdebe82e052b2c20d288d0afe8ed8549d35eefe1990654143c1
2026-06-04 18:31:43,Will Sweden win on 2026-06-04?,0xdb2128a475e15e341d4ea0a5e5b86daea6d4141be9c6771564b320221c41c54b,No,21.00,142.85,,,0x0161b27be199f87d94952303559b2f02a71563cdfa377bfb4d657ef489abe981
2026-06-04 18:31:43,"Bitcoin Up or Down - June 4, 2PM ET",0x3abc093600d2793741018001059df76f55349e8d9e5737c23816bbb5a0f42225,Up,84.00,10,,,0xe1ceb20ee2af1b277ec4917985d07f84e9bb5ebeed686692d643211b72d14d66
2026-06-04 18:31:43,Counter-Strike: AM Gaming vs ex-RUBY (BO3) - CCT Europe Series 3 Playoffs,0x551ed6ffd6643d2df6123e2f1887ff093d6454fc4d5d4af9c038637010312911,ex-RUBY,79.00,125,,,0x8754b34bc3fc399196f3e4b35264422a817428a5baf76ee335a3a437acbc00d7
2026-06-04 18:31:43,Tyler: Braden Shick vs Masamichi Imamura,0xb17c9ec7f7fc3ba7393e3687295edca50c5f8b25173f3a1d48eb10b8f254729c,Braden Shick,56.00,9,,,0x3987168e769150a1cfd45a1b4e8f0658d53a845f2c86ed4b0c1586b1ebe678d8
2026-06-04 18:31:43,"Bitcoin Up or Down - June 4, 2:30PM-2:35PM ET",0x51dcfba27586c391de127ab5a8e9baa4680d301a39f09db459e9b05f49102973,Down,59.00,8,,,0x23f4d323374baf23b658d0b8cf08dbd9c99f6f6c758d131c0113e2bf8c978637
2026-06-04 18:31:43,Counter-Strike: Liquid vs Heroic (BO3) - IEM Cologne Major Stage 1,0x351383a1548b4900556493b770b0a95b6879cd94f1bf3995b66e96381b687ea2,Heroic,12.00,11.666665,,,0x15e1377d0a0077bb81644efa8e28d53fd9426bbc5cc4611fd9efafc660466547
2026-06-04 18:31:43,Counter-Strike: AM Gaming vs ex-RUBY (BO3) - CCT Europe Series 3 Playoffs,0x551ed6ffd6643d2df6123e2f1887ff093d6454fc4d5d4af9c038637010312911,ex-RUBY,79.00,20,,,0x4e7809a3130303651843f658bac43ff385e675b13feaa91c2c57fbcff7216a3f
2026-06-04 18:31:43,Counter-Strike: AM Gaming vs ex-RUBY - Map 2 Winner,0xa52d29eeea17288a74e7130544ab81ed81122c60894dfb2b7893ae74c8f1a889,ex-RUBY,56.74,13,,,0x4d13df2e271e3a10e276cb75bc13100ffbc55a5e102c4e2acb94aebe19f7672e
2026-06-04 18:31:43,"Ethereum Up or Down - June 4, 2PM ET",0x7fb12fa6f2ca8492badcdcc6214670dd3dfa8a7aba94a141b561dea6d933ea8e,Down,21.00,15.19,,,0xbffa1d8485000d2891911780b10910c8f24dcbe277087be2347fe1a1b1d6f52e
2026-06-04 18:31:43,Will Andorra vs. Liechtenstein end in a draw?,0x1cea1ffb7207241c8a1bffc6d67b6c86dd6a5d7e4cdcfac7636beff1d2e73a67,Yes,8.00,195,,,0x2e78d2ca31a808c89bb6b7e735ea057bc563d129208bd5c49814b9525c82cc8b
2026-06-04 18:31:43,Will Sweden win on 2026-06-04?,0xdb2128a475e15e341d4ea0a5e5b86daea6d4141be9c6771564b320221c41c54b,Yes,79.00,1.683543,,,0x8227f1980f13dc6f610798c5f634d3e367ee33b4d7d57bf04bd8b4fa888fc21d
2026-06-04 18:31:43,Counter-Strike: Liquid vs Heroic - Map 2 Winner,0xff5ee1b61898d96c561eafefb9da580a67f07848a33ab3257a53c32ae4634223,Heroic,21.00,46.571427,,,0xc66ab652d60ac03536f1a334a2c33c8e3a6a71408359903219f583cb47a126eb
2026-06-04 18:31:43,Will Andorra win on 2026-06-04?,0xab776168534d01a100f266e885dee0cd5ac1a9166edcda9aa89773da0a761b38,Yes,90.00,365.03,,,0xcc61ec962ccd241373d940c9f4f714bf3b89f6086a1da6a58b524ba1d44bfcea
2026-06-04 18:31:43,"Will the price of Ethereum be between $1,700 and $1,800 on June 5?",0xa9453e44d215c9f0f7a003bb302a3c6f9944eb81d80bfe433cf09cff9d4cc923,No,43.59,146.307338,,,0x20b79bafaf6718c01e37f96036a5d71ceebd089e4ebf321b643ba4f2bc1fa441
2026-06-04 18:31:43,Counter-Strike: Liquid vs Heroic - Map 2 Winner,0xff5ee1b61898d96c561eafefb9da580a67f07848a33ab3257a53c32ae4634223,Liquid,80.00,6,,,0x4d649cfc42cae8d40760bd833915c406541a73b78a6dcdb928adfeb1be91ab5b
2026-06-04 18:31:43,"Ethereum Up or Down - June 4, 2:30PM-2:35PM ET",0x86ef98a9e5ca2ea5dc2e9053559b1221ff292d54ba6752bf6e3a5c5b5f426eef,Down,80.00,2.05,,,0x2ff1f512ff171f72e540b3986dbe17cb2b05e8b261775c9e3b24f9bd1ae27f07
2026-06-04 18:31:43,"XRP Up or Down - June 4, 2:30PM-2:35PM ET",0xc5313621721be12687f36dc6855de28a6e4ff03d38c5e6a4b8d7dd0904b5ff2e,Up,32.00,13,,,0xb8e9c9d6b398f600dff81bbdcf764c6330fd12e336d8e150513173604505075b
2026-06-04 18:31:43,"Will the price of Ethereum be above $1,800 on June 5?",0xe472b6690d60d0542eba238efde08fa6061b32882b482ed56e60c8b1a30f30c2,No,64.60,146.284828,,,0x9a6500cc998dfa453546df9c45f15579df75c922a07b5fec26d91398c27ca750
2026-06-04 18:31:43,"Bitcoin Up or Down - June 4, 2:30PM-2:35PM ET",0x51dcfba27586c391de127ab5a8e9baa4680d301a39f09db459e9b05f49102973,Down,58.00,1,,,0xfd7f4ff109c6716ebf16c4709331c9728db6fab54d8f3355cf8d7957d5ccbe84
2026-06-04 18:31:43,"Solana Up or Down - June 4, 2:30PM-2:35PM ET",0x4908916f4e744dc6dcdc604e790a5e2fa2a7c0174afa21cb1638dc2aaa665149,Down,66.00,1.51,,,0xcfe5c57b3d8e41f200c5c31cadc495c964a9805b034bdc04a3bb399571bba970
2026-06-04 18:31:43,Will the price of XRP be less than $0.90 on June 5?,0x85f37ca34c093e8e19328c668546c7c2e47963794a40f842fccd13cfb92a15b1,No,99.80,19.8,,,0x7419350c44fdcf89f8ccec6d8bf25664589d4e8469e6d730e5fa526616948cfd
2026-06-04 18:31:43,Counter-Strike: AM Gaming vs ex-RUBY - Map 2 Winner,0xa52d29eeea17288a74e7130544ab81ed81122c60894dfb2b7893ae74c8f1a889,ex-RUBY,53.74,551.6,,,0x4d2f06e491e7e974750172095d42ccf2cfe1c22487f4fc9c9b5e9e77e4164815
2026-06-04 18:31:43,"UFC Fight Night: Joanderson Brito vs. Jordan Leavitt (Featherweight, Prelims)",0x2c12b9fc70649c8dc0f67824ddeef4d54edd86c3d098e651f54dd76b6222f3bc,Joanderson Brito,64.00,3.125,,,0x80c8e8b7661c45d667094f5483175637587a2480e80f29f47ca7178ecc548963
2026-06-04 18:31:43,Counter-Strike: AM Gaming vs ex-RUBY - Map 2 Winner,0xa52d29eeea17288a74e7130544ab81ed81122c60894dfb2b7893ae74c8f1a889,ex-RUBY,48.99,187,,,0x905bfc5f0f5b6021aa028b010b844d4c4ca4e22455fd9e9bfd12e09ad02513a9
2026-06-04 18:31:43,Will Sweden vs. Greece end in a draw?,0x30e2d0da24ebb970cf6ce4245402b03745692cfd1721d57f7c9b957899634b9e,Yes,17.00,68.96,,,0x9a6823de909bf21b79301a25c189626b745575a7e3fcc827a9d24de12c819e5e
2026-06-04 18:31:43,"Ethereum Up or Down - June 4, 2:30PM-2:35PM ET",0x86ef98a9e5ca2ea5dc2e9053559b1221ff292d54ba6752bf6e3a5c5b5f426eef,Up,20.00,1,,,0x81e880f99d216c79c100703d5e661ea199ecc514e042bbaad00beb29a413b3ce
2026-06-04 18:31:43,"Bitcoin Up or Down - June 4, 2PM ET",0x3abc093600d2793741018001059df76f55349e8d9e5737c23816bbb5a0f42225,Down,17.00,10,,,0x0688ec48fb3854738e3dabb96b5a9597662438442f353e24dac66df689f32a43
2026-06-04 18:31:43,"Bitcoin Up or Down - June 4, 2:30PM-2:35PM ET",0x51dcfba27586c391de127ab5a8e9baa4680d301a39f09db459e9b05f49102973,Down,60.00,80.6,,,0x184dd4d335912a6cb8d90e1e5d9cb4b4e06ec2871bd54540d54b045366468df9
2026-06-04 18:31:43,"Bitcoin Up or Down - June 4, 2:30PM-2:45PM ET",0x061b207481cf9dc7bad7c8bd43dc5ab08279152de197ef0c762d58cebb490386,Down,56.00,10,,,0xf7a931e69e10e50dcdab37978b10a696021844026350beb84809bf5a062f4a51
2026-06-04 18:31:43,"Bitcoin Up or Down - June 4, 2:30PM-2:35PM ET",0x51dcfba27586c391de127ab5a8e9baa4680d301a39f09db459e9b05f49102973,Down,60.00,5.166665,,,0x1ce9e1d1eaa4a248790bf5d2eb37cc5c77172a38faffad1e5ae0ebbd83f7cbbb
2026-06-04 18:31:43,Will Kristi Noem win the 2028 Republican presidential nomination?,0x5f1b1caf70eb994bfff2986727a05a3ac9f7ec8b0da4017f7732596d023e5a07,Yes,0.60,67,,,0x2b093b4f4cb29535ab5ec669df2f2f92fc2d2b7279a0a155cd1dd97e0eca87be
2026-06-04 18:31:43,"Solana Up or Down - June 4, 2:30PM-2:35PM ET",0x4908916f4e744dc6dcdc604e790a5e2fa2a7c0174afa21cb1638dc2aaa665149,Up,34.00,9.6,,,0x6b41325a871c8d4c1954912e6dfec97a13375fd3f5c8648fb23c9ff6ece4b8f5
2026-06-04 18:31:43,"Bitcoin Up or Down - June 4, 2:30PM-2:35PM ET",0x51dcfba27586c391de127ab5a8e9baa4680d301a39f09db459e9b05f49102973,Down,60.00,2.066665,,,0xb088734682d406eb064c5ef9c2f0e9dd489da3636debb305aee5cc54597622aa
2026-06-04 18:31:43,Will the highest temperature in Buenos Aires be 19°C on June 5?,0xf0a84f13432baddc25e20ee5c73f9b8f82396c40d270aaf240341a6a226ce9aa,No,64.00,1.5625,,,0x17410d148af8a12d65895565a5eb0d7122c95074ba6713dbc0d643a4f1545eb6
2026-06-04 18:31:43,"Bitcoin Up or Down - June 4, 2:30PM-2:35PM ET",0x51dcfba27586c391de127ab5a8e9baa4680d301a39f09db459e9b05f49102973,Down,60.00,50,,,0x674fad111fadf29e3c0951ea4fdb067b01c5c9477f76c813caeb0e93a4e9ee3b
2026-06-04 18:31:43,"Bitcoin Up or Down - June 4, 2:30PM-2:35PM ET",0x51dcfba27586c391de127ab5a8e9baa4680d301a39f09db459e9b05f49102973,Down,60.00,10.833332,,,0x7fdda4b1d866175ddb3b7c6f8aa4add3a565b5d1cb70421152a081166714d8d9
2026-06-04 18:31:43,"Bitcoin Up or Down - June 4, 2:30PM-2:45PM ET",0x061b207481cf9dc7bad7c8bd43dc5ab08279152de197ef0c762d58cebb490386,Up,43.00,1.85,,,0xb77b1e33af64f6af7bbf08af358051b81e21fa98afe3724ab7b14707c50e37e2
2026-06-04 18:31:43,"Will the price of Ethereum be above $1,700 on June 5?",0x63ea9c87b89201594aa61e0a283bb3c38b105381619c114d2f9c200dca2f0d53,Yes,87.40,146.990841,,,0x2dd1652eb008cc4df4915676e7903c430966eb463119e9b7e3c0b9f8f1d74fdd
2026-06-04 18:31:43,"Solana Up or Down - June 4, 2:30PM-2:35PM ET",0x4908916f4e744dc6dcdc604e790a5e2fa2a7c0174afa21cb1638dc2aaa665149,Up,35.00,7.92,,,0x751561e3fcb72ea7dffe436662cc7c6cadbdb0072291e7df86d2785d74cc9256
2026-06-04 18:31:43,"Bitcoin Up or Down - June 4, 2:30PM-2:35PM ET",0x51dcfba27586c391de127ab5a8e9baa4680d301a39f09db459e9b05f49102973,Up,40.00,6.03,,,0x633b35abde7f537573e1507e9cd9f3edb40e154ab15fce310edd6c44da9c2965
2026-06-04 18:31:43,"Bitcoin Up or Down - June 4, 2:30PM-2:35PM ET",0x51dcfba27586c391de127ab5a8e9baa4680d301a39f09db459e9b05f49102973,Up,40.00,4,,,0x19ceb09ef3f75aa2aa273265df4438a31098643522f7c954f131f4566dc9cac7
2026-06-04 18:31:43,"Bitcoin Up or Down - June 4, 2:30PM-2:35PM ET",0x51dcfba27586c391de127ab5a8e9baa4680d301a39f09db459e9b05f49102973,Down,60.00,5,,,0x376dac0cc578882339ebba11fe3cef05a8ddfd8c186745683f95487fcbdfc46c
2026-06-04 18:31:43,"Solana Up or Down - June 4, 2:30PM-2:35PM ET",0x4908916f4e744dc6dcdc604e790a5e2fa2a7c0174afa21cb1638dc2aaa665149,Up,34.00,5.147057,,,0xbc215553f6fe93b6c291e8f4c2eca0a40b9a2da1105d92800b137f16f3a10a3a
2026-06-04 18:31:43,"Bitcoin Up or Down - June 4, 2:30PM-2:35PM ET",0x51dcfba27586c391de127ab5a8e9baa4680d301a39f09db459e9b05f49102973,Up,40.00,0.11,,,0x4dd5bba035e876db689c08db921acfd4484180d5c73f18b690a52531c862d504
2026-06-04 18:31:43,"Bitcoin Up or Down - June 4, 2:30PM-2:35PM ET",0x51dcfba27586c391de127ab5a8e9baa4680d301a39f09db459e9b05f49102973,Down,60.00,8.3,,,0xc76d65ad4fc8aca859405375696f3e16a208ffa80b9378afd99c270d21ac09a1
2026-06-04 18:31:43,Will the price of XRP be above $0.90 on June 5?,0xf2c01ed3ba4ddb0f89934b08ad515504af74413449237cf43386742277e76ffe,Yes,99.50,19.8,,,0x78a59712698827737c80b9fd08a1e4e894380b4f1bfdeb9ff2d452897c011d40
2026-06-04 18:31:43,"Bitcoin Up or Down - June 4, 2:30PM-2:35PM ET",0x51dcfba27586c391de127ab5a8e9baa4680d301a39f09db459e9b05f49102973,Down,60.00,12.15,,,0x4e7b1a3ff110a8e8f04b94644c17113215748217f0178f1d5e792db7c3745739
2026-06-04 18:31:43,Will Australia win the 2026 FIFA World Cup?,0x098e2be3df8ab529940c567819f8ef007cf007820e9d627642a5bbfaa42af372,No,99.80,19.07,,,0x7ab963d6a710728b91b23f9ae2ab1acfb44fdaf66e08bfa714e33359ebe783a8
2026-06-04 18:31:43,Will Trump restart Project Freedom by June 30?,0xdfd4d487d004c266493bdf32551d7f018c7eb4b9325f42ac368dd5075eec36a9,No,81.00,3.629626,,,0xaac1035bd0f7c8ee8840c10c11d0a93f8d3b54ea7af384c577e71b3a8bf147fa
2026-06-04 18:31:43,Tyler: Braden Shick vs Masamichi Imamura,0xb17c9ec7f7fc3ba7393e3687295edca50c5f8b25173f3a1d48eb10b8f254729c,Braden Shick,56.00,6,,,0xbb2dff50ac62227908ee36316faa4b575baec54621b0c3367ef63e6d0de850be
2026-06-04 18:31:43,Counter-Strike: AM Gaming vs ex-RUBY - Map 2 Winner,0xa52d29eeea17288a74e7130544ab81ed81122c60894dfb2b7893ae74c8f1a889,ex-RUBY,55.00,56.2,,,0x9d4670847c0b98960cd2c10b870e6bed1660ec2b44d9e1eda4af3b7fe5f80cf5
2026-06-04 18:31:43,"Solana Up or Down - June 4, 2:30PM-2:35PM ET",0x4908916f4e744dc6dcdc604e790a5e2fa2a7c0174afa21cb1638dc2aaa665149,Up,35.00,5.42857,,,0x3085ac4abf06710aef4834c7bf6a58477997e86d5279acb38b06e4868a7a21e9
2026-06-04 18:31:42,"Will the price of Bitcoin be above $64,000 on June 5?",0x34ecf20e4baddd4062279778e96ce898d91a845dd1b60289aaaf05cdf7d64a38,No,50.60,0.1,,,0xbe38c3852ff1c10b715d1fe1dc1f39ba29688609c7a5b3221025f69d2b300bf0
2026-06-04 18:31:42,"Bitcoin Up or Down - June 4, 2:30PM-2:35PM ET",0x51dcfba27586c391de127ab5a8e9baa4680d301a39f09db459e9b05f49102973,Up,43.00,116.279068,,,0x109f8962c806b3c1233183a9624c5a0fa0c547b4d4227a766520cd94b8188b67
2026-06-04 18:31:42,"Ethereum Up or Down - June 4, 2:30PM-2:45PM ET",0x0eda108c856a95c6c7500d6d9f0c485369bf3b129f46fd2834abccaa800bd387,Down,71.00,5.07042,,,0x1f8754bb075f1566f6c037e12851e6df1969ad72bd0c25eaeaa707aab5c24ed2
2026-06-04 18:31:42,"Will the price of Ethereum be between $1,700 and $1,800 on June 5?",0xa9453e44d215c9f0f7a003bb302a3c6f9944eb81d80bfe433cf09cff9d4cc923,Yes,56.40,4.76,,,0x31aa24aee60e4027a403e25ecc8599a30ebc21736cd58461e8c4c12e94345a83
2026-06-04 18:31:42,"Bitcoin Up or Down - June 4, 2:30PM-2:35PM ET",0x51dcfba27586c391de127ab5a8e9baa4680d301a39f09db459e9b05f49102973,Down,58.00,8.5,,,0x80b5c729ad5ca49b946425ddeb982d5f186468fd4bb15121983612529a9115cb
2026-06-04 18:31:42,"Will the price of Ethereum be between $1,700 and $1,800 on June 5?",0xa9453e44d215c9f0f7a003bb302a3c6f9944eb81d80bfe433cf09cff9d4cc923,Yes,56.40,142.234041,,,0xf199cdcd1e10dcb9c32dc767d9ef1d359d48fdf1c3aec886844f14b7665bc2ef
2026-06-04 18:31:42,Counter-Strike: AM Gaming vs ex-RUBY (BO3) - CCT Europe Series 3 Playoffs,0x551ed6ffd6643d2df6123e2f1887ff093d6454fc4d5d4af9c038637010312911,ex-RUBY,78.00,8,,,0xff3cd2dda5d8098e5e1837bd59427146378816847cfe3a0c9885b31b64edec76
2026-06-04 18:31:42,"Bitcoin Up or Down - June 4, 2:30PM-2:35PM ET",0x51dcfba27586c391de127ab5a8e9baa4680d301a39f09db459e9b05f49102973,Up,43.00,30,,,0x376ff88356c717fde4014a7e14c895323fc8150aa0ce7bdd073b9efcb3acd88c
2026-06-04 18:31:42,Will Trump acquire Greenland before 2027?,0xd595eb9b81885ff018738300c79047e3ec89e87294424f57a29a7fa9162bf116,No,93.60,5.3,,,0xe3485bf4a4f95a51444541489188b2905df8c170dd83b45cedde8039b7304902
2026-06-04 18:31:42,"Ethereum Up or Down - June 4, 2:30PM-2:35PM ET",0x86ef98a9e5ca2ea5dc2e9053559b1221ff292d54ba6752bf6e3a5c5b5f426eef,Up,23.00,8.695651,,,0x6462f40b72214c7fb1e4a361920cb0012de19e4ae0b93fd622445885ee7fa2ce
2026-06-04 18:31:42,"Ethereum Up or Down - June 4, 2:30PM-2:35PM ET",0x86ef98a9e5ca2ea5dc2e9053559b1221ff292d54ba6752bf6e3a5c5b5f426eef,Down,78.00,2.076922,,,0x385b231f3ed15250d2e95e072b1411cfdd27c23734503e5f500e488f4e9d6745
2026-06-04 18:31:42,"Bitcoin Up or Down - June 4, 2:30PM-2:35PM ET",0x51dcfba27586c391de127ab5a8e9baa4680d301a39f09db459e9b05f49102973,Down,58.00,84,,,0x7a059986bd62b55fae1509d1b9164a776acec99c5456ce43674fd0f1e1091e82
2026-06-04 18:31:42,"Bitcoin Up or Down - June 4, 2:30PM-2:35PM ET",0x51dcfba27586c391de127ab5a8e9baa4680d301a39f09db459e9b05f49102973,Up,43.00,20,,,0x989f9ee0dfcb974848f21256d75f65f5bc55e44636b9df50764f97742bfeaba7
2026-06-04 18:31:42,"Will the price of Ethereum be between $1,700 and $1,800 on June 5?",0xa9453e44d215c9f0f7a003bb302a3c6f9944eb81d80bfe433cf09cff9d4cc923,No,43.70,9.5,,,0x44b4a2f1a87b482bc7c43cfa8177c4842916f64e26cc856134807d1a2caa3911
2026-06-04 18:31:42,"Bitcoin Up or Down - June 4, 2:30PM-2:35PM ET",0x51dcfba27586c391de127ab5a8e9baa4680d301a39f09db459e9b05f49102973,Down,57.00,4,,,0x0bb217e5eed9461c223f6c5d087a96913456ff37f98d57aed93436960e7c5307
2026-06-04 18:31:42,"Bitcoin Up or Down - June 4, 2:30PM-2:35PM ET",0x51dcfba27586c391de127ab5a8e9baa4680d301a39f09db459e9b05f49102973,Up,42.00,3.7,,,0xa4f044d36f7ae5d0815caa3640b7e067ae1b2b0d401d901d5b9ef565b97d104d
2026-06-04 18:31:42,Will Zelenskyy and Putin meet next in Turkey before 2027?,0x9af4aa93abfc53d756332ea0ddc4f65377bdd21ee7b979f0a5e5d4b4d3a164c4,Yes,6.50,11.85,,,0x530a2838d5bd62b1cb3d414174f71942b4c5576666c188b4ebf8d7b4688b66b7
2026-06-04 18:31:42,"Bitcoin Up or Down - June 4, 2:30PM-2:35PM ET",0x51dcfba27586c391de127ab5a8e9baa4680d301a39f09db459e9b05f49102973,Down,58.00,6,,,0xa45d53f121f1a7a757d75b32298de6f2f2cdc797d842520762a941e0fdbcbbee
2026-06-04 18:31:42,Counter-Strike: AM Gaming vs ex-RUBY (BO3) - CCT Europe Series 3 Playoffs,0x551ed6ffd6643d2df6123e2f1887ff093d6454fc4d5d4af9c038637010312911,ex-RUBY,77.00,5,,,0xb00620715de4d5d42225e2c7fef610f7e60ead62ec3999e14daccaca9a3e3b69
2026-06-04 18:31:42,Will Sweden win on 2026-06-04?,0xdb2128a475e15e341d4ea0a5e5b86daea6d4141be9c6771564b320221c41c54b,Yes,78.00,1176.47,,,0xd193adce3871d522affdd4b9ea3a41e613ef15433e4bfe497de519e18e2eb62a
2026-06-04 18:31:42,"Bitcoin Up or Down - June 4, 2:30PM-2:35PM ET",0x51dcfba27586c391de127ab5a8e9baa4680d301a39f09db459e9b05f49102973,Up,43.00,2.32558,,,0x408d5ff3736b162066b2e14b2c16b3696c578b3e791757c98a6802d3057b9786
2026-06-04 18:31:42,"Bitcoin Up or Down - June 4, 2:30PM-2:35PM ET",0x51dcfba27586c391de127ab5a8e9baa4680d301a39f09db459e9b05f49102973,Down,58.00,5.172411,,,0x6d3ae726076d416b7c66bc5b3c36875a665120d9d45da219f9e60ddaa466edbf
2026-06-04 18:31:42,Will NVIDIA be the largest company in the world by market cap on June 30?,0x79afea6a94f0b3dffb5e0886fa1dbd740d688029f7aba351dc46911bcb1b1f95,Yes,95.00,1.05262,,,0xc743c082c90bdcc917b849a56fcd153e8da2c54c7f2e34903198d6aba4743aff
2026-06-04 18:31:42,Counter-Strike: AM Gaming vs ex-RUBY (BO3) - CCT Europe Series 3 Playoffs,0x551ed6ffd6643d2df6123e2f1887ff093d6454fc4d5d4af9c038637010312911,AM Gaming,22.00,5,,,0x2ea7d4b2b2b5b68f03c8154e0a137b3682fbc5af87d0c28153a3cac1ba4551d7
2026-06-04 18:31:42,"Bitcoin Up or Down - June 4, 2:30PM-2:35PM ET",0x51dcfba27586c391de127ab5a8e9baa4680d301a39f09db459e9b05f49102973,Down,58.00,9.310342,,,0xe89063477b9396ab1c8d519f691e850d1883358a653cf80dedc0f5279acc2ca8
2026-06-04 18:31:42,"Ethereum Up or Down - June 4, 2:30PM-2:35PM ET",0x86ef98a9e5ca2ea5dc2e9053559b1221ff292d54ba6752bf6e3a5c5b5f426eef,Up,23.00,3,,,0x0609233f5f9fbc645e443f890826667c8f0de2f1efdf060cbf87e823ba63b814
2026-06-04 18:31:42,"Bitcoin Up or Down - June 4, 2:30PM-2:45PM ET",0x061b207481cf9dc7bad7c8bd43dc5ab08279152de197ef0c762d58cebb490386,Up,44.00,5,,,0x0854a03f976174a84ac804c74bb7a21a8dddf11594dee022cd6a517e7862838a
2026-06-04 18:31:42,"Ethereum Up or Down - June 4, 2:30PM-2:35PM ET",0x86ef98a9e5ca2ea5dc2e9053559b1221ff292d54ba6752bf6e3a5c5b5f426eef,Down,77.00,2.051947,,,0xdc4bbe5689cf28bc33f1dd4fbe49f7b00f9e17143ff9b53acb958bea9a391206
2026-06-04 18:31:42,"Solana Up or Down - June 4, 2PM ET",0xf65f1d6dc03ba796d75fb065a5da8bdf70cfe06d4b5e2fbe4499b63d6535c4c4,Down,22.00,7.84,,,0x62f8c4c5ea91f3e48bf94746a612a4fefa88fa4190d2abfb3c02abb850a84120
2026-06-04 18:31:42,"Will the price of Ethereum be above $1,800 on June 5?",0xe472b6690d60d0542eba238efde08fa6061b32882b482ed56e60c8b1a30f30c2,No,65.31,4746.17,,,0x86092822f46af503f2009a6ac569d4cc538d64b96c26d9f38feafc1359842d81
2026-06-04 18:31:42,Counter-Strike: AM Gaming vs ex-RUBY (BO3) - CCT Europe Series 3 Playoffs,0x551ed6ffd6643d2df6123e2f1887ff093d6454fc4d5d4af9c038637010312911,AM Gaming,23.00,8,,,0xf48ee4e3767f712e9cd91f8162c0428884ccf50af6868039f77340982f878e79
2026-06-04 18:31:42,Counter-Strike: M80 vs NRG - Map 2 Winner,0x57713f6aa15c35ce6185819f4b554fa3f3cac40a7617116f1098bef9afec829f,M80,32.00,12.5,,,0x5425e1d5841babb967928174af5f6658c0e0de164041cb6fa79998efb4a25a78
2026-06-04 18:31:42,"Will the price of Bitcoin be above $64,000 on June 5?",0x34ecf20e4baddd4062279778e96ce898d91a845dd1b60289aaaf05cdf7d64a38,No,50.60,0.07,,,0x8bf38d028727e2ca73f4a17e2474ebf9763a338fb4446168ab6de1eaa1a24ca2
2026-06-04 18:31:42,"Will the price of Bitcoin be between $64,000 and $66,000 on June 5?",0x1c6c6b22c9b50bd41d4ad92e6e43a18dea7cf3e97d95df611646191e2d6b83c6,Yes,36.90,5,,,0xc3b2fb36f88f578a652533fa64fa139a5ed4590a0ba6a113fcb9c1f1838fcb5a
2026-06-04 18:31:42,"Bitcoin Up or Down - June 4, 2:30PM-2:35PM ET",0x51dcfba27586c391de127ab5a8e9baa4680d301a39f09db459e9b05f49102973,Down,58.00,35,,,0x400374c389572f71332033c8e41099ba9800a4454833e566b3dfc328f08bec07
2026-06-04 18:31:42,"Solana Up or Down - June 4, 2:30PM-2:35PM ET",0x4908916f4e744dc6dcdc604e790a5e2fa2a7c0174afa21cb1638dc2aaa665149,Down,62.36,7.81,,,0x80ac6d8ffa25bc98f27dfe743bd22de9ca066b27ea07ec05e4755675a8be3758
2026-06-04 18:31:42,"Bitcoin Up or Down - June 4, 2:30PM-2:45PM ET",0x061b207481cf9dc7bad7c8bd43dc5ab08279152de197ef0c762d58cebb490386,Up,45.00,22.222221,,,0x4daa25ceca60819b2fdccda23211d8a0f4f20044eb839808a9d139a27406f1e8
2026-06-04 18:31:42,"Dogecoin Up or Down - June 4, 2:30PM-2:45PM ET",0xb632869fc3f29a043c588d5a588baad9779a51e8570012a4d1d30c01b7d486a5,Up,40.00,0.2,,,0x02870556d22ded3063e978eaa474fb983a4fbe2939f0ec17820969e16ae97068
2026-06-04 18:31:42,"Bitcoin Up or Down - June 4, 2:30PM-2:35PM ET",0x51dcfba27586c391de127ab5a8e9baa4680d301a39f09db459e9b05f49102973,Down,58.00,1.724135,,,0xa05331a916dc0b58f41487c0f8b618fcb1255f692ac1c8796f6c8e57c644c98c
2026-06-04 18:31:42,WTI Crude Oil (WTI) closes above $92 on June 4?,0x8d7570a3fcfbdb5ab9139e9619218279cd466c11a47c87de4edef6b1453df716,Yes,91.00,100,,,0x91aa3c3f34acdba42fe9a00293325476b6af1bf0ddaef9de47bff6b57500cdcb
2026-06-04 18:31:42,Will the highest temperature in San Francisco be between 64-65°F on June 4?,0x2590e4d7afdcd54b1a44ead2465f46ccd1c913918e36fe02271c41ee13a90635,Yes,0.10,0.02,,,0xd324d84526115046b1bdada7ffe551161ed36f476793d752e145e43ffb02446b
2026-06-04 18:31:42,"Bitcoin Up or Down - June 4, 2:30PM-2:35PM ET",0x51dcfba27586c391de127ab5a8e9baa4680d301a39f09db459e9b05f49102973,Down,58.00,3.448273,,,0x979710dda2d8acecd069d76a77f7cefe8c97b1ba5688239b1bf3afed731689d9
2026-06-04 18:31:42,Will the price of XRP be above $1.10 on June 5?,0x8eaedbeb969f9a791e4237a41e0ed8925b965550f976b4b5eb7241a42b08fbe1,No,1.40,19.8,,,0x7378cd445c01aaec2ae9dcce58ab387c3f5ba31a033612555ccafa699c9f33f2
2026-06-04 18:31:42,Will the price of XRP be between $1.00 and $1.10 on June 5?,0x396be83556fcde33a6ce6cc1ee755567ccc945f4e7eba45a87a56074a4f9c85f,No,98.60,19.8,,,0x993aa1c6d7aa4bd4e90a3a23c135389515a985eb769bc15c68f76098629b1e2b
2026-06-04 18:31:42,Counter-Strike: Liquid vs Heroic - Map 2 Winner,0xff5ee1b61898d96c561eafefb9da580a67f07848a33ab3257a53c32ae4634223,Liquid,80.00,6,,,0x8af646d318e4d81b074d6448630c8ea6703f2a0e2553eb6176356239d41a7c01
2026-06-04 18:31:42,Will the price of XRP be between $0.90 and $1.00 on June 5?,0x999da6ab953d23404feba57c52f11aee188d2c77caa86a0d1a4134ccc6febb11,No,99.80,19.8,,,0x210c793579ff466ccbec248960a81b0ab3fa3ec994f4ec2b9ce5c122224f537e
2026-06-04 18:31:42,Andorra vs. Liechtenstein: O/U 1.5,0x55e2210dc226d7f1c2e6454c0a7ff423e1652a17b89d0aa4bc6c9bd4aa9c2e87,Under,62.00,5,,,0x4c84166d3c8e965b987351eaaff090ed47ee14c3308f7361a7bbbc91fddf9964
2026-06-04 18:31:42,Will Sweden win on 2026-06-04?,0xdb2128a475e15e341d4ea0a5e5b86daea6d4141be9c6771564b320221c41c54b,Yes,78.00,32.25,,,0xb195160a13e637b4bdebe3cc49c868850098d099f8098b9b2f72798776d80134
2026-06-04 18:31:42,Will Andorra vs. Liechtenstein end in a draw?,0x1cea1ffb7207241c8a1bffc6d67b6c86dd6a5d7e4cdcfac7636beff1d2e73a67,Yes,9.00,122,,,0x2b82384c98a5ea9a47d99f79d76bbeb3d788f9e66a9af15120d554a77430d6ec
2026-06-04 18:31:42,"Bitcoin Up or Down - June 4, 2:30PM-2:35PM ET",0x51dcfba27586c391de127ab5a8e9baa4680d301a39f09db459e9b05f49102973,Up,43.00,5.860464,,,0x95e6aa8850387a7cbedbb2134f65d8d7eaa07ee53066d279c6b260048aaa9d16
2026-06-04 18:31:42,"Will the price of Ethereum be above $1,800 on June 5?",0xe472b6690d60d0542eba238efde08fa6061b32882b482ed56e60c8b1a30f30c2,No,63.90,2.01,,,0xe5d447857ebfec16f3bc4ae58309ed1d46b35d01879206fbd2df4a4a97291953
2026-06-04 18:31:42,"Bitcoin Up or Down - June 4, 2:30PM-2:35PM ET",0x51dcfba27586c391de127ab5a8e9baa4680d301a39f09db459e9b05f49102973,Down,58.00,8.620688,,,0x8bfbee0b3b11a9590a5dd9bd5fd0c89fab0fcfb36d60a8d99016e11323d35e01
2026-06-04 18:31:42,"Solana Up or Down - June 4, 2:30PM-2:35PM ET",0x4908916f4e744dc6dcdc604e790a5e2fa2a7c0174afa21cb1638dc2aaa665149,Down,62.00,2,,,0x9c6904da855d79bea8c6935265871e643a87d2cd8119fb8349ae1c3bc64c5d1d
2026-06-04 18:31:42,"Will the price of Bitcoin be above $64,000 on June 5?",0x34ecf20e4baddd4062279778e96ce898d91a845dd1b60289aaaf05cdf7d64a38,No,51.51,40,,,0x49c696411c6d7fbbeb16d71bd4d7f96f13bce64d6206557080d38f202ccc939f
2026-06-04 18:31:42,"Bitcoin Up or Down - June 4, 2:30PM-2:35PM ET",0x51dcfba27586c391de127ab5a8e9baa4680d301a39f09db459e9b05f49102973,Down,58.00,3.448273,,,0x43da006c5b339d6bdea9d1344d982d87ebefa10082323bc37151cd520afee0d4
2026-06-04 18:31:42,"Will the price of Ethereum be above $1,700 on June 5?",0x63ea9c87b89201594aa61e0a283bb3c38b105381619c114d2f9c200dca2f0d53,Yes,87.30,9.5,,,0x9b34a74c94e90be4316f79617de1c54717ed144a8952981cfcde30e96e5ba4d3
2026-06-04 18:31:42,"Bitcoin Up or Down - June 4, 2:30PM-2:35PM ET",0x51dcfba27586c391de127ab5a8e9baa4680d301a39f09db459e9b05f49102973,Up,42.00,10,,,0x0f8292c6eaafda13a87413f762ede38f5920731c5bf2204d48e70f3c473f152a
2026-06-04 18:31:42,"Bitcoin Up or Down - June 4, 2:30PM-2:35PM ET",0x51dcfba27586c391de127ab5a8e9baa4680d301a39f09db459e9b05f49102973,Down,58.00,2,,,0x10f3731bc8de40222d3954b07865377461d6ca521e23bc015abe5c9230cc8d0a
2026-06-04 18:31:40,"Bitcoin Up or Down - June 4, 2:30PM-2:35PM ET",0x51dcfba27586c391de127ab5a8e9baa4680d301a39f09db459e9b05f49102973,Down,57.00,15.8,,,0xc0944cebc934851f7874b2e5b5cc35921e4b7925b14083419d1dc5b70dd5cb57
2026-06-04 18:31:40,"Ethereum Up or Down - June 4, 2:30PM-2:35PM ET",0x86ef98a9e5ca2ea5dc2e9053559b1221ff292d54ba6752bf6e3a5c5b5f426eef,Down,77.00,6,,,0xf5b5e3a4dfa6958b7d34ed2e1a50944fdec12b4fc42daa877b17eaeddd200501
2026-06-04 18:31:40,"Bitcoin Up or Down - June 4, 2:30PM-2:35PM ET",0x51dcfba27586c391de127ab5a8e9baa4680d301a39f09db459e9b05f49102973,Up,44.00,3,,,0xcd68cb3d5c887513a37296d8a4e86bd36297d395614df0e3f5b8a24d129686ee
2026-06-04 18:31:40,"Bitcoin Up or Down - June 4, 2:30PM-2:35PM ET",0x51dcfba27586c391de127ab5a8e9baa4680d301a39f09db459e9b05f49102973,Down,55.28,25,,,0x40a4ae14940def9b12e33e26161173d858f0c73c5125f166caa1e07bb1f8e986
2026-06-04 18:31:40,"Bitcoin Up or Down - June 4, 2:30PM-2:45PM ET",0x061b207481cf9dc7bad7c8bd43dc5ab08279152de197ef0c762d58cebb490386,Up,47.00,100,,,0x52b8b564f997e90d2e5e4a7ae1a2ca13fc1d5cfabe5efa64979c238547e77409
2026-06-04 18:31:40,"Dogecoin Up or Down - June 4, 2:30PM-2:45PM ET",0xb632869fc3f29a043c588d5a588baad9779a51e8570012a4d1d30c01b7d486a5,Up,60.00,1.666665,,,0x6588fb510cc5607f90b851bd448f75825bb6724bb5a6c6183b780f9f7c2a6144
2026-06-04 18:31:40,Counter-Strike: Liquid vs Heroic - Map 2 Winner,0xff5ee1b61898d96c561eafefb9da580a67f07848a33ab3257a53c32ae4634223,Heroic,19.00,35,,,0xce1bd7814a510cccd1afccb8359268f0c8f958edb4899815c706383d068ecf47
2026-06-04 18:31:40,Counter-Strike: M80 vs NRG - Map 2 Winner,0x57713f6aa15c35ce6185819f4b554fa3f3cac40a7617116f1098bef9afec829f,M80,32.00,9.375,,,0x9db5cd186cbd68c0530900c719c54a86aecd1ea26086f583ad42b94c9d3be60d
2026-06-04 18:31:40,Will the highest temperature in Wuhan be 36°C on June 5?,0xfda0a41538cac28a9beb3b94cbfcafe5783cef354fa6f9fe2ef1b74c383b5ddc,Yes,8.38,35.786515,,,0x499f7874c5b9d14d56aeb36281dd62cfaa5efafeb2bd062224d95d44eaf559ad
2026-06-04 18:31:40,Will the highest temperature in Wuhan be 36°C on June 5?,0xfda0a41538cac28a9beb3b94cbfcafe5783cef354fa6f9fe2ef1b74c383b5ddc,Yes,8.90,23.707864,,,0xf299414e923929be46e036b9f1a83a85b25211e62959873edbf9197d9f05cfba
2026-06-04 18:31:40,"XRP Up or Down - June 4, 2:30PM-2:35PM ET",0xc5313621721be12687f36dc6855de28a6e4ff03d38c5e6a4b8d7dd0904b5ff2e,Up,38.00,13,,,0x72cd1c1616ae2d0e3f448f1231ff086dcf9563d6a51c09d5d8bb2c1dff722940
2026-06-04 18:31:40,Will the highest temperature in Wuhan be 36°C on June 5?,0xfda0a41538cac28a9beb3b94cbfcafe5783cef354fa6f9fe2ef1b74c383b5ddc,No,98.71,21.872416,,,0x36aafe791ebf9e5e7f7a9b089f3f17b150e98df378d82aa720368754b0b61e9c
2026-06-04 18:31:40,"Will the price of Bitcoin be above $64,000 on June 5?",0x34ecf20e4baddd4062279778e96ce898d91a845dd1b60289aaaf05cdf7d64a38,No,50.00,0.03,,,0xe728a1e30f7530125bba96865750b254b439a1324549b920d5d9fff0f37bfe1e
2026-06-04 18:31:40,"Hyperliquid Up or Down - June 4, 2:30PM-2:45PM ET",0x63d1ff10a069c48db2396d3ffbfaeb73a2535c18ca51b09467df868047856c58,Up,61.00,1.639343,,,0x8633266916e8d8703bb04b3a3181ab20449d8c3f4c310a358d170abfb62e4534
2026-06-04 18:31:40,Will Andorra vs. Liechtenstein end in a draw?,0x1cea1ffb7207241c8a1bffc6d67b6c86dd6a5d7e4cdcfac7636beff1d2e73a67,Yes,9.00,623,,,0xcf16724b30fe02f4bd8a9c1f67c229cc1d2553fdbca42cb82b25705c60e1240a
2026-06-04 18:31:40,"Ethereum Up or Down - June 4, 2:30PM-2:35PM ET",0x86ef98a9e5ca2ea5dc2e9053559b1221ff292d54ba6752bf6e3a5c5b5f426eef,Up,26.00,17,,,0x98f7ee612be1f96755ef1e233a24ceef58304d0a041b07e01d96b41231503600
2026-06-04 18:31:40,"BNB Up or Down - June 4, 2:30PM-2:45PM ET",0x3fa1ab22b6978ef1890fbc89588f652dd2c9eb6761f72f2f4ab12694f973eaac,Up,55.00,5.01,,,0xcbc178d76c517674c3495269e7c034739a101f52b22a168a5f0060de9fae0aa3
2026-06-04 18:31:40,"Bitcoin Up or Down - June 4, 2:30PM-2:35PM ET",0x51dcfba27586c391de127ab5a8e9baa4680d301a39f09db459e9b05f49102973,Down,53.00,4.150942,,,0x19d7b87914bb9ecb6bb230ec18c52d157153db4ab86c4c75b92455128a7a166f
2026-06-04 18:31:40,Will the highest temperature in Houston be between 86-87°F on June 4?,0x04da45856a1170de4783c6753edb7ac6683a9d0b356b6f38ea3a11fe0741c89e,No,97.00,7.216466,,,0x46d96de8d6d12c25597964b6798d9820899c1200f05d3301784001baaade17a6
2026-06-04 18:31:40,"XRP Up or Down - June 4, 2:30PM-2:35PM ET",0xc5313621721be12687f36dc6855de28a6e4ff03d38c5e6a4b8d7dd0904b5ff2e,Up,38.00,5.842104,,,0xb80dc8e92bbac801278e00a54b8f2e2817f8db65d8cdea2b1334aa87a0be7d60
2026-06-04 18:31:40,"Will the price of Bitcoin be above $64,000 on June 5?",0x34ecf20e4baddd4062279778e96ce898d91a845dd1b60289aaaf05cdf7d64a38,Yes,49.20,278,,,0x1639717a2ede377caca49abc140a52ab71e74cf903a0525a1028e42290b332a2
2026-06-04 18:31:40,"Bitcoin Up or Down - June 4, 2:30PM-2:35PM ET",0x51dcfba27586c391de127ab5a8e9baa4680d301a39f09db459e9b05f49102973,Up,48.00,104.166665,,,0x6402226bd507b7c00483dfe533a801da78a3ed5fb0a9323ba2455fcb251162f5
2026-06-04 18:31:40,"Bitcoin Up or Down - June 4, 2:30PM-2:45PM ET",0x061b207481cf9dc7bad7c8bd43dc5ab08279152de197ef0c762d58cebb490386,Down,54.00,2.074073,,,0xcba40f832c58789fb87e71cf756d0f3b86b7086936503e9d83027ddd20d141c2
2026-06-04 18:31:40,Will the highest temperature in Wuhan be 35°C on June 5?,0x1fed89de5af41fc1bc638cf751b4b4c1ee84cb2ff437eba2812788e0e5a72979,No,90.00,5,,,0x3a5bb627790c38292ffaefae27e5d40e537ff2893a3bbbaebaadf89e028347d4
2026-06-04 18:31:40,Will the highest temperature in Wuhan be 36°C on June 5?,0xfda0a41538cac28a9beb3b94cbfcafe5783cef354fa6f9fe2ef1b74c383b5ddc,Yes,7.99,52.816066,,,0x8c97148e277fee9c77052080877d081e1fb219ef70be463bc866044e9bcbf6cf
2026-06-04 18:31:40,Will the highest temperature in Wuhan be 31°C on June 5?,0x6cb1cd5768395d4a09cf0e41f48cb0b358714fabeaa1cff2e93b35c46635268d,No,97.36,5,,,0x21f0b3fad7f53c0952e242bcc71f759b96c281f1378858803ce209df0d37b255
2026-06-04 18:31:40,"Will the price of Bitcoin be above $64,000 on June 5?",0x34ecf20e4baddd4062279778e96ce898d91a845dd1b60289aaaf05cdf7d64a38,No,50.10,0.12,,,0xc12b4286eadfa130651dc3212e68aec3c130ce9d3315f7732f2318e62829d307
2026-06-04 18:31:40,"Ethereum Up or Down - June 4, 2:30PM-2:35PM ET",0x86ef98a9e5ca2ea5dc2e9053559b1221ff292d54ba6752bf6e3a5c5b5f426eef,Up,26.00,17,,,0x1984b13938154ac1cfa1c2e1ba36d5f94396b6a29f06f8c5ffc811acd957fab2
2026-06-04 18:31:40,Will the highest temperature in Wuhan be 34°C on June 5?,0x8bb3269d34b768d7ecfb6e9f72359f08cf4529dae776d83a2126ecfdee259f55,No,68.00,5,,,0x3b067d79ab7bb88e5b308e842a3b7fb17fa5130a6c25e4fffd1fc47c31ab928a
2026-06-04 18:31:40,"Bitcoin Up or Down - June 4, 2:30PM-2:35PM ET",0x51dcfba27586c391de127ab5a8e9baa4680d301a39f09db459e9b05f49102973,Down,53.00,35,,,0xd72fac1a9c9e50fcba7f8fea05d42f381c90635a47258f14fa0191469ecfe94c
2026-06-04 18:31:40,Will the highest temperature in New York City be between 86-87°F on June 4?,0xe2787237e88e6ded1a7ad389b4340ca4bc17e4d16413be5e17e8805f30ea1329,Yes,42.68,58.49,,,0x7ba266d29a5f55322864c9dd862be0be4b56714b5939414568dd51ff504f8fcb
2026-06-04 18:31:40,Will the highest temperature in Wuhan be 36°C on June 5?,0xfda0a41538cac28a9beb3b94cbfcafe5783cef354fa6f9fe2ef1b74c383b5ddc,Yes,2.98,148.22,,,0x11b6548a71722cd2ec157967d770e1ff5ba393c4e8efe4f0c2a31196e5dfaaab
2026-06-04 18:31:40,"Bitcoin Up or Down - June 4, 2PM ET",0x3abc093600d2793741018001059df76f55349e8d9e5737c23816bbb5a0f42225,Down,16.00,10,,,0xdcf18a37fe7316f8694b382ab68577d13ad9bd5eb4539696cf644a945fc8b081
2026-06-04 18:31:40,"Bitcoin Up or Down - June 4, 2:30PM-2:35PM ET",0x51dcfba27586c391de127ab5a8e9baa4680d301a39f09db459e9b05f49102973,Up,43.00,3,,,0x606e97f7b19d72121e22168c62f4b4f57e0dce80644a701a2e01cfee116501bb
2026-06-04 18:31:40,"Bitcoin Up or Down - June 4, 2:30PM-2:35PM ET",0x51dcfba27586c391de127ab5a8e9baa4680d301a39f09db459e9b05f49102973,Down,58.00,1.89655,,,0x54465644f1cbc182085751f63ef748397cccf4df6f1541c62f5bf80961c3ac45
2026-06-04 18:31:40,"Ethereum Up or Down - June 4, 2:30PM-2:35PM ET",0x86ef98a9e5ca2ea5dc2e9053559b1221ff292d54ba6752bf6e3a5c5b5f426eef,Down,76.00,1,,,0xfd49f361a7f97ee2cc3aa5b88760e9e2cd653a490990ede38f946d3e43a83b73
2026-06-04 18:31:40,"Bitcoin Up or Down - June 4, 2:30PM-2:35PM ET",0x51dcfba27586c391de127ab5a8e9baa4680d301a39f09db459e9b05f49102973,Up,43.00,5.581394,,,0x0be5a6753449c4a5a3a1e35ea886bb23c1910bfcad46529fcca3a3ce22b412d9
2026-06-04 18:31:40,Cleveland Guardians vs. New York Yankees,0xfdbba7f905701ebf33b6c83d38d8d39a1c40c49ea0f36d86bf0571aed682f2c6,Cleveland Guardians,46.00,5,,,0x930fbdc5d62cd2fd5f3c9634a743f23d4f11464250d298f321a64b267d79c279
2026-06-04 18:31:40,"Bitcoin Up or Down - June 4, 2:30PM-2:35PM ET",0x51dcfba27586c391de127ab5a8e9baa4680d301a39f09db459e9b05f49102973,Down,58.00,5,,,0x5e1c50d98f52534f7d25c72de826bb9439ebdf625bc504a3879427ac250adb5e
2026-06-04 18:31:40,"Will the price of Bitcoin be above $60,000 on June 5?",0x007c4167457c4191e8f5b73be321ae1fddc1fe11c9b1b554f8e4bbccc8f169e8,No,2.60,43.846152,,,0xc25b4d87b7acfc22b0c078341c05480475c4b44054aad11619f27bec02fe418d
2026-06-04 18:31:40,"Will the price of Bitcoin be between $64,000 and $66,000 on June 5?",0x1c6c6b22c9b50bd41d4ad92e6e43a18dea7cf3e97d95df611646191e2d6b83c6,Yes,36.90,3,,,0xdd40ee7cf1608afc6ad59f6079456a28c7def3b6b40c04cae3ba2568127efe5e
2026-06-04 18:31:40,"Ethereum Up or Down - June 4, 2:30PM-2:35PM ET",0x86ef98a9e5ca2ea5dc2e9053559b1221ff292d54ba6752bf6e3a5c5b5f426eef,Down,76.00,10,,,0x403b2a3fdb778d39708409830b355b45bc942bfcff3776cf8b602a6add2afa2d
2026-06-04 18:31:40,"Bitcoin Up or Down - June 4, 2:30PM-2:35PM ET",0x51dcfba27586c391de127ab5a8e9baa4680d301a39f09db459e9b05f49102973,Down,58.00,20,,,0x152b9b7a1ad1b829555908098582e388456e22920dd46e36ce0d8827167968b9
2026-06-04 18:31:40,Will Spain win on 2026-06-04?,0x3ba76e968cee1824d5fc64631662fd7176618a2767f5feec0b70be6d0575082b,Yes,93.00,36.903214,,,0x730578aa9a6d20b258720c8cf0e49e9260f941bce0c457851be4ca23812f000e
2026-06-04 18:31:40,"Bitcoin Up or Down - June 4, 2:30PM-2:45PM ET",0x061b207481cf9dc7bad7c8bd43dc5ab08279152de197ef0c762d58cebb490386,Down,56.00,2.035713,,,0x190bda75498f61a92973d0ccd7bc2caf08095c7450c5ab010a2bc819462506d1
2026-06-04 18:31:40,"Bitcoin Up or Down - June 4, 2:30PM-2:35PM ET",0x51dcfba27586c391de127ab5a8e9baa4680d301a39f09db459e9b05f49102973,Down,58.00,25,,,0x8632f6c033a7121d99ef6f34bb32e63845b95b0f46c5c95bba7db08224058a38
2026-06-04 18:31:40,"Bitcoin Up or Down - June 4, 2:30PM-2:35PM ET",0x51dcfba27586c391de127ab5a8e9baa4680d301a39f09db459e9b05f49102973,Down,58.00,12.224135,,,0xb0193d9d52e69f8dc6ca3fb3b86b1be94b970c2049a6833f4322847028e94ae7
2026-06-04 18:31:40,"Bitcoin Up or Down - June 4, 2:30PM-2:35PM ET",0x51dcfba27586c391de127ab5a8e9baa4680d301a39f09db459e9b05f49102973,Down,58.00,4.310342,,,0xcbd1928f566ff1385044c29bb74d44aebfde6aecac8bdc2c14222d87c25f34ed
2026-06-04 18:31:40,"Bitcoin Up or Down - June 4, 2:30PM-2:35PM ET",0x51dcfba27586c391de127ab5a8e9baa4680d301a39f09db459e9b05f49102973,Down,58.00,3.448273,,,0x85cb52ac50ef537979f6a15f1930d124fd6e50474749b63d2fb82ab7958f3b14
2026-06-04 18:31:40,Will Praggnanandhaa Rameshbabu win Norway Chess 2026?,0xeaedebbb5dbf7023078ade9bcddf30252b30fc02c3968a52f01f68258b8b6ffc,No,53.97,100,,,0xa8f361f240d6175875635abd7534b528d3307dd37f484d4791bc920fbea55b62
2026-06-04 18:31:40,Bitcoin Up or Down on June 5?,0xe5841b2972dc200d23ede725279fabe137837f305d2912991cf3735a105c1001,Down,48.00,23,,,0xabb7e8f32697b516e2192efab2ba7863e0985a8bd29b612e8f65d18024b559bf
2026-06-04 18:31:40,"Bitcoin Up or Down - June 4, 2:30PM-2:35PM ET",0x51dcfba27586c391de127ab5a8e9baa4680d301a39f09db459e9b05f49102973,Down,58.00,10,,,0x39b56bfb3f01a7b6796b869889868ed481abb156bbb5305dca614ff5c80bbd5a
2026-06-04 18:31:40,"Bitcoin Up or Down - June 4, 2:30PM-2:35PM ET",0x51dcfba27586c391de127ab5a8e9baa4680d301a39f09db459e9b05f49102973,Down,58.00,10,,,0xff607d515c92e1c4b2fd4bbddddcd264ed0b66577d85efa2ec3da382d0e99908
2026-06-04 18:31:40,Will the highest temperature in Wuhan be 32°C on June 5?,0xd39c3081ba6d7beb7ad8beaba32562e0cf25c3e9d86008be0d1d23f7c95d487e,No,86.00,5,,,0x9be813a675b66d5d76cfe9b4dd5816c47a0852d646a4ad45c73426289a78d2d9
2026-06-04 18:31:40,Will Trump praise Delcy Rodriguez by June 30?,0x2e627b039e20420b37405299bcc5fcf1609380ac8479ba067196069d754dc651,No,66.00,2.01515,,,0x9efc9bed174a4e1c472cf4e6737b87cb6a31428f056d53e5697e8c1c03ec9b75
2026-06-04 18:31:40,"Bitcoin Up or Down - June 4, 2:30PM-2:35PM ET",0x51dcfba27586c391de127ab5a8e9baa4680d301a39f09db459e9b05f49102973,Down,58.00,1.724135,,,0x76c06a7452fbb85f5b5f8d6e2dd9f4e0a1b44b4a0ead39917c10fecb867360e1
2026-06-04 18:31:40,"Bitcoin Up or Down - June 4, 2:30PM-2:35PM ET",0x51dcfba27586c391de127ab5a8e9baa4680d301a39f09db459e9b05f49102973,Down,58.00,6,,,0xf1cde0b01e3a82668507458a6f53f6e37bfa5fe182080d923a95b264becf5bd6
2026-06-04 18:31:40,"Bitcoin Up or Down - June 4, 2:30PM-2:35PM ET",0x51dcfba27586c391de127ab5a8e9baa4680d301a39f09db459e9b05f49102973,Down,58.00,5,,,0x21138466be2177eca2635acffc267be2835667c1e9b02057e7fdd7820bc2ba24
2026-06-04 18:31:40,"Ethereum Up or Down - June 4, 2:30PM-2:35PM ET",0x86ef98a9e5ca2ea5dc2e9053559b1221ff292d54ba6752bf6e3a5c5b5f426eef,Up,22.08,3,,,0x761aa84fa6a508da68661e7bfbaefebde9f6190ba417df9bad8ab756f620717b
2026-06-04 18:31:40,"Bitcoin Up or Down - June 4, 2:30PM-2:35PM ET",0x51dcfba27586c391de127ab5a8e9baa4680d301a39f09db459e9b05f49102973,Down,58.00,5,,,0x55d79796cda57912b5519652e7adf5a77470b5976533779dd1e0399851381984
2026-06-04 18:31:40,"Bitcoin Up or Down - June 4, 2:30PM-2:35PM ET",0x51dcfba27586c391de127ab5a8e9baa4680d301a39f09db459e9b05f49102973,Down,58.00,5,,,0x04a8079afb6e4569b8cd427374a3263eeae7593b15bbe300d2dcd4562e497d80
2026-06-04 18:31:40,Counter-Strike: M80 vs NRG (BO3) - IEM Cologne Major Stage 1,0xca57b20c69fc5219ae2e4c2d747689ebdcea7702558b86d99d25ae958908262f,M80,68.00,7.35294,,,0x4eb38cc06996005a2c7a1fa4222184e80edaec148938965d48a603d0d56cfa36
2026-06-04 18:31:40,"Bitcoin Up or Down - June 4, 2:30PM-2:35PM ET",0x51dcfba27586c391de127ab5a8e9baa4680d301a39f09db459e9b05f49102973,Down,58.00,5,,,0x8c447b5404a5629f8e4aace34d6cc261c8bfaf913a04076f03a6f2e7a7f4be30
2026-06-04 18:31:40,"Bitcoin Up or Down - June 4, 2:30PM-2:35PM ET",0x51dcfba27586c391de127ab5a8e9baa4680d301a39f09db459e9b05f49102973,Down,58.00,5,,,0xc2eb8c810a92fd5b513e48d4b18a0ae06bd627e28238d7042fc6c65ebfcf6c4e
2026-06-04 18:31:40,"Will the price of Bitcoin be above $64,000 on June 5?",0x34ecf20e4baddd4062279778e96ce898d91a845dd1b60289aaaf05cdf7d64a38,No,50.00,0.01,,,0xd45e3d0d9f8fb9f1de098231a6574a4c464f41040820e27f693ee8e7d8547cab
